feature_00,feature_01,feature_02,feature_03,feature_04,feature_05,feature_06,feature_07,feature_08,feature_09,feature_10,feature_11,target
-0.8821341862625403,1.5897663147833185,-2.648792260444393,0.5982344802956465,3.6530106674804657,1.2076393222827388,0.569842575708439,1.9304051068024937,1.4561890447168149,-0.859911195741209,-0.27876541330443994,-4.807037299362163,1
0.3187338991923303,-1.219912609541799,-3.51888485313103,-3.9148371212920656,-0.08815882520374774,-1.1067127536922186,0.5656807446179329,-1.872932290567126,1.2052263208567224,0.2704837761099131,-0.12180101168692037,-2.014919901819264,0
1.7149133271742514,1.4825804306548673,-0.8441538547087526,-3.1918721888677255,-2.05052077887649,1.6536641005795487,-0.4723527605559411,-2.97989991646213,-2.91833346360115,-0.20798216496622418,-2.7799035398983643,1.7774419361318263,1
-1.2252837651103743,-0.8704904925291415,-1.7334575336673248,-2.6206185797506834,3.11591706992676,-1.8191217033339147,2.041789669420362,0.047392955549204085,2.4852122249824187,-0.8198424184528124,1.5847807565053724,-4.150840985635443,0
0.9103059361926407,-1.3608061207783864,0.04654807194996802,-1.7688738841878318,-0.6203188718503059,-0.8702911155701265,-1.4110226277749618,-1.4330410310576327,-0.6476711616646038,-0.6019367621890407,-0.26299214537359916,2.511466450422956,1
-0.9987401467774273,0.5733086922407507,-2.846073221714782,-1.2866998187508132,3.0378290826024696,-0.3318507973487659,1.057643254902272,-0.38975761434521417,3.437582367216264,-2.4284677516955657,2.98710034108349,-1.6389121252216559,0
0.9669810692058803,1.9790635315121816,-2.4738300251262135,-0.23092090047447955,1.339343463828559,1.383380783951606,0.8811583718010262,-0.0663998917668438,0.6581525727552594,0.20672684713210876,-0.11905119096554184,-2.0694673539208157,1
-0.9372667730759745,0.7401081783859473,-0.6202420745436521,-3.2108803663089227,-0.8226235308947192,3.8286798156061295,-1.7738368412811385,-3.3754514101975106,-2.95776994641722,-0.20862123872414817,-1.4829656051731834,4.626733760291415,1
0.3895701485195069,-0.6535078768384892,0.07845480063173693,0.019370297314707467,2.8898050874111707,0.1874898441853785,3.615917615779219,0.7328119127355119,1.2812212765274837,-2.0477499937897936,2.4704772233325034,-2.618639457777124,0
-0.613461421339931,0.69846841742941,-3.422838480191945,2.4901149843596553,0.8407071752308131,1.873596993821418,-1.0137668606820378,2.841418519087984,1.3403656674254236,0.3396936897262657,2.695566758127242,0.45702359938115183,1
0.26934032304303335,-2.9429169036078893,-2.7391662404319987,-2.634900199726887,1.7645333702128103,-0.5528637265652228,1.31605390818016,-0.6749117577189432,1.1032937022013658,0.3757811288604319,-1.0683212159425561,-4.534370147931862,1
0.5344607801882804,2.0863502401835508,1.1558745646048338,0.9895516527259332,-1.4249189025280804,1.3899617107907427,-3.374287180919713,-0.45614905392300953,-1.8259796168304916,-0.5731602200293155,1.1395172780660225,7.5137256868101145,1
-0.6808803653071953,-0.8068080332713884,-1.6616858365983056,-1.6141179542248771,3.221047961286688,-0.07765341014372185,1.3115751246454825,0.5409756360583339,0.8277697443133778,-1.0066421969642496,-1.1896565550441782,-5.289980084369574,1
-3.79492835426674,-0.45828105767029526,-1.0794378557196274,0.49466130064748276,5.666330148374729,0.8970716483116721,-1.2359031687850626,3.6661650571915443,0.4407830750783892,-0.27537618594086155,-1.9511957257709576,-6.142138309773173,0
0.3956897769410088,0.04288724740225237,1.8519029595935286,-2.5797743964289435,0.6839339027123242,-3.15245867458815,2.364043109078178,-0.033116473692330395,-0.16553542000057594,0.18230544914048175,1.2749944953218482,-1.230067754411119,1
-0.8564920175597788,-0.7914683145367829,-2.013482613249046,0.024020458038483756,3.3578913562549912,0.14647738243128683,1.6556025781849317,1.2729604479665126,2.3942761644927555,-0.5883210349600975,2.1973552829952023,-3.1729287992499393,0
-0.03948044229826997,0.16668252648669207,-0.2695042935665888,0.05880221752130303,2.7291080033758885,-1.4523444230406053,1.701289836448554,1.7017234577127294,1.5173081818657996,-0.10320194992339556,1.4922560269588045,-3.2134377383681993,0
1.678621782578835,0.7048904968474667,-0.8201254584251173,-1.0446883701833194,-1.5188693434211287,-0.5367355745933828,-0.12687440388985238,0.2895345503879294,-1.6056184211458373,0.11761078803827575,-1.2342364788709936,-0.32438781413286344,1
-1.3233845676120088,0.7676824904712543,-3.995760656872656,-0.02543917659229735,2.197032268252772,0.02640207447998688,-1.1327749284600224,1.348947534916591,2.718887881409309,0.8267358487762243,1.6616619469387666,-1.8104686556390033,1
-0.5987118778597589,-2.5411462761815424,-2.8209672694249512,-4.116485680225399,1.2629650053779629,-2.599187975743824,0.04677639117544552,-2.3372898398365036,3.1143590170484927,0.4301727399786409,1.9287958580659161,-0.606941130109129,0
2.1406688709263584,0.025796437785588724,-5.825830911504102,-2.4632309645045805,0.32098106052636155,-1.885230584539284,-0.6882939552091791,-2.788816003539602,4.530689436571888,0.8121391372276796,1.2579149234381422,-1.097054973572475,0
-0.617314017871736,1.0607544647454126,0.38557013741015034,-0.4277833800990788,2.5388620907174264,-1.0254309649424096,1.6335437420947283,1.7898041941675809,0.3390298255649481,-1.2447498144280529,0.7014037976379991,-3.1940431532467835,0
1.868838466188696,-1.717867199232095,0.7384196484314909,-3.674981225941863,-3.6360962091992732,3.535027018711654,-0.8303791849060694,-3.9301654291666335,-5.85768177924322,-0.4348323354172935,-4.141584227355227,4.4266905108271795,1
-1.6997609727686278,1.960674986088848,-1.1910468923750206,-0.7807698054501288,2.9457994885792425,0.6453401593472702,0.7332385603816831,1.2141076787287566,0.6091473286660023,1.4321285401575012,0.5031661751497856,-2.817154892549604,1
-0.14643739754568075,0.9359993957487727,-0.6164253918121998,3.553639274401712,3.0556447008664116,2.414638234971545,0.5894128222907637,3.1426785433038065,0.6091082918404465,-0.7168055218731446,1.744710953779356,-1.1637072817674698,1
1.8166970079294287,-2.4478808394012903,-2.101710010974611,-0.7047527540832732,1.8381882039632906,-1.9247131679287017,0.5652731587987578,-1.0880602365499379,3.338346652396488,0.19606767510361878,1.7380595972486477,-1.1629166017424408,0
0.4273976176838248,1.453897510947083,3.2261218413975263,-0.4331131410342502,-0.42865844276264276,-1.1379899684750776,2.24900433524978,2.6575536023788024,-3.589467509744279,-0.11687091816113182,-0.6339413511871856,-1.6328247499672959,0
3.778955329248861,-0.7126932687600411,-3.1062024894483167,0.45844336133651936,-1.5394151444725905,-2.1205497346792224,0.28862202492770395,-0.19434757451293905,2.430284266279228,0.5025547429584104,2.2292626332538124,0.5428548872077278,1
0.11504798156355234,-0.6544059264181498,0.20310421755296804,0.014904488224321395,0.3747472072737965,0.405006945304931,-1.9642038564615056,-0.12815831646921527,-0.6054438122770057,0.3461011449480532,0.280733855433406,2.90435291989262,1
-1.4293208629213123,-1.682195261452754,-3.5269261616062915,-5.268341163464172,-0.7336823281366114,1.4648876261893171,3.020430694678775,-1.151581577301264,-1.452224395210309,0.4139868269591313,-0.5664152843055879,-3.67820093007775,0
1.1683378871461891,1.0648751963662537,0.5417367845880585,-0.35236503346256687,0.8210453083811047,-2.007853601251328,2.696008397942961,1.1748635116679846,0.6829623220376215,-0.5244154561185589,2.2742297180481357,-1.6057496082982528,0
0.9023543970933854,-1.7163684018017962,3.5101185203267797,-1.3343467508486304,-0.49964525884426525,-1.6694589492682754,2.9587006898599295,1.5638435899809395,-3.2782601736080483,-1.0732110461498128,-0.37421727039279795,-1.4701627631562144,0
2.9796775636279795,-1.1712568392451839,0.9713297746759308,1.712466709992317,-1.2971740165994017,0.061789843104318454,2.514297392579329,1.8886738428734775,-1.601622086679439,-0.7375283651361643,1.3747481694163617,0.2170941130539574,0
1.5890633537530883,0.4550409100159836,-6.221339241905076,-2.2648751114799333,-1.4756535598740432,-0.78213257590247,1.490707336156781,0.5045154976724835,1.3261152358011254,0.18571505449749676,-0.371787425797234,-5.126106419266367,0
3.884480019265439,-2.5314779700825354,-0.42934494597026807,0.7333362592064753,-1.2722338633924724,-1.7355406478461441,2.983469857459813,-0.1796859443110983,1.6325772804825998,-1.0074502080668442,4.240660248176936,1.6739207229309034,0
1.4941829418392623,-0.0507650723377247,-0.20623413240383548,-0.2721801877924525,0.9710663558742233,-1.0286825513442608,1.7849997245307636,-0.6155805244247411,1.7984968074155485,0.017324709353076655,3.2499303557073915,1.0403610695614454,0
-1.5017534669470693,-0.3599750045462921,1.2998759701220686,-0.1341958486803183,2.6488537321396963,0.5134319530986129,2.2760147874783083,3.0745643793255963,-1.8320624241966756,1.7535153359567137,-0.671699638397709,-4.49594820037145,0
-0.8988480535231123,3.5727255716519477,-2.0010160181607803,-4.1723831125461945,0.38344685632479947,-1.354800655950175,1.214034707917266,-2.198770395344214,1.7149615727739043,-0.596300646630139,2.7220259077381237,0.6140845639453162,0
0.09037686098004838,0.12723178165156146,-2.183760214311108,0.9547204395542492,1.7399081369231975,2.737836773094405,0.5708903570373022,1.8970994565536485,-0.8993434651045095,-1.5192078762992567,-1.564910444782601,-3.585213415426883,1
0.5516190789898754,-2.2620882897232586,-0.6012181535087544,-2.797151067438587,1.3302446818960596,2.202134971501584,2.9001378601480736,-1.8169347409252354,-1.4985036471821727,0.0661145719289269,-1.5532874337409732,-2.7034662389212007,0
0.5956761284487013,2.283634987530713,-1.2330192721280933,0.5477299883743911,1.4651456157965728,0.9159577539087924,2.2639293540550245,1.3701262064459558,0.4786550377545696,1.3330277986968013,1.506891716333665,-2.188762206599751,1
1.9398993816361245,-0.36456525104983944,-3.40383037544918,-1.4403920710006308,-0.16940580658456272,1.009868956070306,1.1774121473258996,-1.1323304051894933,0.42661869483003717,1.2791530869038206,-0.6267122095898354,-2.0568193615459354,1
1.141653332917679,1.0124398793083702,-3.3604342374665985,3.1525353012794066,2.6435480586363465,0.6738048680991342,0.8205404159140133,2.3720982992042576,3.5164173008252604,-0.07121620482281646,3.1792806446182795,-2.0649144904564176,0
2.7475543878596573,-0.25839415981252806,-5.1506707292923295,0.7363687190726969,0.7683969553655854,-4.515006266954313,-0.027200179326066998,2.0612908722483514,4.972491507017209,-0.21786873816012,1.5947619158068043,-5.088293831699277,0
0.9827037250263728,-1.406842527269064,2.3109224653875597,0.6447812182920102,-2.2299340344120298,2.2970856637559836,-2.7036721025276096,-0.5118268223771542,-4.049961606350947,1.161177701059641,-0.5801359121735932,7.141461430923411,1
-0.29689890054692114,1.1874747814269293,-3.167928425195103,-3.8134260052533437,-0.13050742083117584,0.4842218161376426,2.2998012286083167,-1.4180410233668552,0.2800440028534866,2.257039875342436,0.7535959516080375,-2.124910538616667,0
-0.08353294996052685,0.7362353471964246,-7.428516116784495,-4.918635767862286,0.44059126744976196,-3.3761357930967915,-0.7864287443156943,-1.1530954475208475,3.7971198152599617,-0.5672353729328713,-1.2991930572842552,-6.405532630552287,0
3.22105990865162,-0.35093020779520395,1.5368705774565896,2.4421552181193524,-2.1967258216569103,0.706918135631581,1.8443621066679903,2.582260029056557,-3.081902324931682,0.6500866371101931,0.4215211728645497,0.9189008522752252,0
1.4286555140106254,-0.9176384441584741,-0.015263247236360078,-0.15878599012467995,-1.9799613533151308,0.9814497313378988,-1.4222904499876696,-0.13561677081879076,-2.4151449184076594,-1.0885837969728256,-0.7031506864234958,3.2120552250446464,1
-0.9837459042823236,-0.9014391919535222,-2.028418405558644,-5.538444084409176,2.564627828796001,-3.4115797885072974,-1.8084531866658355,-5.445949959503157,4.793654184928461,1.109970032284352,2.511648400319877,2.673465992085353,0
-0.1288632806965586,-0.5479637682883041,-1.3715642397207535,-3.6601297367792465,-0.483917028230045,0.17588431004356564,-0.0355472105398833,-1.713601723881149,-1.3074128966381615,-1.476451931247371,-1.4574833055117187,-0.40262990190674514,1
2.16198202677991,-0.22267609318275422,-0.9506070288900772,-2.027943579176494,-0.09217081300328878,-0.7461730396446573,0.13894018968855248,-3.127317892706883,1.2795423373383754,0.7767756626976537,1.2537060056788891,2.5023425964483748,0
0.6787238977889134,-3.1590086082778934,-2.5339096374712695,-3.5436720930700862,0.38546489000329376,0.27191442800794496,2.3355868961465394,-1.6356445960660138,-0.013775056692947808,0.5973834232296121,-0.8238996681437267,-3.337231992226357,1
2.131704660503079,1.0237554284632397,-0.8161264430179527,-0.033697196990109694,0.33577899829928837,-3.035447852055565,0.6161079584291189,-0.1464592252346837,2.770091724774253,-0.3227712935989229,3.3258615470857364,0.9951377375594747,0
2.279329205326702,0.2662892470085598,-2.993520668111346,0.7137424717777935,1.6507205956502946,-1.6902447633739914,1.661878634404667,1.0092170065165853,3.2270186676376404,0.6330342903055848,1.6999078614253258,-3.7050021467272534,0
3.436165147175549,-1.096788162423547,-0.496081154243472,-5.517028020408943,-2.1951412111817383,-0.15549727637352517,2.8579619727545698,-2.8664373923506252,-4.483413023438762,0.5147853702162796,-6.840022638761766,-5.559351073178719,1
-0.823375680501004,1.7360880868693451,-2.086032577600861,3.6474479815227725,1.4642592934797656,2.807524120436592,-0.7688391997941091,4.267646804618098,-0.2217151001784747,-0.6159541444293619,1.302743487504256,-0.8003818910278904,1
1.4266853268526378,-0.11067656092072616,1.8278331776646755,-1.1066422434076182,-2.934257001886172,2.0517802128558342,-1.3339558714778537,-1.0718752626046733,-4.95830114828218,-0.03143902579792019,-2.1851060631073733,4.683706824994777,1
1.1607298528732266,-0.4347258523151294,1.3393155341975715,1.6356501018674943,-0.050302470998550675,1.0432068832560792,2.0072728416446988,3.037519901457899,-2.738888763689221,-0.33483123717575786,-0.2517619026875637,-1.596061480559594,0
0.042002671501017996,0.7741873848354447,-0.8566937852144714,4.294259621573865,2.754186090566816,2.9606994299763802,0.41467862224264906,3.8085176601822326,0.17725988968083076,-1.1428681235315288,1.4212219758351343,-1.3292015330653635,1
-0.5964207992609221,-0.3607625721344824,0.10611315782621733,-3.969600247089352,3.5979848642339345,0.2866114310619524,3.247749865374341,-1.200044824434806,-0.925575492450108,1.100897897232452,-3.155651115058137,-6.809660751279619,1
2.820118862613616,-1.1319589992291945,2.146662885429714,-1.2889102116609248,-0.7761970255412916,-3.730695043013508,3.7799942371102917,-0.015181502513201384,0.22550078424654751,-1.706756818730478,2.905292985589038,-0.045060135238642496,0
1.6664649533514697,-1.4233496634409857,-0.4784926105551778,-2.898734820863178,-1.2165676905675378,-0.025495327696223535,0.4108794446607167,-1.4480063178851568,-2.403981608957398,0.7218758249056451,-2.9344696907778403,-1.1415250874379084,1
4.396129084802241,-0.5868592153723512,2.6117732106307376,2.2589358215639597,-3.2592727654211995,0.10740039778002464,4.468307394708912,2.7004456326843176,-3.6409996628532,0.2750580683163041,1.6360405013592398,0.6540200720489358,0
2.9427788448887,0.16533936046469805,3.104060308370149,2.7059144329680542,-2.4240160006944347,1.2205726007941171,4.414051420103735,4.387272772846559,-5.102102195276018,0.24325789237888523,0.219572836065431,-1.2466006437274355,0
-0.5924591526624376,-0.5395564699987404,-3.4574658642535683,4.170677815915845,1.10293496204793,2.7602252281223265,-0.6666855517978787,4.761370480525362,0.6696909683544685,-1.9712537091064803,2.22361926356038,-1.0584547154942388,1
0.3178457902331351,-3.5475934422623276,-3.795687490600597,0.2350604902188252,-0.423180035469944,2.0713864806071887,-1.4142044641028686,1.0312419533519763,-0.4917030437963919,-0.9636196574058971,-0.9787952582442665,-0.8094391775273316,1
2.1628468276869945,1.4972964918719474,-0.9981778371423728,1.250277280733905,1.320392905895691,2.396754239231237,3.0027471364021103,0.7877772865066781,-0.44639308960660157,1.5431281846735436,0.11354522426683156,-2.6610852770007156,1
-0.1420370356250653,0.250743031171017,-1.69818042109589,-2.2724998301207107,0.8069192018030191,0.37106098353232864,3.068214130534577,0.16896665634181018,-0.10573900914812889,2.0976246163764856,0.7436990423454025,-3.3047132633962364,0
-1.52118770846905,0.38702836780377664,0.3446290564714136,-3.2150450583784838,1.2902971497719553,-1.2610047870878984,-1.674946161081568,-2.043146150698079,0.48469017077917365,0.978623500357145,0.843971777007759,2.662999327078761,1
-0.0691118965144415,0.7880677810935313,-0.3692018117584577,-0.8178411506285438,1.2843394655933544,-2.7988336792873376,-2.3689664613202357,0.3762691822652674,1.3006154535067038,-1.5796388106378376,0.1233642630127183,0.2805086684993728,0
1.7889570014005867,-0.9208056960801708,1.4265889809087677,-2.2676686368962105,-3.053658516618894,2.0877663563793565,0.4893719521265385,-0.7941377769610958,-6.025868979622264,-0.8705671277941168,-4.190213265461456,0.8168916006586953,0
-1.2086764490569735,-0.5270179779435791,-0.4582796634590659,-2.521563830742112,3.0721680257659303,-2.5502052848844854,-0.24728681713481082,-0.44349868785308777,1.9931268253799523,0.6899671706381076,0.4352927693559432,-2.187825919385522,0
1.2325484570269052,-1.2059352378400403,0.8922392222519075,-0.03925099860353323,-0.19411559664417033,-0.8420741288584245,1.0087864513577007,1.0941531494657282,-1.0923351301806323,-0.7128561122439186,0.5395986440606645,-0.055660690714774,0
0.8523952343626962,-0.25046828205934096,-1.4608959772785672,0.2947527162149318,-0.2411417528221922,0.24768748324328127,-1.1465689363456493,0.775112756194843,-0.3120259991191294,1.7170826561431667,-0.06953123851913201,0.5403021987203729,1
3.4863535168112207,-2.105970573933367,1.1107970198644548,-1.1620595404934506,-2.3126247051888527,-3.7453070852650505,1.246218899394118,-1.0268503574876793,0.4076230545654043,-0.362131556954333,2.6736842800701233,3.0013937279321916,0
1.0359746747155167,1.7225753425589327,0.8686866237182613,0.38948700192138674,1.1429893974963308,-0.7342831151779481,4.190704665192322,2.2245786962924132,-0.19568378437738337,1.7808839829389187,2.21592374814127,-2.990923041639907,0
3.2051836133901013,0.5905655339071628,0.8025757525012234,-1.1260392316480883,-1.8340284373238596,-3.019664113536467,1.0954954748091155,-1.266512524886484,0.5010859304395708,-1.4088955350875951,2.467621080311789,2.9215060417934824,0
-2.0839809301508803,-0.6551701476103602,-3.401652788646857,-2.2488302963153077,4.506759260248592,-2.4813314280451824,-1.8635704227148768,-1.1158528503103777,5.322986966235797,-0.22180629073944835,2.1359432105513525,-1.7086992507847196,0
2.7072537477985907,-2.4410385479050136,-1.6462576390262988,-1.463064044310636,-1.4024874195197425,0.34554015217834966,1.0227461369215949,-2.333796221462145,0.26930984152392234,0.6689171725280519,1.2457767134294213,2.1489301846832545,0
-0.057398617388994655,-1.503593622160842,-4.8637744899243245,-4.26932709602536,0.4462232366443507,-0.6477936135262322,1.1853690982011782,-1.0191083071917082,0.949244441756314,-1.0578492683470586,-1.7881063715007148,-5.64574331221136,0
1.2219784130903295,-2.145307164682904,-2.2142988573136497,-2.5024228255626495,0.5808649281262134,0.2264787956357347,3.3645385494682376,-1.8846002927659937,1.4354063976477667,0.8601554100590404,2.1972930861244135,-1.3079571547471285,1
-0.9798990513150976,0.327782604424932,-2.3443455917905185,-0.6802164476615474,3.04838299124572,-1.0385181834808304,-2.361184330846169,-0.03522512990612148,2.687596343411808,0.140409855055293,0.24234143859562451,-1.0450564992606148,0
0.02994861786767178,1.8440124835676568,-1.3124234241124633,2.720127498127441,2.8253743815077956,1.992710418636395,2.4278879314248982,2.4176012360656722,1.8308892131740895,-1.0789420610709712,3.922170391859189,-1.1084807301243622,1
2.325544726605062,0.3991961145985958,1.3850656295863266,-0.888445923064863,-3.593121494124933,2.7411983782054374,-2.027640428911449,-2.2202377998099205,-4.828453282637435,-0.36440569972593356,-2.1541148302731843,6.540569186646095,1
2.084055119964889,2.219714896933599,-5.073831076314166,-1.2126342335554274,1.0626209851687012,-2.970170707734264,-0.3323696245885215,-0.6410247241904458,4.506760306324502,2.1832662988658535,0.9602078011455025,-3.341707745394968,0
-0.43328731646580776,0.21746192449453605,-0.012948681955843089,-1.8474959282834813,-1.3713448132033943,1.4012921631757664,-0.8989600532391393,-0.3369132275827842,-2.9444323867961004,0.8337911146211626,-0.9476877998411268,2.2220543038934015,1
0.12400836400135073,0.489642045095613,-1.6615801889420254,-3.7289832648482077,-0.5937266549343174,0.677179710791796,2.3364168769955937,-0.9423735863325435,-1.7581230173167655,-0.7179448122591567,-1.2709302111220964,-2.777074087514322,1
0.699255737553556,-2.1585384368261655,-0.6470090054325874,0.8816385238986304,1.1819733934562269,0.3052886640238255,2.1424445192307147,1.8057619288764268,0.3897698493360455,0.6770530045844702,1.9134546151996021,-1.6571601725811544,0
-0.29635255569066477,-2.999457952694787,-2.7190987459911575,-5.124696659670485,1.1469392939196308,-2.379992024487936,-0.993342964968497,-4.43094402991021,3.2419081682673636,-0.4934330639904791,1.412360595133048,1.332177346439035,0
0.988207988017192,0.6219468230259575,-4.241729591218332,-2.0029666638033494,0.1389669955056796,-3.9639648397159055,-0.043158837947619766,0.09824858987709573,3.8233635728849116,0.29784022562854734,2.0851063108391688,-2.4964866750096397,0
0.8802681870195146,0.20124567348040134,3.1209058345105825,0.670510008255375,-1.3078811827632637,-0.4963105978612796,-1.462308161642719,1.427995810915638,-3.393652539736626,0.8621108575179993,-0.6274564443117994,3.438318417289121,1
0.9703177467446402,-0.4646436027871376,-0.8858426373472081,2.4965042554228076,-0.44041920949045665,3.069718160576344,0.8004113113888218,2.098431100479956,-1.3806441831452259,0.1533119506780632,1.7238964293241748,1.5592494641403123,1
0.8059589440900636,-0.6011194041163799,-2.090583095963502,2.4560583340990516,0.9010030060680483,1.4853621781611075,0.10105596959205276,2.5783017355108067,0.4202762760333174,1.6005768702055614,1.1321110173006645,-1.033723711572118,1
0.16137179432988802,0.6423139232409902,-3.1886175834318276,-3.7686147153435283,0.09995170529256292,0.6149252238992058,1.888964297578318,-1.6874370561151748,0.054040595165626246,-0.40735939580428,-0.5333974899983351,-2.785486469557898,0
-0.3087881717952272,-0.9613027543265811,-3.668684648049961,-1.9563536973136395,3.725911549920979,-1.461260733082937,1.8523340044473051,0.31761497549875917,3.352467588489942,0.9282739564631063,0.10158685552039537,-6.87896981164396,0
1.0122687747377814,-0.7211410013712977,1.125871273352645,-0.5242311104541486,-2.2226586183207546,0.36139778135342004,-2.5996072317612837,-1.1701277241541264,-2.13823393806212,-0.1401815887939711,0.5450981967470998,6.6030905579903525,1
0.636791325079954,2.406831252042822,-1.667144006110556,5.723968451975331,0.36519656065225914,3.7582153730332344,0.09479099624987386,4.902310991307783,-0.46830553129684094,2.8703897166468657,3.0101862925324525,1.1900063808953596,1
-1.4579485992320533,0.8775360422697381,0.7588673098557819,-1.1584337348931388,2.0512891673969387,-0.12541485281921982,0.9894865965779623,1.7868936010755103,-1.3797769682984422,0.35310077599002176,-0.8096819185518436,-3.031415147313948,0
1.197577122667076,-1.0629560955362447,-0.3813756750975402,2.8117748048576923,1.7959297241525194,1.3862680108853909,3.7877532539264296,3.734154468936783,-0.12983098139672697,0.4913391051136467,1.8669101470504494,-3.887971536541923,0
1.6467881210285034,0.03742224594742331,-0.8320309835074515,4.797181981338345,2.102062185233951,3.2746948066825796,1.808971716442242,3.620721717915382,-0.06308735707122196,2.199830133702082,1.4359731671103886,-1.7960744008814846,1
-0.1919642788664757,0.10695883955878692,-2.0067801119449475,-2.275565427597152,2.780164393851878,-3.230788747227404,0.5330208579934714,-0.8687755689224741,3.9695331421142064,-1.5056029163585969,2.305725899761251,-2.1402635075596623,0
-0.05615607339581219,-0.4068532188995262,-2.063381829132801,0.12574993262976236,2.065697593833338,1.7437234693516457,0.49562990324618417,0.789216414509439,0.2853037588401885,0.2780921605635637,-0.401307386139089,-2.502298773513566,1
2.238279865955852,-3.0747806640593094,-4.519246482809516,-1.1242438030359652,-0.7179836717058192,-0.648253208510058,1.509314294480089,-0.12134362312442715,1.8075821689218443,-0.7369887848484384,0.858773789473467,-2.8226123014733826,0
0.34565267883462636,2.633187810230362,-0.39285529781286765,-0.9266281483240986,1.5463479551350994,-2.1418134398704924,0.7758226311600378,0.3095084627633544,1.6737479001345845,0.041040118651138456,1.8397933826113904,-0.9424261853670154,0
-0.017826910867737134,-1.2455034033875365,-1.973208679319384,-1.311079667248131,4.026737809418505,-1.8406417166027467,1.6672351357067985,0.10392604394856986,3.3386364187792905,-0.6852075616917429,0.8468515638648044,-5.073338329822434,0
0.2660946259065684,0.1869972057918884,-2.1270122540500167,-1.0558334026963039,1.1660005488728666,1.1102201933073998,1.7712192397820679,-0.2830654509611963,0.7527611908252471,-0.7069407887117064,1.2476549818606861,-1.4472745828208853,1
0.33557848329059503,-1.6750257538098487,0.9313395434526361,1.54291729497353,0.7226968387356982,0.9471847700523461,1.163936836241245,3.2427371193121584,-2.288332222802294,-0.8344289834215036,-0.5843623685006187,-2.0923069580500826,0
0.05523500594450503,-1.3495821369260268,-3.0987819827507943,-4.028411002341822,0.17159692435612528,1.2457145446781712,2.105257998026321,-2.027559086810543,-0.35463723576023765,0.7910781764480729,-0.8820472547769682,-2.7999435101923904,0
0.11559321285362167,0.9716923736765165,-1.0140442373078762,1.3310836683593787,1.8596819118693233,0.1614889547802849,1.8334375649371861,2.22268667599858,1.3161860854584533,-0.4655422163275838,2.8248525802915925,-1.5619000122353524,1
-0.1273684537962949,-2.43031873636274,0.5976602262648365,-2.264158570398277,0.11657117853382726,1.8982232187461305,-1.0566117187774242,-1.9750902475702965,-2.5373984800787217,0.49196539162729275,-1.9600623445295398,2.1473922706174218,1
0.7370693104801747,-1.2653512097310842,-2.214320661077192,0.20210095838854064,0.5006862789758751,1.523136673869876,0.9735007268186544,1.497870694280214,-0.802319199371482,-0.3672432794083832,-0.9554045082523419,-3.023025144871339,1
0.27415383933618087,0.7133439273331137,-2.628541006874058,-1.1508577779202758,0.6798552791823884,-1.583553154264093,-0.3049070643105768,0.6900101649976069,1.440165252214731,-0.07908867974566153,0.37119767899853495,-2.1924992100431187,1
-1.4689015927433484,-0.7968933068575602,0.5634923845962858,-3.104064508809215,6.024034010394072,-0.4875002911328048,1.6818891316133842,-2.5128944028318827,2.5013432765780093,-2.0665134195495996,0.18107396529279418,-3.217884570171672,0
0.2713831755564664,-2.1534935966492648,0.08091570829296546,2.884388386498366,2.0000973513020783,3.3173958451961054,1.912105786060672,2.8200207076153374,-1.1563335814614149,-1.591086486638205,1.0375049252237953,-1.2749197666811836,1
1.0028645463770278,-1.9645712377503552,-1.7983981427967994,3.1362782829107987,2.5646608863476192,0.48432107817609715,1.6578037451531566,3.3026448521914658,1.9883489429097936,-0.035687962189546875,2.2788458741993636,-3.1650777865827964,0
1.0416107577972844,0.18436545121351433,-2.6666573664396296,-2.011214136071734,1.2347259953584082,-0.5691861049411326,1.8057226384544354,-1.0220426187089509,1.7517205109319158,1.1705965914801302,0.6649065630146329,-2.794615900437191,1
2.7754167932079135,0.1343383048976134,-1.665368562198517,0.11526663623115976,0.6902550018359976,-0.25846715598574,1.4634243192584866,-0.9664908368950081,1.805159261816664,-2.2151407708497026,1.5516949776230717,-0.30270786169656855,0
0.28042397467430646,-0.20263877984034043,-1.9303738120196703,-1.3991687092424399,-0.34025526145135143,0.1880994512437162,-0.30110389807296867,0.2738547699149767,-0.7243290113417926,-0.007674939521786845,-0.7977051956565944,-1.0304089102114093,1
0.19716894431136378,-0.5633289849190645,2.7492683672276033,-2.452731912273055,0.7753395739591595,-3.246059585554965,3.6283487202722595,0.9032028872930034,-0.8977267743143851,-0.38516047236387346,1.3722951216891413,-2.3615506535538167,0
1.4854613711791496,1.0800055858965723,2.1170626605385094,2.3672991768338467,-0.2523514898684791,2.28260718494416,4.396334358852081,4.1756495178592585,-4.086135004527172,0.33692037206974984,-0.05919461514392221,-2.9955306684308396,0
-1.4893362344884098,0.6827212549433747,-0.36045908124098824,-4.166497129869488,2.0604524752652016,0.1450050989243079,2.3047570914787534,-2.2302235284037364,0.4433990621807812,0.36392664408812697,1.3155788383073455,-0.8713273946568716,0
3.2572688133315992,-0.1783295390793896,-4.083399420528901,1.434974348698256,1.5287252366194428,-3.7543745448552173,-0.11559355458394771,-0.9570353225566743,7.4988755163275815,0.9007393302731922,6.275516240900865,1.586713579769786,0
-1.8161722440029768,0.658670895251783,-0.9305960636115538,-1.3147737406699707,3.216461093092918,-1.4797274432862397,-0.9694134963236405,0.8378984071968893,1.5931755127736116,-1.0727412675370482,0.2303972967952268,-2.3049965586837566,0
3.012413471123036,-1.519651255337063,-4.170447314032657,-2.7952250320305803,-0.9494019057698642,-0.12885400410061099,2.3950721062279534,-2.210751066559042,1.0640029303672556,-0.419479158306542,-0.47664927799541745,-3.031410805249441,1
4.65266073289555,-0.6550939223508618,-0.4964020062015614,3.370123687247069,-1.7054118714378854,-0.8633001109707279,0.9162327950956556,1.5919586467184097,0.665629895825792,-1.5834859005440467,2.646835125368415,2.0207200106708294,0
-0.26502139951464043,2.8601093656049574,-1.6272208181566268,-3.3286427451216363,0.5011105149127942,-1.076717051727333,1.4481004368654928,-1.113077872738309,0.6731355955107172,-0.9175081957610111,0.9277077232498332,-1.4132106712622847,0
3.994564714571971,-1.4486835734641703,0.3447151463687841,3.5858192214780313,-1.0464766217824517,-0.453144747603351,3.368793385682946,2.9761038898359438,0.0598604328826832,-0.7785343147152758,3.4063792611790644,-0.07136635112653689,0
-0.08288895300429155,0.5860339045560239,0.7876481487351903,0.7485376794481491,0.5346320444901711,-2.773630445843046,-1.694284732474189,2.0268277522763967,0.7405205534829968,0.9646386205349504,2.037254756631918,1.752334047812488,1
0.48933688790703167,-1.4890140969197236,0.7098031154573992,1.1666212882869036,-1.0091893701998536,-0.8877477493046444,-2.849480747479628,0.8979122282555732,-0.3692861577267549,0.12327571671622561,2.071456729221919,5.4038248459969225,1
-1.0701598699695438,-1.7001340108358654,-1.030788101503811,3.0201168848412046,5.14828714597705,1.6753000833717566,0.3238981356843136,3.189037277777115,1.845856677716063,-0.4122842524670732,0.9236413497759272,-3.713695188657072,1
0.5087409060641379,-1.2670806408638646,-2.5107345851939806,-0.4954709365440573,2.2526742906046966,-1.219084272221877,2.7588779490753854,1.9175181825829528,1.8414915741370055,1.6362709045852437,0.6885201489819262,-6.160682703620212,0
2.430644184026134,-0.9673794602138373,1.872039335255527,0.3192137789252869,-1.1238762502645734,-1.9528683241841365,3.580700713659107,1.7642080163679763,-1.0653747465995276,-0.04829395504014431,2.4522384225110354,-0.3360579279288198,0
1.534204520436044,-0.3270567663026875,-4.669500165550572,1.5568795248938563,2.2782986739180044,-1.6605003083760943,-1.5836857546386136,-0.31368195040893565,6.240060697274979,-0.3594215714394631,4.343352539678969,0.906634084544449,0
2.9002114264602685,1.0629597731090095,-1.6191457151347934,0.2622792879857858,-2.5324598080812533,0.5594526647251207,-0.1342132326043235,0.961531118934664,-2.312705097578583,0.816673615420092,-1.9684466500666695,-0.5824895255857038,1
-1.1596989731952991,-0.32648938877520084,-3.5719961955349184,2.9884542516308668,0.6844397093372891,2.2111687917690506,-1.642788447347111,3.687368631844408,0.9349711107183776,0.20999748567734958,2.565618116639765,0.5901807221010839,1
0.9038543312182731,0.62565691721119,-2.880925927668169,-1.0826464512401108,1.1360747182646942,1.0105686823990516,0.9030199418616973,0.7334779176343555,-0.6567334232053986,-0.7126243462999059,-3.0398634943905085,-5.525228858785141,1
2.711583603240201,0.6261025713250598,3.356507014411943,1.297723026340145,-2.8328342007537985,-0.5245049888599995,0.9243294428434252,2.5751323171124874,-4.7266736243130625,-1.1755518955942148,-1.0977955022874955,1.3885612037331427,0
-0.6044769934956689,-1.4700236854008342,-2.988013276369847,3.60681069245389,1.6366969009694305,2.2965098753558304,-0.07688581611506495,3.6512038093972112,1.6651073091751585,1.0395830752446023,3.60977911604129,-0.008822276471085801,1
0.7045369688596987,-2.3358719571576976,0.37255665555007167,-1.536119527245888,-1.0619571611333318,-0.8021502179323756,0.08513379778869545,0.6306802097275532,-2.2635416163781614,0.7970649714705146,-1.3357428088193943,-0.5007308501123922,1
3.1311061050211277,0.4597589625387714,1.1114104797061937,0.47550774244109156,-1.2148571376847952,-2.076130978056693,2.7041988417465364,0.8359736907156143,-0.10390159891231633,1.2366138698083653,2.6165174891025593,0.6990373476830963,0
-0.5322770388477265,-0.5630526184418121,-2.1681128396048948,-0.5754345880405493,2.108262415444703,0.21959057658792813,0.09322124089822181,0.5031512800106559,1.4215890154043829,0.4764161863146679,0.7873556795393841,-1.8159392229692564,1
-0.1541669163731263,-1.459597751852663,-0.8692248168709704,-5.35312510868457,-2.0685570501511963,2.0523394347682578,2.15439823697385,-3.4419509326848363,-2.95185821511691,-0.703591911740792,-0.42816290720970374,1.605457059783348,0
0.5810988698264541,0.13723816397803232,0.9223318196275536,1.5569456134502688,0.514744396869103,-0.4076727670952852,0.19807043958218173,3.1102759006784657,-1.482038262424688,0.9281514844726704,-0.1688398048650568,-1.2578397121337805,0
0.9087167455921249,-0.047309041466684305,0.7288436642993901,-2.483838372678642,-0.44632919279784056,-4.270500747127505,-2.5285896905496985,-1.5139150497651925,0.8080000605147785,1.8863850086499634,0.3206507994985459,2.794649356988654,0
-0.22509445650466753,1.794721581015509,1.8164846432032449,-1.1203200299018177,0.014472639180281854,0.6704024266500228,-0.6642119836846088,0.18182964920987432,-3.0045903284199014,-0.3634982210358024,-1.545310860947247,1.264195859493004,1
-0.46043320927399556,0.3821980096024203,-0.6766478418288814,-3.315608723321927,-0.7181015768617969,1.10759535936975,-0.21255192340194817,-1.4043331550416078,-2.4308213248999917,0.5488904821156699,-1.7905888822064748,0.3596783954112892,1
1.743084736094338,-0.6901502678170225,-1.0219627020050919,-3.260856792351312,0.4520205562787627,0.12896406345749956,3.6469847609690325,-2.0306658218430904,-0.388081758004744,-1.4781218903908417,-0.5800657691888211,-3.10321362743935,1
1.71855936075259,-1.1421998592553886,2.0075168748481116,0.4005474901453717,-2.86694551702029,3.3273629164507774,-1.700998771941216,-0.4184474083749141,-5.474276054861377,-1.7649929661465893,-2.360621321371987,5.297640105964716,1
-1.9205258884932652,1.1947240569182263,-4.247094100938037,3.333911124488317,2.8314694892996117,2.2661593405972607,-2.3225860495089306,3.8436878323448216,2.305731919498318,0.007618503386573995,2.036378304050366,-1.1448464896993593,1
-0.1274244322306619,-1.4908924521329974,-0.948093986674027,-3.591824029252585,1.2400869252344988,-2.693485460067084,-0.3906013638500916,-3.0493268781392393,2.8186929747740597,0.6062563405678478,2.5771173007380055,2.1047990970275516,1
2.096643184630361,1.65844449494511,-0.4281384625676561,2.6289766234081537,0.8839887938344196,2.0211289260397045,3.5809381021043754,1.6775359900896096,0.44626386689249486,0.06309878581412481,3.4938335601394046,-0.16668382165371673,1
-0.10238386277458922,0.3831604890620589,-3.6238076297770196,-3.6733703231945642,-0.5239133683738033,-1.3083884288594578,1.3521486936470972,-0.8237387807102866,1.157374779664838,1.0495465216888908,1.038597240598865,-2.242456806048281,0
1.9474658276498815,-0.32237333666972984,-1.7764506071986665,4.259691268393501,0.9853697232222691,4.358682205058073,1.4832261890340734,3.040938826671301,-1.0122955913201293,-0.900628964991058,0.31810995539213194,-1.5814247971422313,1
0.5543339147065671,-1.2015476161469734,-2.406378662109222,-2.0541590611297655,-0.3027107000744509,0.8042095723670599,3.1665423064422002,0.33523165601330773,-0.6289651877335167,0.26560446332827176,0.388378788792725,-3.3299439897854035,0
-0.0692681482478279,-0.226104769396097,-1.0343251442091765,1.7189454388928094,2.24762433688716,0.9566491258536167,-0.74185842664431,2.3515458482638847,0.08395452218335922,0.4557906753724977,-0.5365333354986526,-2.066952081068995,0
0.20537310801808184,2.358832486118912,-3.8674007870741938,-1.8976809703821695,4.876184391461336,-4.026495971279711,-0.5568592643226642,-0.7772372509909189,5.998970721424163,1.79153713167835,0.34714871708957873,-5.831610779746777,0
-2.3084582332530843,-0.5847296976432449,-0.26865981198296507,-5.79946270115194,2.7617364522581047,3.3858030759994655,3.4801468701760294,-3.431598471208412,-2.088489269779596,-0.045672467001461346,-1.8881357505331,-3.070532478961676,0
1.7124103367582164,-0.7036603344496475,-2.7814403734752124,-1.1332271862903525,-2.1390724265545824,0.9723241724777714,1.369385288159037,-0.5094046978935729,-0.393348722862378,-0.42379628241586337,1.5253982338205143,0.9514244863447374,1
-1.6811427043092975,-0.16178681242056797,-1.1268484582007494,-6.670100995539465,0.6505108813691877,-0.48114955859001607,0.23887205183317917,-4.896483249102159,0.43979814588049493,1.2811835564951748,0.6052490589670125,1.8720466850293698,0
2.102462088065293,-1.1079055610397948,0.061292975244081616,1.2181522811589511,-2.524407738972826,2.6905763323805836,-2.744513509319334,-0.7019587182272646,-2.8585397519186246,-0.40967327471961473,-0.6176999631503823,6.1968848861748445,1
1.0874499335642205,-1.5661443475764312,-3.5438841473358296,-2.6644498160693284,-1.1310800267928187,0.446149249702847,2.0828110871387517,-0.40481601252773214,-0.45370935184841676,-0.2930022241229975,-0.5398461217938872,-3.143888709458098,0
-0.6563585547655428,-0.37975129320747136,-2.836620104650615,-2.9649898701338455,2.8133215199180452,-1.4457229153795974,1.53122777099404,-0.7651798137961043,2.6777885754791035,-0.45525769742858546,0.687046299898673,-4.365744656923178,0
-0.060627189023318984,1.219246116582768,-2.9097540012440657,-2.6572513981443513,0.42115033177552774,-0.7410112301919837,2.1498651325178804,-0.16903584833640384,1.1481906304199612,-1.338422160762751,1.3194675662068969,-2.8844921500604603,0
-0.5788586285648503,-0.13559471249368352,-1.491258287779103,-3.23450917308582,1.669955273623159,1.2970044399306457,3.294520451942989,-0.5562027252223275,-0.9137824323862659,2.763498545940325,-1.1223175099650813,-4.78408079096814,0
-0.016787378621746285,-1.7481668731421889,-3.72593146020628,-3.9569784613148884,2.540567045800186,-3.7174336091197206,-1.103271276176874,-2.3755073526717894,4.338297020850013,0.8440782524809006,0.03424097971129836,-3.098441257854384,0
0.9342742858162006,-0.12535326471590494,-2.8131202355401532,1.9177317432630792,1.1856799459556244,1.315867071667715,-0.08262781822397147,2.1396783227202176,0.7729204138156246,2.1206646818311197,0.2737927878686274,-2.1458803579406327,1
1.3982015637437617,-0.9523791089654138,-3.436334855263777,-2.291030009631845,0.70960918313965,-1.6901642272376922,1.7852165544179508,-0.9864017773239777,2.556040504679937,-0.2530797208796821,1.204517563195142,-3.051577364465928,1
0.4369665605499502,2.3063640044597786,-0.9791746420792136,-2.017139281160381,1.649626959208133,0.8512618499720654,2.5593490413865547,-1.5560515209095636,0.707447873852029,-0.8377864907783265,1.2783873955962675,-1.1035613083387363,0
3.1948624944473965,1.2255966069183728,-3.150145019581582,-1.7005967522099614,0.5122008917967847,1.309018073785519,3.482648783816307,-2.1762617286572734,0.9354573189026508,-0.3347615356228382,-0.387520136038384,-3.4330778383135008,1
-0.33446936548940354,0.5280342679481808,-4.807847879378707,-4.481496252801226,0.5144074036763637,-2.640384050994779,-0.099194804520784,-1.4684924808138253,2.69370044764813,-0.597011827619518,-0.035630388776461075,-3.6310368328080473,0
1.2104308154820722,-0.5035421705458212,-2.048580613373286,-1.574089470328946,0.600311016437897,0.8070887528747779,2.3315985476733605,-0.836283483118262,0.3561701997945622,0.17357970098503053,0.4484181112421901,-2.0628061288506525,0
0.5941103625751587,-1.5851122399559394,-3.2748521319760604,-2.9152326238674013,2.2228074595333847,-3.41583873588473,-0.9024001923886031,-2.499928077994277,4.7473865592012725,1.0820133694369194,1.6789788898927642,-1.0020949219905533,0
-2.805700685615923,0.4635851783394098,-5.199373807740988,2.763133462939105,0.6103703547140334,1.4666101804577552,-4.698940044340621,3.7534079640445492,2.3770589743867814,-0.0048807442527805354,3.47783168953241,2.662062983752323,1
0.6821817377864043,-0.40029694439537566,-1.965912219450488,3.180614394300217,1.8966948046816823,1.295124468637553,-1.5631040874895843,2.826916041593723,0.7321928879592053,0.4730045504887996,-0.087540933473363,-1.2972557451776894,0
0.8779281725939156,-1.0813418424428463,-1.6765700568578212,1.1278475888507236,2.0070726419379543,-0.07602198654740122,1.2755401441862078,1.251793179077266,2.0421364745987507,-0.032210368034463775,2.2263765472416353,-1.6289210747331209,0
1.8326938227844467,1.7947328018774173,-6.359310614817975,-2.7286639656063922,-0.6136740189227619,-3.584309349848655,-1.2894308109763346,-1.4904903300987533,4.505125351485335,-0.6449679117649062,1.0847212681810459,-2.079352181410147,0
0.40624068364499144,-1.2547116991701155,-1.0402253034177775,-3.6427693725087376,-0.4914166480412392,0.6472337137924733,1.6966722027312484,-2.361555254873574,-0.9223961971935141,-0.048951148160049224,0.13928424897360459,0.26402538930359015,0
1.5282649771895747,1.069963834632664,-0.6152572050402365,-1.7897309411170217,0.9997693932295635,-1.4511890992858405,0.18338037462323786,-2.7810779741807474,2.3178871747894205,-0.21658212622414835,2.2845352441680924,2.3497343688558128,0
0.008391421555280276,-2.2570970940840556,0.9523335138971762,0.2422368018040061,0.30812659914695795,-0.8617034772254237,-0.5646886560036719,2.0573353454368704,-1.4627911984466144,-3.0361781069594023,-0.3378052996733787,-0.268775310263472,1
0.35279554520630363,0.03700151185941013,-1.4696871369674982,-0.4510717055542265,1.6494540621298561,-1.7049446342324546,-0.288852029191798,0.20556920721710525,2.29753701058455,-0.6455624215171257,1.758644398586108,-0.5226957291491683,0
-0.84476715535334,-0.5317088659562388,-3.2143016696103204,-1.9152767129281936,3.7670737001816326,-2.8324544684289497,1.5929009541503092,0.6169851399087756,4.338552569591118,1.164549084906719,1.9643746534011557,-5.571399350972259,0
1.9273378800888945,1.917532567972817,1.3041875045905846,1.5715227312757112,-0.38704023629511974,-0.9625825824330809,-0.977872578701064,1.8295492310234323,-1.457736477086661,0.705941349751912,-0.5895506798735665,0.8618359730080715,1
-1.0960804918755924,0.6158276462509877,-0.37289157975473963,-1.636240379435304,2.9620982591279827,-0.4291636818332587,1.1884861971513578,0.1432232923298693,0.9007039881903754,0.062012297425034106,0.5873343209215903,-2.5243462403138412,1
3.0786129294671873,0.6098448553517568,-2.5518264459958266,1.3702784783808537,1.8882640614182657,-3.208462646070573,0.21105218493710398,0.38155566129201124,4.692341538022613,0.5103795468822726,2.521160905911252,-1.7444236464427345,0
0.8332289571111107,0.3887139612323533,-1.6931011102903488,6.858515032116844,0.5016889081359968,3.8335347679864062,0.38305844475631434,5.342449541126777,0.4008746903401987,1.0077104045933236,4.787908708450694,2.25157793742206,1
0.6373614043162834,-0.24247991710407582,-2.5734464400469723,2.5201739237654124,-0.6330306597056394,3.513551450847398,0.6568771004961383,2.901845490292926,-1.3386620147445956,-0.01538945723617728,1.029783730647,-0.23079377464022172,1
-0.6221621800113537,0.8348711184676348,-1.8360875097247338,-5.066373131787973,-0.7989384119693301,1.8066792310047528,2.3841726270844577,-2.896545395761531,-1.6207895599995836,-0.7257477330874575,-0.07832855182396226,-0.20729425139262228,0
1.4489065758356583,1.1080422227747695,1.6790359030977098,-0.13511219136150446,-2.303445225467841,2.9857944914139694,-1.8733138543908119,-1.0596199013151653,-4.643396664691298,1.2216265465488294,-2.088282572630712,5.279077065708806,1
0.6743320635502177,0.3873838937189418,-2.39717981558628,0.053361154391055814,4.341141539048984,-2.6036682795676835,1.5634890353178525,0.71719974216811,4.847869522971977,-0.6786761866809701,2.229027208332871,-4.8381778712446,0
2.381119611129898,-0.1243637092141513,0.2798230022103181,-0.7688741607205283,-2.9005291248641925,3.9555726082033145,-0.9764817272108133,-1.6129717710112965,-5.20457827587775,-1.1522195039229228,-3.6960981380361826,3.2465990805578366,1
1.604852275405479,0.6139982099906294,2.5545834822509685,-0.5917360799666963,-1.0492149261318182,-0.9172090752603931,2.859359777301732,1.4360200001039742,-2.9240629859719327,0.16263895976016457,0.13484909414318902,-0.709958858012346,0
1.0067161696289044,1.0464967631397273,-4.333163002371396,-3.262780539786304,-0.6127570919149701,0.28540522135077095,1.4534186548182424,-1.0703523786499378,0.13504082623121122,1.5453204644024345,-1.3830531314278491,-3.899854074002496,0
-0.7401169859541268,-0.6991539333404687,-2.331554809985133,2.6338024563813125,0.10995471795138556,2.5336940774686267,-0.07833234534956546,3.3380971345898764,-0.05539936831109222,-0.35242763200176763,3.038908859217298,1.123085935359433,1
0.5644924015497013,-0.4626643602185488,-2.041270500413633,-0.5098042992423323,-0.05514833563426369,1.672405227024931,2.302430693647861,0.585196066933892,-0.35262892618699077,0.10612109791745448,1.421530636548362,-1.1467990810715403,1
-0.16276678009478407,0.5467475688968289,-1.1331111193218322,1.5283141778055913,1.9619334583772434,0.04634413791452685,-1.8179390661508126,2.217616415142296,0.4838416369696839,0.7560520207519027,-0.4364186098181577,-1.2408857166208223,0
2.2940717815582037,-1.842180010424348,-4.036583193642583,-1.1266326498368104,-0.18069385507978186,-1.4511868060469781,0.9320096206626822,-0.4836145875767829,2.441818543893013,-0.2713874578721912,0.9889167985259459,-2.346981826441066,0
0.32926649577191425,0.8808881400864964,-2.0849643820936445,-2.2838497635470594,-0.14731327379465897,0.28617526685767203,2.769372933638098,0.1255175097078105,-0.3853835775893568,0.6132810221763285,0.5878559044334007,-2.816099278878815,0
2.015317115217556,0.03252007069649116,-1.5931345304315063,0.9324269712942808,0.711901518847561,0.3735888414276589,1.9317617101158744,0.9589962604715154,0.8122675635450824,0.8004522695804093,1.2585829310161085,-1.7788188233699418,1
-0.2906773553415092,-1.200190109745428,-0.15593734943074655,-0.9181160376775412,5.035602023302049,0.016364242324437006,2.9960331231800157,0.14961519235039766,1.7431831488375389,0.7110297208906662,0.06009806212631785,-5.521551302102753,0
3.1560506386963434,1.099433289796453,0.7309255396581724,1.5464362544222503,-0.6239760041583604,0.19931889852138407,5.0251964594283365,1.8558638633803877,-0.7091414483909682,-0.17775632635941496,2.9242457097736008,-1.2571173897887353,0
1.1024006482292146,-1.3857219623293404,-1.5176506320304528,0.7151246204500443,1.3978395561894363,-0.624122445368284,0.766925878220964,0.8280153151743705,1.9055382606803064,0.1268186706106397,2.098946580486106,-0.8039305910969526,0
-0.12978734662451608,1.340043705026416,-1.4332352337178258,-2.7965336686858477,2.3640814911025965,-1.885681918886183,0.8097700193472899,-1.8661825717213274,2.7786814085285587,1.0519940481486896,1.7616352916666955,-1.0248994126944397,0
-0.7626074503242739,-0.24276715350334274,-0.22203056368121954,0.3838608627877253,2.686758251787672,0.08654766757853438,0.8228268348158652,2.352309060977272,-0.08440847211514352,-0.29868790022510716,-0.24855777696373083,-3.5378835658208896,0
-1.7688797890081203,-1.3482160749452126,-0.8875471015064974,-0.3442682127354061,3.3156004705999305,-0.8173682621720659,-1.6358717187723475,1.5800667056939626,1.039243518891292,-0.33732164321844305,-0.5908352101760985,-2.491917642534111,0
-1.2270027744328371,1.6488954356226975,1.0936153605344443,-2.739475125055811,1.0628680604344605,0.3185135706561588,3.3228276832637835,-0.6199712799353438,-0.7040863353028923,-1.1406078980197678,2.6908233956361505,0.26727390176588206,0
2.0562338198968293,-0.13721470529605417,0.04827856600603897,0.8803317310802886,-1.0110308233206382,-0.27917911031724163,0.1489251736266639,2.234718315825636,-2.293833234183567,1.1727676114271999,-1.8639898518486286,-1.7271865723491815,1
-0.041465241499574645,-1.3657412342951185,-2.7301762512200445,3.3395076621947752,1.498967687542999,2.0424287647754245,-0.20969497442317464,4.156974892050764,0.31197700079875346,-1.4142482014301718,0.7355604103781057,-2.559228555611734,1
-1.6217367466798587,-0.8896914485749345,-3.58501078479382,0.2267336214755301,-0.005574238223348571,0.4462898752226112,-2.035835060540043,2.261629661261764,0.7862737570673216,0.4437168191640361,1.644400744506163,0.3467277394906003,1
-1.7035478069174852,0.8116468022494188,-1.2244082468343853,1.0634819017982766,3.181227453577608,1.2903782902621712,-1.225610625621793,2.219315687413098,0.45442670011584757,0.03837196761372902,-0.11622832518926884,-1.8682829822912153,1
1.5870600513400652,0.299925910341907,1.3734893796112075,-1.314085485531667,0.11490686752276891,-2.913200762051126,3.7390933862491034,0.520841214638905,0.4579730725828221,-0.45944871053183645,2.912879131413235,-1.0889768729611031,0
1.6907663297198974,2.4008299960423023,-1.9491618686375467,-2.0225011308573864,-2.134776224223362,0.8289160724509654,1.043386349007853,0.3172307044243432,-2.990435061043678,-1.161667941542384,-3.0511632713090036,-2.8284647751629652,1
0.7764846788565467,-0.574870256477687,-2.4681103609070516,3.9930023200864566,0.6453220838487648,3.185706293757118,0.23457640033344362,3.240835505983413,0.31337882710788645,0.3169875511758932,2.417035112205251,0.40472410036059997,1
-0.29117367378237446,-1.912558917075365,-1.9635142757960375,-2.508879507048224,2.045506119981442,1.894789525638721,3.601269402235415,-0.18423745427318106,-0.67503052376598,-1.7940832391116053,-1.191218650607033,-5.555912544236069,0
3.6455971810075507,0.2964610043782707,-5.7919381408871455,-1.2739520329137484,-0.3198541118507183,-2.116769462860694,-1.1202678265878505,-1.9616077091276152,3.838410540876974,0.0658290632826615,-0.3872703090328715,-2.1454304396865878,0
-0.6938994053701699,0.3114928760936181,-3.56326579567417,3.2995065603658116,-0.041029755126035905,1.3174555355648554,-2.712251065591607,3.6899349888447066,1.2144120514966739,-1.2711908548884494,2.8224511580550824,1.8937425586680081,1
3.0210339040321106,-2.0902972096368497,0.53687127327984,2.225259739129213,-1.396397179172031,-0.9789033476152217,1.386263462355274,2.2902152144915435,-0.6580259078745625,-0.5611206198167704,1.9500284510842056,0.8420887155984497,0
2.5506456527836194,1.3864910176764889,0.4981745729728033,0.21116887208089377,0.2304354622556649,-3.2734040715141264,3.6178286950973026,1.0528000319706359,1.9455865056393409,-0.8761317618191464,4.129960463905496,-0.8992841238001392,0
-0.25298666530891456,1.083917972272077,0.10583173851459349,-3.537799682555163,1.627949528212009,-1.1852739959601852,0.8457624079119181,-2.6194184422363,0.9540118970014688,0.20381322932288162,1.0056459280236254,0.5122359557659388,0
-0.5415335133015224,1.6660050711497327,-2.758593261952239,-1.9601458635291957,-0.03353638728114117,1.2137325879409782,0.6015468385437083,-0.03203646118813808,-0.4081405392895647,0.4566429147428414,0.12226762800288604,-1.2356259253651414,1
1.1350447839535374,0.14368297258891657,-4.468209852879305,-4.562838576595617,-1.8040608794563153,-1.9530785739041854,-0.8236638150593991,-3.319604760396013,1.941538559099785,2.387581628942498,0.7250898639133733,0.903380866662199,0
-0.32601324195047443,0.8645403097010343,-0.6316716062611752,-0.796231133049163,1.997917755075273,-1.6790010372192907,-0.8750546417610539,0.4200567562785862,1.3640201825511733,-0.5474537957438975,0.5294541792189121,-0.8837816867304977,0
-0.023390212277378808,-2.055911282755838,0.2721375700787816,-1.258959012097353,1.69381082505599,-3.212720157187259,-0.050476947004206574,0.5282215142310408,1.5169988395965834,0.9870148360637762,1.2313591412676343,-1.0330737311902052,0
-0.7323579903237949,-1.9074148718611945,0.6318108759623824,-1.1926407997396906,2.025354517912291,-1.7716044474783168,0.10685098680927019,1.0773390059331107,0.0659303648696543,-0.8893700403071024,-0.12820437045983946,-2.0106752699159647,0
1.3218947228078122,-0.5563917254756715,-1.841046816922022,-3.163296157346077,0.2563453554307209,-1.9540134895826724,-0.9715129412125443,-4.223592851721819,3.0710051789190107,0.5029439604894618,2.533949408443193,3.773769977669913,0
-0.6246583015498897,0.9367673952055456,-4.663386427186886,-1.9116111245434446,2.3149245065940782,0.054002863980355365,3.7232481749541684,2.1661776342871546,1.3687337504832449,-1.5574639956906167,-0.546221919376173,-9.359497303135177,0
-0.2168986873124894,0.1126440136239445,2.2815136523978095,-2.5488112793504807,-2.788914764872483,4.960021306395473,-2.9168253039969514,-4.026694766065201,-5.839408472086989,1.1668793909956918,-1.9083774510105962,9.551299651990835,1
-1.2866001191201821,0.8068374070431976,-1.6422827385399534,-2.809487036808071,2.4072659931181777,-0.9397300751256747,0.9752404929430454,-0.7105281992641483,1.6935970944383347,-0.08310408697244778,1.1081290291421282,-2.220652892615737,1
-0.8143294260538925,-3.5949582576624004,0.5576236346029189,-0.8694786677819911,1.6473685662137174,-1.1831383194734693,-0.35039011636945827,1.315980032527712,-0.4881969505423541,-0.7807959537464901,-0.4335598037470423,-1.5086839270086414,0
0.5950239508769761,-0.48907315226841636,-0.7139314109248945,-1.0816146732171827,1.6229703624348393,-3.9672028420238243,-1.10361976680689,-0.21181541535798054,3.029540009533965,-0.26630193928999185,1.8678591240532079,-0.0004665230616606248,0
2.8423945945796163,-0.64008300829926,0.6873934438866607,-0.9096991120691286,0.8504428564562128,2.997567278678358,5.358384798055105,-0.7276957069667747,-2.8089796621097256,-0.730348814247837,-2.0346889075768475,-4.225500157457501,1
2.286658985013033,-1.0899990267785358,-3.472377152152976,-3.3094293058688775,-1.8953666883864517,0.7491343824231695,0.563342656925859,-3.4560431062753594,0.14128595516342438,1.1731014545462042,-0.19811250663733282,1.065365713208909,0
2.6511578874908768,0.7097138965954178,-3.4603564149976354,-2.0356342709371646,-0.977995133783178,-2.4581076125433103,-0.8979527181593225,-2.508943896168788,2.934761076507239,-0.9398740237409544,1.50987798962952,1.3781334669825844,0
-1.7819022110896094,-1.7693298246797413,-1.0311442609226875,-3.1171540826726227,0.5713840570142903,0.5534000414304036,-1.510871602365785,-1.8646938142007246,-0.19471664030200264,0.47858732680200244,0.6145553915159678,2.57361038450947,1
1.3713036348207235,-1.6899521742852806,2.3036609202349108,0.9646239642284942,-1.827784609972184,0.36754888638505934,-0.6781328165625367,2.331435371416923,-4.423495363268023,1.5872520785753697,-2.079707543869451,1.1282901500816302,0
2.9030569150619643,-0.17439081903418496,-2.1840775288214185,-0.661468781982581,-0.9609704085936361,1.3519269508184155,2.1055978555418275,-1.150321841265884,-0.2375058796287429,-0.6961434502622617,0.33161625981880205,-0.4578149355588024,0
1.8777963763031718,-0.8737715654766828,-0.15164430843239107,-1.2087825915596975,-0.37649235158006233,-0.982617698681669,0.1866059874584174,-0.027591385758553022,-1.3143264834400825,-0.17129867137653482,-1.9943109102529815,-1.5740845023552572,1
-0.9224209232262632,-1.362831957170251,-1.6771566834103837,1.4455626907698216,3.373153921613067,-0.44262637845850994,-1.6062523276505234,2.409391420148638,1.9240965292464147,1.1519705170698569,0.3044362720359295,-2.442946410017458,0
-0.4227744745595774,0.9487706965844683,-3.8773949658491955,-1.5899233364480134,1.992004734788104,0.3367915855982401,-0.1431080765299373,-0.40622179422392635,2.03865369115705,0.5022545958786996,0.06784790326996304,-2.7997029169555208,1
0.12352192305272425,0.37413717043359646,-0.0734864784422471,1.0439822127271505,0.21056033230993343,0.8322835992925022,-2.8361027355211066,0.055018515398997714,-0.12494454396634526,0.44298172950685083,1.292205572104567,4.688565573938426,1
3.8114482491712565,-2.4587178716429907,-0.3012342311053122,0.016828480134591334,0.30832328286673416,0.4499425704457516,5.775549427171857,-0.1898943908283084,0.12869703223335766,-1.8358997030097624,1.6271995056160882,-3.1358842457482976,1
0.9190458251167397,1.9292048162295932,0.20273287061198286,-2.473927563740263,0.5872200640152542,-4.012882759452051,0.5167558034466577,-1.2055822837016692,2.038258610635895,0.011265413595362794,2.265995740323418,0.6089501666810806,0
1.2250832230347761,-0.6358013562076791,0.6247872955635343,-1.8858520640585639,-2.2516419130914196,3.6185921636354523,-2.0521548015109734,-3.257259661784966,-4.126825705300517,1.3405391785455831,-2.3060274946298716,5.960397125607714,1
1.0860501127443074,0.2234012842906266,1.6437856898334693,0.8025669890685673,-0.173891688560738,-0.02179651276205319,2.368244100998215,2.76513671678315,-2.514515151636825,-0.8431666558168289,0.028623360149744093,-1.8092974361028933,0
1.9271736728549993,0.04135361475202258,3.4338517321789275,-1.9749463680512844,-1.7573372578377124,-1.9020230946334604,3.4692794260395763,0.10887813240672783,-2.9871295416261354,-1.076531697765114,0.8160259011653315,0.6040056132730893,0
1.9477933438909472,-1.74403413313468,-1.7923515971687072,1.5815864566077646,-1.088799873074224,3.109639069116286,2.6350032885390258,1.26685690051611,-1.1159768760690032,1.2030338669097587,1.9970827029133003,0.38403390322922487,1
0.5800206998736803,-1.6182575640760535,-4.499055693890657,-1.886642944074087,3.549260773824143,-1.76772405042447,0.9898282926578132,-0.10488721162656467,3.7036081153948173,-0.4534818448731002,-1.091541741575403,-7.426750790946203,0
-1.1331671869940667,0.7265593300021992,-0.4195575942974873,-4.205839144071315,-1.041922726446122,2.075843193518048,-1.2835541888879354,-3.205110414882233,-2.593097035942636,1.4626757521793825,-1.1303868764923375,3.7386075193194537,1
-0.5900000000027439,-0.2886436360608302,-3.545525892817031,-0.12734170765535208,0.8139709729547686,1.8126433334174812,0.31838917784189924,1.1189821974474,0.6609902830673919,0.9611476577728287,1.0570741232191905,-1.4880420632717926,1
-0.21211413694634063,1.6236017468438813,0.3886957229919963,-1.5874520992817764,1.5762475385371757,-2.010704916186718,0.7951705800009303,0.28161033107102207,0.6561033105902753,0.5947414401459624,0.9693640391572803,-1.2103312500573613,0
-1.0871686103113234,-0.6610475784057873,-3.274684510454106,-3.08221281664442,4.2500520445911265,-4.082098493875582,-0.06566163982648265,-1.0074902265099,5.490348264397089,1.105842296600126,1.7792300049292904,-4.27470763540811,0
0.6034522423623188,0.18598719697485436,0.7128876546759373,-1.6312885399407615,-1.4251543019513848,1.2997219370456132,-0.44063569237305444,-0.41979415564669265,-3.6003979661034866,0.06458916021605837,-2.140681123760921,1.3509990987132618,1
3.310995454977914,-0.5285237091090874,-0.916716013895075,0.6978824069380508,-0.629385447124605,-1.5125913833342386,1.9036696437563072,-0.3042835056455522,1.9688988230003381,-0.9765667027768606,3.6443100005686695,1.5579247024421268,0
1.9015543023449082,-0.9889488211395171,2.6942287451060287,-0.5449415644257952,-1.899088731034167,-1.1885095147374043,1.8770778259585608,1.1605211679703378,-3.1904347814221716,0.12947772321688975,0.08786449962010612,0.8458425942767965,0
-1.9346169389624022,0.679017666444328,-1.0098301010106114,-4.920538286592268,-1.5430013147337929,3.028824940841629,-2.4163845163257793,-4.6613145899203134,-2.2824974997626044,-0.48258600759177506,0.034849191318754524,6.946343593382174,1
-0.4640114785305345,-0.5358719564773486,-3.3322135692149164,-1.084728640287698,-0.4400078562978962,0.5173125338023454,-0.41930991133233797,0.3839042306052336,0.7091120251493801,0.5517270181195039,1.6343663390765764,0.3967668662542216,1
0.4242147363794575,1.9597062770966016,1.3685137839136927,-0.4763580824059918,0.2680362511485941,-0.5835476370917136,1.195852941043393,1.5072507003347444,-1.890866339523395,1.0081338961675632,-0.34916847255287164,-1.174548902534681,0
-1.1203300645272076,1.0368140526640508,-0.5763361187619493,4.614019936877571,4.922367802319954,1.9865662054135247,-0.0011785000294481929,4.892956943835594,1.1922227739460938,0.0007982686524411264,1.0229383493068747,-3.616721218237928,1
-0.15180086882329458,-0.5534918433215369,-0.22676789143468123,0.40131616259148833,2.2474247065652726,-0.10678601009055821,1.1361971623891425,1.8656253370515148,0.24666285542128605,1.5286768695465074,0.4714491366049436,-2.6906935145027333,0
2.4475869698171637,0.6151931972096845,0.05219850543121174,0.7917356740894428,0.34077771144980085,-2.641365114882963,4.366255800610632,1.6466340975460088,2.1357259362031304,-0.4852006420821393,4.8950846147797495,-1.3087854490680406,0
1.3147134652037942,-0.642535979636945,-0.8887802569700436,-2.1668249126449837,-2.012486154586302,2.0058927821898798,-0.7403865944616354,-1.861813068190763,-2.9817119148000564,-1.3458016044206784,-2.2278014787180513,2.0169042978278062,1
1.467757613830749,-0.4183912589352649,-1.3127813890901883,0.4562913722734209,-0.9975672042519192,-1.1324699658017814,-1.3166696257985624,0.9946865752377081,0.14376203249193792,0.4543680569720446,0.6781647210864465,1.1931938483952977,1
0.567807575259168,2.064932258896404,-0.5317835736876371,-1.428587452124598,2.080790030219147,-3.2359038295651334,1.9436008327713394,-0.07309445884853094,2.996971090917804,0.7822774791954645,3.0573373120964638,-1.7070443566509188,0
-0.3965963604944842,1.1785826081377129,1.7683752605302607,-3.310856206498245,0.579095857565832,1.1438752290876557,2.5110565236324174,-2.7334823177055183,-1.343286135305193,0.5875174060732127,1.8574231716015592,2.7010525179103633,0
-1.2969711106362443,0.7500204231456337,-2.351299664893946,-0.9062568171501234,0.2869589822832158,0.4906402260238767,-0.2104494871026117,1.615930868532765,-0.24262949169252734,-0.7506639428212842,0.6447593734156679,-1.2295845615257066,1
1.0329089536709568,-0.3209514400376095,0.2665941465503472,0.5759202066379848,0.3662122682665816,-0.6137082532837876,-0.7843305325220359,1.2925643654678407,-0.8078969176342794,-0.15506047650003532,-0.616106737676665,-0.16455665048647672,1
1.588198819219507,-1.4362329408954577,0.22828133881013835,-2.047428829638128,2.143943741320468,-3.8585368199255825,-1.7762507060363262,-3.8829314892093922,4.241269426528644,-0.4696028912694245,2.7276648719796475,3.901668812957698,0
-1.0562529668079312,-4.144284096982431,0.9538900558618146,-3.710418686719632,1.841217046158544,-3.043169234063066,1.3282435881490768,-0.7871212722480476,0.6782275367614174,0.0042221197585908,0.9272703951767975,-1.5840903163040168,0
1.1555228058952358,-1.1842104787860064,-0.18216115180604198,-2.075166107859993,0.8586610428742462,-4.628643360660235,0.3527850340922295,-1.127836465792339,3.090004936459904,-0.2801919674382956,3.026627053010082,0.6983728163298484,0
0.6674350745725233,-2.173267593125361,-1.3724458287556514,-4.697515061320503,-2.3866850901173224,1.157261011776555,-0.17792671909156765,-3.218215708446806,-2.851125123320088,1.0301474617980426,-2.329654732734069,1.4883004606430272,1
0.9639570875951707,0.18531198058180917,-5.1499716458543165,-2.7116906611677347,1.4675418188671205,-1.840858474766688,0.29011134546739625,-0.9582141682489085,3.176429000037839,0.4821129117111508,-0.7605262393671164,-5.1862594056985,0
0.354851607186502,0.2690204568987001,0.38828862474212356,1.7600060059728317,0.5072050970411695,0.2992173980530968,-0.992036498644236,3.019782160880748,-1.7338298286806484,0.27062601842511697,-1.037479479086142,-0.8853602524783345,0
1.1738428558326444,-0.25050779433225806,-3.628917602393335,4.471749322000783,1.9748008215789543,1.8117948482728696,0.9245685901827851,3.802600416771882,2.588291840203949,-0.3581905005470362,3.190009480758688,-2.1189275900762814,1
0.4883122290807822,-2.2058195847916706,0.22071254161237697,-0.834157979989137,1.276613920017989,-1.3878861971216625,2.119130799196972,0.7682696072741253,0.5468796786413841,0.3643257548998739,1.5946615867774152,-1.7122275938573897,0
-0.8319923809822405,-1.3874106006482567,-1.5319065382426154,-2.7384871221734497,2.261376739113678,0.37024048431415135,2.9431220659071418,-0.6759743816865099,0.8880231251947756,0.8627311495986864,1.12160467156593,-3.233717137237697,0
-0.2564427959997664,0.15747021311261442,-3.004695017332914,-4.282090083072276,1.9414771430709274,-1.3474415807529412,0.19404468373122574,-2.961331663162778,2.4951430253354157,0.8935448909722166,0.008435790847175495,-2.015107205050228,0
0.2805563954379009,-0.5406705963351686,3.4815101733740543,-0.6358200490227461,-0.47290309204066183,-1.3733214282999808,0.3701310867793247,2.312445178302144,-4.0851616459153135,-0.6533932610533676,-2.208900203101236,-1.0029315520702198,0
-1.8645132603719814,2.4603004838304883,0.0630637140715713,-4.728273618609661,-1.1285208759206673,2.1616803509048625,-2.222373281443078,-4.20920542159011,-2.380055784931289,0.993766766790793,-0.10387304841166012,6.453828328408478,1
2.140658612579151,1.618263251277815,1.304507385546446,2.746891902933243,-1.8839017614143154,-0.2071830400663761,-0.44700209148517334,3.9287364101985096,-3.2606639777789193,1.0942432938428654,-1.0109543847038247,0.16024252028039515,1
-0.13110701279336245,-1.7081991986690745,-3.3049206755601084,-1.7273515602836704,1.7708305875153565,-1.8369991370385799,1.1175523121632758,-0.09467684531944642,3.397789004044347,0.3812143450569385,2.5979918620335236,-2.4264340340808697,1
0.792219325517114,0.40549132280104516,2.8342936543743593,-1.6238372018871945,-1.4201078559461031,1.2825989133081506,-0.8093912259140775,-0.9865222920699847,-4.700141658733081,0.7738249033546519,-2.64462471772415,3.035395304589356,1
0.2817906328907318,-0.5983481027444063,-3.4816827161570227,-3.994571474539264,0.33396528997056474,-3.552025161733467,-1.2888430387841006,-3.3097581979177875,4.301851093849837,-1.0280290661499518,2.952749058200989,1.8463548994815298,0
-0.37507741796781335,1.877967325512196,-2.8752989613710214,-5.697807077552912,-0.565615557684203,-0.8326432247226382,-0.1131954279582037,-4.216461913181926,1.060718984852423,-0.2711425629216697,0.6826892991433332,1.4122865489671235,0
2.8784452928675632,-0.29282596618909784,-1.3836884219025603,1.8722383573631969,1.0158621175992388,-5.574312726323084,-0.44427300384057755,0.8785695750826832,5.876169056203349,0.5670126285644058,5.8175291558133075,1.7180996431188273,0
2.0621228324430114,0.7374250241279653,-2.1056575443287944,1.5825163387992387,1.3562556911254,1.3274402747886427,1.889861574648612,1.3369395902954677,0.7368443085799411,1.1436508108170804,0.4057498373427776,-2.966640462662583,1
1.8841469214210924,1.5623767133987676,-0.6931631541877463,2.5564702681480598,4.648425880439026,-4.214919325395317,1.135559991569307,1.8330843363695768,6.008055666104548,-1.4459655113205603,4.21025680099508,-2.905013174417944,0
1.26154706666141,1.2416272020558896,-3.4978805531213912,-2.9880493711319507,-1.719642321379016,-0.9855283313698975,0.8884592703307697,-1.2578864905439118,0.6601802985056724,1.5532781480441586,0.8235362518468778,-0.6247363987640655,0
-0.4505519391348054,0.11731625852376384,-2.212228610640465,-4.3537398130796605,0.4407600363246673,0.8333362470892298,2.024908205316943,-2.4994385223659767,-0.0593326455564345,-0.5613305507989192,0.18479005299805462,-1.3195393351957003,0
-1.1924817947286832,-0.020028633115028997,-1.7666851872730083,3.2307913575962024,5.425485134952835,1.4522565837748596,1.5201066111244408,3.185955550566092,3.466116135994105,-0.7989745972771776,3.520268272242853,-3.313766082599934,1
1.9233485144329219,1.0900383165395335,-3.491568112815758,-1.2250018733365367,2.1615810965237228,-4.954452279878903,-1.9146509248211683,-1.965628485664363,6.399450478362586,-0.4898990033891621,2.7423903248614057,-0.0892696437347219,0
-0.6313919464809934,-1.9494072316125226,2.8756379162058283,0.03204792709222704,4.563498622915731,-0.5000330870324905,3.621510267482458,0.6271252931345797,1.2152688364460937,-1.1674174358282305,3.111218723369187,-1.5242362873299253,0
2.368510601088042,0.9183279584188662,2.4665655421174626,-1.4917132754924625,-4.208685126207792,3.3174158963416023,-1.901101328066404,-2.7477454867663047,-6.369202644147418,-0.935282987428535,-3.08277531391583,7.279292178362163,1
2.1458045558927226,-0.3333880369613921,-0.8876509256694102,3.9713580793865564,-0.1366984199520358,1.8265860544626682,0.4365259088466472,3.42902399944285,-0.8603034900385538,1.9350357354335528,0.9031201091137433,-0.2247322948162975,0
3.6152944053078278,2.062260513269722,1.0341264009796811,2.327314280848814,-2.060378010448721,-0.1603022990750702,2.80733130077924,2.2589192089817365,-1.5897420647218634,0.3068853189581657,2.1706699694423226,0.9252889530084843,0
1.5119830135784398,0.43354383556180986,-1.5728742418936958,-1.6655600083760496,1.2145577295278567,-0.13610071992382444,2.61553004437273,-1.0697240170402258,1.0514104378008866,2.0495068792870352,0.664418943350959,-2.500236765001637,1
-2.4955026829209865,1.5885081527006466,1.079177468543548,-3.761007606757137,3.2787724952360255,-2.349645679791254,0.5664895243666793,-0.019358921427565123,0.07582646611347829,0.7523038008074016,-0.7920722838472394,-3.4179915559787277,0
0.4936145866256423,-1.77245448007644,0.5960176141591542,2.0390547019068865,0.2824714268345774,0.3168823902871136,-2.3077639547286832,1.57291281438659,-0.6142125375382806,0.2748492384982743,0.8807748171623804,3.1988559301949446,1
-0.023040372410693788,0.29364981976525834,-0.0739790832613576,-2.1653267956127786,-2.256492755284697,2.2743825412189103,-3.163640069895887,-3.2844073868130517,-2.2213735056553356,1.6405988963066536,0.4393178491285399,8.218841216927782,1
-0.7033607698923197,-1.2904673536135243,-0.7451586074791641,0.8565149305550117,3.040649261211226,1.2228953999536143,2.589590862505999,2.6024314693048893,0.2814685191151741,-0.07985891574095148,0.9876116427905425,-4.240171175659625,0
1.5193786772040432,2.287703772495844,-1.122482894360972,0.907405391716023,1.933019653303673,-1.7413704974512196,4.34829397051364,1.7381024352072147,3.149403357198666,-2.582064088096225,4.840811364439893,-2.8166366229582764,0
-1.3060575957791802,-1.1678019012207046,0.017973243066804923,-1.0196539742425417,3.2364386124729787,-0.20145660678854982,4.174611531495487,1.9993573561557907,0.5549261263316767,1.7807741903382843,1.8516151954362345,-5.044749830234146,0
3.1237320803573017,0.2765814612192527,1.3613901962918398,1.104348664026417,-1.526576060668105,-0.7318027293839924,0.2705836815793128,2.0601035231570455,-3.1644630686531423,1.4244726287654979,-2.6519221744625465,-1.3469875382705059,1
2.5715584160027616,1.4633723438445725,-3.138235050069714,1.071687540171332,-0.9250406432524845,2.0605968372891468,2.058831810611653,0.37422686168555286,0.46532524978120804,-0.38049315227192015,1.955649573097619,-0.11654007019432511,1
-1.1770309230183984,-0.3920473435070673,-1.5105661585188899,0.07376034178816483,1.1858876690800704,2.6629024997489044,1.0281065002246406,1.780132214955073,-1.2123249286757318,0.6708741110683151,0.2554175019930923,-1.698397941769563,1
0.6949024805453505,0.4225249016940216,-2.175941230088373,-0.0854061810558754,2.781005552036654,-2.188360900252505,0.25089994155799233,-0.07834802569953991,4.180628639971516,1.8561836398189737,2.8717742978126637,-1.2589686660699229,0
-0.5336054116787041,2.093746935339661,-0.7153621142582711,-1.5117297407843886,-0.41537478564420083,1.0320916437634593,-1.50330159151335,-0.7815696782956123,-1.1939065015102497,-0.273367194775932,0.07175964340894891,2.7015881869385514,1
-0.42841570458741396,-2.813551482092246,-2.9625828051452654,5.307220002604706,1.7160769377392184,3.282152564823706,-1.0603130037567252,4.909877021017054,0.9254960935495896,-1.2544674862830407,2.5995756560765564,-0.1584193151621293,1
1.520625107945821,0.5936788909323898,-1.077291959205013,1.9378015687737327,0.7133108596332132,0.14764331783988882,0.8530320010603414,1.9407666210432688,0.7581801572922938,-0.36468396292622074,1.7821245232670995,-0.607132936696511,0
2.267270910500818,1.810005276103254,0.9705366058073825,0.5516688805040098,-0.5117749343765183,-1.3693817972782354,2.0907131979978257,1.2339537578324962,-0.47649002494221043,-2.0857125686970965,1.700333849373504,-0.01840776299117716,0
1.1866456835256247,0.5319074183334961,-2.0951020100050606,-4.249769091299535,1.2984683303387408,-4.252644780622232,-3.285600506581507,-6.107599320364088,5.473661648151533,-0.5302860677880038,2.8076667580892067,5.262405095628135,0
0.9761272506271288,-1.0258445208669489,-1.2547505790539555,0.4683545625998577,1.8077342616376768,-1.0114070249964133,1.5310840632920226,0.9405200769067683,2.136401053910012,0.2325800712937796,2.3924115479596804,-1.6099201015914772,0
2.469694264302966,0.46897403519169684,-0.015777873320896196,-0.5896207992998224,1.7022811383926468,1.3350647464438792,3.8227531651621787,0.04159084007252245,-1.4309998663793715,0.5444903328246862,-2.4079308034856783,-5.391397113941668,1
-0.8131908171939957,1.8236433425409397,-0.36444926754928997,-5.776390624340393,-1.9301817997131339,2.3502372708675234,-1.2153568213808783,-4.892009029855038,-3.3434133060479057,-0.5773122493731528,-1.8940184791085484,4.633165824137273,1
1.8244413534031092,2.9301430422622374,-3.4984281915911275,-0.053352447263069765,1.5169250538950558,-3.6956881074162977,0.49283855412348154,0.9879003688196539,4.342642372259052,0.7601935552997002,2.091211313971217,-3.560343038116855,0
3.4588645825118345,-0.8289568661205193,-4.277931783302236,0.2816773501380781,-1.100625029475024,-0.9921269700605057,1.1175600955297886,-0.05565061101718505,2.4819466136070862,-0.16177799434610654,1.8623988679924395,-1.202553690187316,0
1.4878570534106657,-0.5026196256946743,0.48605806749566427,-0.06742153554418513,2.0970808796258824,1.487013620563432,3.3460449064708895,0.7498169559305514,-1.4317077931650095,0.7167842812743763,-1.5899649957840427,-4.49769437000503,1
-1.0266481795406186,1.3475767248714265,1.183215247111471,-3.0768726624810934,-1.5009811476834287,2.1163747305043104,-2.4650819522538034,-3.090854389770034,-3.105631769555716,-0.5449626250762457,-0.2681956060986047,7.019583209554768,1
1.3269003403739381,-1.2052857728416784,-1.5319368720015778,-4.094755818128981,-0.8872440615906685,1.2352233747649322,0.700547374592025,-2.704753449527841,-2.497605760746932,0.1266031824449031,-3.833083224960311,-1.89165495306765,1
0.4125556272386999,-0.09362951879061054,-2.2110735302891698,-2.896725317113388,0.7414423239054575,-2.697806634380945,-0.015932548909752153,-2.017527846212518,3.0587681051404707,0.7165588133811139,2.5095559955162563,0.617100704965356,0
-0.05730220030626976,0.9059332388990876,0.10580676113608534,2.345477246814947,1.756617621032357,0.3961949635990556,0.31575929388589985,4.027457137852557,-0.9391311790746917,-1.3619135284923334,-0.3064664383705651,-2.967630964722135,0
1.5575308706105915,-0.6473033136278947,-0.7315092941847096,-1.0102544926737784,1.331456530735476,-3.32612461036459,1.835688110603107,-0.5256702921951311,3.3098989823161005,0.03336334391365935,3.6431723080936633,-0.4454984855589334,0
2.7243942542850963,-2.2062893129932486,3.1997864295448566,-2.2918836516135603,-4.719201560337627,0.9925219020651128,-0.9249914199020628,-2.053936904887748,-6.458196998247808,-0.46107997435638975,-3.181025880092327,5.554384706737989,1
-2.952679064811237,-0.5043546658368215,-0.5516719349682326,-6.034061913249839,1.7469987737397412,1.011995665497855,3.0668666229821073,-1.9932783040972164,-1.4590229532464378,0.07128556952650845,-0.4481332633498125,-3.0066083308776843,0
1.664933381414036,0.09022379607414867,0.8434557468209944,1.3913760389608887,0.1384044516188736,-0.28523734199354867,0.9072910322839913,1.9859854067876888,-1.0944743640017929,-0.6863731592055874,0.35621804780297217,-0.4999993696983705,0
-0.5378288671749427,0.69209623579118,-3.2068070491460534,-3.8526249304431706,2.964608807246794,-2.1827276950910797,1.5620025870147132,-0.4618796168999526,2.1174968767231794,0.6467577814343359,-1.6523609352503361,-7.389548441313338,1
-0.21249492227820577,-0.43526792731898334,0.9496235579983616,-2.239022468708872,-0.7139450877635143,1.7294940083850667,-3.14669147652571,-3.676855401181954,-1.6371099912756,-0.7948070634171296,0.1759875504047166,7.654093986334243,1
0.46686871251009987,-1.2472934542100755,-0.908424149012107,0.270691651644528,2.2959223664326913,-1.3774284091486508,1.4800963363971147,1.291334567614381,2.0553890833411663,0.14448567124104786,2.0626659460009527,-2.348237363726324,0
4.827046234503108,-1.6506747504451118,3.1957027807990355,5.3493094537849535,-3.1319544785072306,3.4414032349371535,-3.6436749017623296,0.7728291359510759,-4.764551103812586,-0.3840492417277196,-1.6283807052776862,8.606437778955845,0
-0.15862949647102376,0.6654333296864167,1.3327406824441623,-2.635568926736318,-1.4402037957830043,1.5633754686208592,-0.7876499550073157,-1.431380340208033,-3.961185548576796,-0.4232610109361599,-1.9178505961945775,2.910994033782429,1
3.7949263736650947,-0.9743810717846347,-0.5628332770802985,-0.7198616183716862,-0.2707490546927961,-0.9220473060222745,-0.012310794194899444,-1.14437316588456,-0.7506320378712946,-0.8875776601651266,-3.1049254030467184,-1.884409545352519,1
0.8431784511725648,0.9599358210167958,-1.7042704946088918,5.210480014944233,1.3592588322985995,2.328579459239455,0.7244219826172891,4.306840994290659,1.1955773157912284,-0.8449157486676118,3.897801188965431,0.37825634904102484,1
-0.19289543221516148,1.1428447617880475,0.7776655027620198,-1.0761565182631279,1.5882169360810499,-1.07286662266054,2.321301322393758,1.2388777409850873,-0.29877083452103975,-1.0315428613465414,0.885685270737909,-2.522601261865103,0
-0.5689168563615903,0.9443628059808891,-4.69074423950439,1.3521900607465196,3.4282758364542536,-0.18420198575303837,-2.7423218258599755,0.5830047736547757,4.964525437515454,-0.395114402615243,2.400933000457213,-0.4248390570140113,0
0.09730849982155654,-1.7373866610329896,-4.2101338705404014,2.7510042664365177,1.2246225439660046,0.907252671761636,-1.3374548406518258,2.9435531185394495,2.38844495418606,0.058053109910067055,2.20582765119262,-0.9169065594879213,1
3.7680839072820653,0.6990805480298281,0.9272583952767497,0.9598938777036367,-1.9713566415791426,-2.4190784736729256,1.7899117684528685,0.6760646400869137,0.12350941918742826,0.707249477329009,2.901116314500296,2.1511531678350804,0
1.7521226634167926,1.0703740817138274,0.7191887802033352,1.549955591599688,-1.0189774404088714,0.17698006830933122,-2.8179076388817754,0.008021520455339548,-0.8415267312532148,0.2659793181088437,0.7507067132279941,5.355900351597105,1
-0.5312288405280605,-0.690824991374653,0.6580445586535615,-1.6196781885968912,1.5916361410845106,-1.7147161006249614,1.2063975260026947,0.8660632910831646,-0.08348209011705045,-0.5678931744748102,0.4432505761867448,-2.1046766765929563,0
2.873609349752587,-1.271973196565646,-3.2066217031466553,-3.060012054273775,-0.19354612425245854,-0.5127657495927533,2.900614007143869,-2.396821257657229,1.0867453497304695,1.103791710404136,-0.5393053010492979,-3.4736411093064508,1
-1.1147144363525419,-1.0809433955921757,-2.6914588443280527,3.065317657921504,3.1631816479661943,-0.6885218345458273,-1.1370273260402024,3.27541186903862,4.211488325636639,-0.848949721308355,4.748309642448601,-0.05188039004314758,1
1.8363995136021052,-0.6441848576725762,-2.614150415707458,3.548972449043219,1.0749398565987,0.593309712640659,-0.3191673592328643,2.534250563651192,2.099527440389734,-0.5509514790470553,2.3194974802397197,-0.3297141915367335,0
1.448758692632072,0.7699138153306863,0.6592013194606756,-1.6716324352226353,-2.5771166122875266,0.4050718823006879,-1.6680646333836486,-1.7011868084087705,-2.7129287620722335,-0.6401495376920533,-0.764552131827553,4.766225097133553,1
0.21010609883705245,0.3843769100664387,-2.544884437132152,-3.711386062281922,-0.16012359354612604,-0.10228315285850753,1.3548339411386525,-2.250509468536294,0.6724012774188465,-0.33354386048678947,0.9060511465147635,-0.420972861095697,0
-3.035616717974663,-0.025356028625250337,-1.1752444467970977,-5.15664283505065,2.7928852078022826,0.12594118489688233,3.0791453367422132,-1.461412219973134,0.559151856198412,1.5858640664104484,1.215555041093909,-3.3185011065320786,0
0.01268705166702433,1.4474366052818621,2.737419437175219,2.1449159074778095,-1.8574326547421083,3.0088780495546485,-4.260548539970465,-0.03610716874966302,-3.4928700527290153,-0.40667675796882546,1.3215200692752271,10.429571793013098,1
0.2577115615156793,1.6732334520426824,-1.0381035379847505,-1.3747445999186634,-1.7390434811125788,0.43489076363438184,-1.2119675453948469,-0.24580902920015202,-1.5743591464423445,-0.8460722132940726,0.08295003166765325,2.5084644793378446,1
3.2496076186407956,1.9027930068175727,3.3196529169251234,-1.0519391066218522,-2.5917984270820487,-3.0524902297939382,3.9101839440725934,0.5509396399977112,-2.162214665484912,-1.1282490112117824,2.1432392217832303,1.1417930711628963,0
0.2761633858378181,0.49340554741591514,-1.3178772077346212,1.740104648402394,0.8847913197015476,-1.7316078970805135,-0.30148868276775553,3.8962576519523493,0.738563784893724,-1.308608352823038,0.8685970210629763,-2.7461426865110257,1
0.7178075591581048,0.8623246038372149,-2.342174302410104,-1.6566255766541105,0.7684834623816441,1.0832595451672635,3.184132726169044,0.29946183065723186,-0.3139828477639229,-0.3659557852192974,-0.3218195355300626,-4.411493712633545,0
0.589580826744263,0.9783920061455634,-2.512265810856797,1.3864669768961435,2.7868382469757176,-0.1527268055344153,1.0384971452604195,1.3335584575775241,3.1892995554722896,-1.1631845084277765,2.7214146795353873,-2.1192788607531488,0
1.8631344374703673,-0.7129846488142729,-2.6731050082932066,-0.2185186292169011,0.6679100143826828,0.5913443514505214,2.4138165925963344,0.033237525822678915,1.2585214897581551,-1.9601389443983062,1.2669755215356044,-2.370935607945172,1
1.7969513724199164,-0.3471182232208718,-0.45269564286356945,0.17228057230289764,-0.5895121249080473,-0.32758567698679,-1.2384374305206018,0.07778733872220345,-0.6697446117451918,0.37338023492230876,-0.5817274583908131,1.2656771935025275,1
2.0454793303054863,1.152817377513266,1.0771254229546061,3.5811199997438914,-0.3167503779715306,1.3747761452617333,2.666086633787418,4.500728954487663,-2.5229053399959254,0.7513366529246134,0.6216796599380457,-1.9667411611928656,0
0.39532785452552166,0.3922719112243972,-0.28256315650526,-2.9278163592434017,-1.2232851111946317,0.8947905105790743,-0.15102804595105357,-1.3815171048751038,-2.7671176560562776,-0.48978132661728385,-2.0839124366050745,0.5935304965379918,1
0.1156546499601272,1.2279044265509094,-1.6524807082840178,2.8158107502917678,4.280028914593667,0.8777636217942124,0.9553111281245212,2.0484193358916354,3.2313215410986813,-0.4615265004204998,2.889057021902819,-2.1030139117619293,1
0.8103137498147777,0.07606235335721143,-1.7872735242343853,-2.2299058714062463,3.4192618170855393,-2.6493150223420834,-0.41684511344252173,-2.7144745739678062,4.363347152142939,0.11002492488924093,1.2870446866255645,-0.9818007780403673,0
0.24711277572832202,0.6814943419703257,-1.541398677725832,3.8320389608209835,3.387458523583711,1.3750037218269602,2.804159187154499,4.785291068504112,1.396346854763629,0.4147279509224909,2.1877189154561267,-5.095908583493088,0
-1.7428130581736285,1.3458174995956282,-1.0035475042130952,-3.3022827827650176,2.886009398351586,0.42009198831059047,3.4999803509381584,0.32119230616900407,-0.3044215975639356,0.6786870224463748,-0.5526691561054904,-5.91332070818319,0
0.842040382468825,-1.1163384305201411,0.3504530034287787,-4.573971040239083,-2.52261924729227,2.301731302279425,0.18047232994259121,-3.255060582732182,-4.918299021368746,-1.4754086335712915,-3.8024948375956367,1.7098059809985748,1
-0.5227077703334251,0.029562642195406733,0.1562031123124099,-1.4594341447603905,2.001041596542133,1.2853097179398183,4.317947905895779,0.8936919618639558,-1.001703077337139,0.5416752541505211,0.7586743542529231,-3.8916977027465465,0
0.6199951805926538,2.696113593009707,-2.2598047179100123,-1.8784359185901185,1.619773974836706,-0.3918758509538479,2.0851577875746616,-0.1411972707137068,0.9944809056348473,-0.2815278777805742,-0.25633790137227086,-4.278980530247022,0
3.741859114239336,0.28671477197766815,1.3652678540637395,-0.3296390692618776,-2.925460843952367,-1.9369585551816972,2.270082761667222,-0.3553829503243582,-1.0443100833574683,0.8224903172056129,2.508176076726885,3.0058703860010887,0
-1.7809332524910308,0.9407122961797704,-0.28945575907610954,-2.9787537764557985,3.095389511402967,2.876818565319603,5.061115971710539,0.006478543016554372,-1.6103112143250025,-0.9045766330773594,-0.5051419339244929,-5.586310736226107,0
0.1392556828709164,-1.5511821881489736,-4.478380514627364,-3.5122610165660313,0.943702703152942,-3.386127620286996,-0.39687566444465694,-1.1138572969862675,3.5699337160625926,-0.5619250912526561,0.6681861605304312,-3.2495835002972666,0
1.5956849150991135,0.6149129150761186,1.6972573501396186,0.3073405838495852,-0.2984446847375939,-1.341819444964895,3.0233694517981906,1.9644318078628364,-1.1906199941550588,-0.43574983590483424,1.7161985242671332,-0.9811157451412472,0
1.2667722167669015,3.320274574912912,-0.8127672498566146,0.3452552748285009,0.9283666174609789,-2.282115436936505,-0.7528848866867999,0.5328707022029474,1.987428142330316,-0.03868812868897097,1.7011525619523074,0.40187299339773014,0
-0.7512485312451496,-1.3401276969217697,-0.9845217395147485,-3.9069887963895487,2.8147145102816875,-3.6406652739564906,0.14965023005105893,-2.3002023420946722,3.4811507497651797,0.04053547816507162,1.8301309835903643,-1.0242684581005965,0
1.7906946648942739,-0.3556343411976738,-4.450978507738098,-2.233865020106102,-2.6956699521200793,2.0160910209144047,3.0516755983141257,-0.03642086042541948,-1.586865716261363,1.5188488040743884,-0.5207156585284181,-3.058461466447429,0
0.806040715181535,-2.504134741947705,-1.9733187758451656,-0.1631352501246486,0.9939581628942137,0.7365241513868226,2.1570671578060034,0.9268548875658452,0.47101919244500295,-0.5261358376911405,0.9124099553738463,-2.685016939925138,1
2.5197223418376,0.7550510706798033,-2.906226047836606,1.4468365481902383,0.7718232296640963,1.2088168962863561,1.809234029423512,1.390484381598868,0.6788941565395149,-1.3128743188178207,-0.16421152235325787,-3.6445795308169417,1
-1.5765273818662635,0.6523077432802197,-0.4291326335377309,-2.8608767377657682,2.7902019698552847,-2.374540207734456,-0.9530488367213248,-0.7606396797745256,1.6779797601737556,0.971690726238144,0.2400558733488466,-1.2803950770545456,0
-1.036269598762209,2.3538097897792905,-1.85680441565724,-2.1730087434139778,-0.08903264208668071,2.3316239564549925,-1.5255957833053768,-1.6055099327987528,-1.0828763329330133,-0.015684749670979707,-0.3212270063487328,2.4201269790376987,1
0.8927859713794144,-1.2485341966368981,1.6112639074669466,-0.31668575174190844,-0.6453415418809517,1.431313213846287,-2.772742617304144,-1.9751073157838097,-1.993750701054161,-0.16308900642078783,-0.3095668828459688,6.341979012609487,1
0.9011982440291273,-0.25516352631202277,-0.75776431796753,-0.9451261298471035,1.4281949774541243,-2.9127902155164467,0.12739716447748073,-0.24307187163755728,2.5239170206687835,0.12841378268016837,2.045150300267682,-0.34639127668478026,0
-0.8215295562450735,-2.6431791836382517,-3.8465108451439107,0.07482517383144711,2.498277800508623,0.3311317485495434,-0.37799411061999244,1.3152936039363399,2.47978270477564,1.0575385402159354,1.0245931309494787,-2.9595669800841855,1
-0.04718444714833936,-0.32948592936005094,-0.9342771800099117,-1.3915996624769968,-0.03942802276280499,1.6737449762875058,-1.7388653725518377,-1.5901025337373322,-0.9819251384954172,-0.8356137507293584,-0.44468589042013773,2.897896501230216,1
1.2775505712545576,1.932797248717839,-4.622817565393538,-2.5937415086607203,1.8469408167795978,-4.378244127732936,-1.7656253985634425,-2.5435758539754185,6.075559994964272,-1.1057819037845364,2.0514914273371967,-0.929497335635987,0
1.4405973854561442,-1.2766283792190056,-1.3794634822795997,-3.3643232440689474,-2.829662872995846,2.2487000483815756,-0.14260324837354132,-2.457585552292868,-3.701183369546928,-0.6419729555777898,-2.979246208986323,1.3689952064774975,1
2.7589403020544028,0.8790502202621803,-4.146909567869411,0.4297623616110935,3.172456836813522,-3.2457236670938423,-0.3432341234360128,-0.6787833661183272,6.091808360875796,0.7468830686662391,1.5957429090425133,-3.4230193535719486,0
2.0984511378594695,-2.003531502705007,-2.377021592625392,-2.335511520908972,0.4436533008241115,-1.2843752831252504,-0.545238322031528,-3.8084872491493407,3.007626410495006,0.9807123521208977,1.7939226699180821,2.4189685336176394,0
-1.2768604391410925,-1.6283044060255896,0.6829509973661783,-1.993902581950634,3.12927926208313,0.4610300145601267,3.788451033936666,0.08258332820150804,0.206333824851192,0.61760884320939,1.736728418269464,-2.8857076407031483,0
2.167237510236025,-0.754719811783234,-0.20375293779850878,-2.4588861559539037,-0.18012273635444287,-3.7071707867048147,3.0204143614334193,-1.855767631384975,2.718774160676107,0.9365717260056047,4.4404146966388005,1.0044596732040114,0
2.8957583487851544,-0.9044899428721341,-1.7530525838806925,0.047246891858096794,1.3914795514622011,-2.7108210834186695,-0.5483936380623438,-1.9956911337122356,4.4194646717733015,0.5493138406173347,3.019185599256443,1.7943580171118898,0
4.671243084587918,-1.3361133301912151,-0.7217461963540186,2.7991594943909357,-2.050483961989274,-1.8812744356465778,1.2100046711502535,1.208346682107002,1.524696948054902,0.7578079229094944,3.931893830854933,2.643544531467726,0
0.885792914725608,0.7876637444971331,1.6553861618916343,0.634783605304794,-0.8626259159341505,-0.18950802560638613,-1.039394495828326,1.5167311056609163,-2.5584345182065444,-0.24600250190760853,-0.6681253484496431,1.8179754058518538,1
0.2864537781127874,1.5021669010812624,-4.917402671056589,-4.414194855930307,0.41122531417103514,-2.1533473290107463,-0.4022411712551808,-2.7564815508829192,3.2252925489863813,0.1865844744793248,0.5505790163678634,-1.811444112673034,0
-0.24247052265872315,-1.8916581667550068,1.2461371575403857,-0.30940691213597793,-0.9437520424506446,1.7819234230514798,-2.390139827148368,-0.6367292231067481,-2.5876463396492198,-0.8609085813217524,0.07240060565491802,5.575605130046076,1
1.362466679791107,0.8930953234016235,-3.6677003116793574,3.6906480775738464,1.873357760650555,1.1685634569256924,-1.7450733098157036,2.2536220575240815,2.7059546175141107,-0.2422086077943272,1.4840706794663947,-0.541827692749626,0
2.9349127332458984,1.023370740042267,0.6660296557049836,2.887642882739438,-1.0785721398299988,0.7691071363992628,2.298586965412493,2.977367094318266,-1.810464044260521,-0.6081607241469984,1.1061033349885847,-0.3892943156109739,0
1.3988347824401104,0.6441064720510975,-3.903421952325852,0.9969461029476725,0.27544424461462946,1.8989331877843587,1.610623312120778,0.7434533149384839,1.5698253107178393,0.228619886223825,2.398686297933934,-0.9574373911183225,1
-0.6284379366512454,-3.046136162841783,0.651258591367291,-2.094661488529193,-0.5771417398835011,1.4280930064250499,-1.7289599812998278,-1.6830295854307697,-2.2757635487906214,-0.173744530477227,-0.5089991445316955,4.110775376621146,1
0.11648112159297375,-0.5423157673870728,0.16516758476569326,-3.5380223670495448,-2.535554807448494,2.8319370434771893,-1.3590710162873596,-3.210807639007606,-4.118976690539001,0.3884056673968183,-1.9266261546616326,4.932275593829986,1
2.124218440419778,0.912579985163206,0.6629074034085212,-2.9400467323715485,-3.643109162636015,2.788513157783612,0.2392052028908771,-1.9762440624515034,-6.135737742083311,-0.13902587071037986,-4.559107100458261,1.5764930351381476,1
0.543273754383458,0.4872480701255949,1.4975594036008766,-1.0314876442947554,-0.0013636895753377232,-1.108551413194308,-0.023749982157562632,0.5459998492963246,-1.7543312696285336,-1.2405720911496199,-0.748685132661991,0.1484538642937653,0
1.2803563051185698,-1.421075731485699,-2.6753975740121447,-4.4703716013163906,-0.022658495247685373,0.21999490829533264,2.39360262487535,-1.3887239794612303,-1.8153589958702439,-0.04600492459174851,-4.576131969064284,-6.736101782595112,1
1.9257251727400502,-0.06316465418581171,2.1142963238061685,-1.1190643602388795,-0.9860121329162819,-1.9661003116319233,4.675008465847536,0.958844727664933,-1.2562169123454707,0.8266022741914947,2.6067279193244532,-0.7999353766153304,0
-0.6543013938459112,-0.25967005172894864,1.4742803513459397,-0.8531189175403875,-1.3324169264348864,3.7108230118715237,-3.8244955015944218,-2.9006071917743146,-3.0310059007363557,-1.330890698553396,0.4654754348511958,9.848902878723154,1
0.9625923897157143,0.5789616619396053,0.018018243817670143,1.3271123291366593,1.1184888417854604,0.40094612084898706,2.4490109410559846,2.401613331486985,-0.3543069532259776,-1.7051296469318793,1.324268145824558,-2.224766314382068,0
-1.9244347860319673,-1.069690009835179,-2.4455962707583003,-0.2883526498045823,4.209884752642661,-0.3801168332020245,-1.445871013412405,1.104341150208326,2.6741431383830205,-0.8432178217152634,0.2742857572885006,-3.0524770572135598,0
0.07891128759196375,-0.6327227363885769,2.7265250996027537,-1.973226118480602,-2.5356787359491855,2.414433741378728,-2.9144982294839368,-2.9005609253923224,-4.500865889159279,0.7968700789588059,-0.7326203401235727,8.907740981667226,1
-0.2588693232015533,0.16852969040490198,1.2818008239749994,0.2985163960925422,-0.8675178502432033,2.3552655689893025,-3.509239013159129,-1.2762869372531744,-2.1025171311969313,0.6673662088653133,0.871776132593306,7.988262638337769,1
0.5251232319127801,0.3155198452358151,-2.5373520758428176,1.1165620217598313,2.73659940487337,0.3422418536021271,2.0791768259802215,1.6338023742132477,2.541840801977653,-0.8439528217701625,2.280877248882156,-3.422975380251278,1
3.0023396212922435,0.28336227828606475,2.201363153363992,0.07021651808962563,-2.6533122887160063,1.745222391311955,-0.9910234095897578,-0.6872720444806012,-4.898949521908,1.2778948991681358,-3.1530036297084765,3.391072174113728,1
1.557011371591564,0.806462081447796,-0.5181800209487676,0.09111270041475354,0.84133790092685,-2.2086556550737466,0.29907785414022436,0.25548904116512905,1.9043727246517677,-0.7022867372457622,2.1174049858078194,0.24458743771490046,0
0.6888896706138734,1.5621027503677445,-1.345910901172407,-2.2180380700982405,2.043698262005576,-0.613581318946351,1.1953903940089812,-2.1846324524946734,2.0919298095945247,-1.1498469572355294,1.2864489215922252,-0.6573334971904834,0
0.4623670267077331,0.6497026374768308,-4.932281445048673,-1.0951553813366628,2.519809343931142,-3.7454459020212294,1.0520227058144989,1.6688435161661104,4.768691450879101,-0.07707660097737244,1.3359515775683422,-6.934696956077493,0
1.3288505915204731,0.5111035375255422,0.08642926959408004,1.7912670932555064,2.6415579120991373,2.2144961790261073,3.2011124412022705,1.5581502011010744,-0.24793863888522166,1.7381097110082024,0.5610246294724849,-3.0926520254887806,1
0.7937724782690657,-0.43082890579879596,-5.519712824214142,-2.98751062666758,0.04498645607681562,-0.9187547129103293,1.3174380728583999,-0.17780881484315492,1.6459901283581155,0.3287312070437136,-0.9372994791670786,-5.701284733749433,0
-2.904138833025062,1.1462794124949438,2.328304370757762,-1.5138717845900003,-0.08794333454723158,1.870614567767239,-2.584804821063475,-0.5481417778066273,-2.9128405681465495,-2.751579723988069,1.2090116446253385,6.71159846749424,1
-2.9016955520105494,-0.6180754277102839,-4.081162947436859,-8.608465146759873,0.602340760895668,-0.8481770842628494,0.23283814864999408,-4.116897648870333,0.44163961742421975,0.7144327744527936,-1.6935646944941285,-2.9788054291381774,0
1.999381224211257,-1.807775218348513,-1.8326994267577552,-1.9137368198649842,1.413002114658491,0.25512416401507254,3.0971979896329414,-0.9541359585107674,0.29049649629039975,-0.15120258483111373,-1.3515661463901554,-4.896963573538583,1
-2.190078211178707,1.8297352701521874,-0.7916525897187495,-0.19132237413947534,4.152840319375384,0.694363491521564,0.32447481355141083,2.0841405660968992,0.48088864293989836,1.4910548522169547,-0.5745214712440905,-4.34982239718367,0
0.8080079673026079,-0.551065509265798,2.1642541055734017,0.7176105574756165,0.37281875541915654,0.018105138189131953,2.491671636039362,2.7895629789832754,-2.6800153590754507,-0.36554958666681114,-0.26910753397896725,-2.1919332970998284,0
0.012446978056799285,-0.15353563225644587,-1.1679277389619185,-1.4131852723032892,2.335998154034204,-3.1979195501452846,0.025251573463584753,-0.33113166887448964,3.3894596990931602,-1.2627173696029381,2.4789663185985247,-0.8904945170676372,0
-3.025132785132884,1.4063626901416746,0.3161471917888483,-3.087804078101121,3.9203181921635606,-2.172944913524831,-0.4543611475162308,0.5256927810965604,0.7729970839206991,-0.23106472683026763,-0.7583281422815169,-3.5859357292827965,0
-1.826345607217033,0.3613209906422261,0.11240502150614629,-3.53969433394132,0.3997040477109597,0.5278903205883736,-1.4127230127101147,-2.125764090313601,-1.1542753311796836,0.16682229286735548,0.027167032955041526,2.9652511511903947,1
-0.6526592006913567,0.19622762737882432,-0.3379078003783498,-2.550150096446321,-0.3332356226059584,1.8187244198768275,-0.9423841682377702,-1.5140164631134168,-2.327135640342493,-1.8618267411837441,-1.3866414348771257,1.8298361882859029,1
0.647185375130636,1.484474495364387,-0.02215010360990899,-3.3040080210371707,-2.820416669437316,0.6791431193522114,0.8026815526293467,-0.29384275320854814,-4.530454546181265,-1.1253575309844581,-2.9098050796888546,-0.5907319882538323,1
0.3633743561598892,0.2507279484413317,-2.2842078941682322,1.2482220252998828,2.087608071404781,0.036217772434560924,1.562055106619062,1.8652508484425505,2.34699521996568,-0.7610026638929437,2.8383533584708225,-2.151594134773659,1
1.801485584652156,1.7576282602205484,-1.1010987103454322,-0.572556900035266,1.1562892551309958,1.2097394477671155,3.638117494615434,-0.5208173454892393,0.41872578125909704,0.93896182799131,1.264575927661544,-2.149613172583912,1
0.18358903087999634,0.8713536944236664,-3.776356030629103,3.2133474980587744,0.8579403923752613,0.19535527809626196,-0.4071116763915028,3.399459540754016,3.0681364579539956,1.258194441193777,4.522853144668692,0.21597180308744715,1
1.4558055135482122,0.3598102890135375,-0.5590406328001063,-0.09911370199722414,-0.316324243201797,0.040137520044166486,0.3573236119726746,1.484074951361251,-1.8832955518773908,0.7337492991750596,-2.138032868583906,-2.5242703294515483,1
1.516057107130881,0.04278874556128215,-3.043156116425825,-1.9882156345224065,0.3911854355040054,-2.2896945561090067,-0.020476929075176065,-1.7238368854208834,3.1527953698290148,0.8930094857783233,1.9364781560087732,-0.08302628314333621,0
-1.3779857489138134,0.42724371354013363,-2.1229637723180828,2.512908580633437,3.6566557085501126,1.7438786820534968,0.49640317484968466,3.4884016748421827,1.5958307820100166,0.8680745586480458,1.779180058934751,-3.1244260827706447,1
0.9326958459247661,1.6411434201124793,1.3551535772514636,3.2349561183902042,-0.45261784173614494,-1.6724761620566582,-2.3315323808430666,3.400152496462952,-0.3211988054675968,0.7240488749227851,2.119970678658647,3.3778768598626847,1
0.44722461600307284,0.6416119648548165,0.06562263664366386,0.1520085288175516,1.3375922667814983,-0.779616313922455,2.0612348089106876,1.6412346002642242,0.364428442430869,-0.22554369239194977,1.6848233560599015,-1.8804062840786833,0
-0.9111546090396008,1.6718953935364662,-0.7142370783247354,-0.2592664645358498,3.0214788963277064,-1.1736799854400846,-1.4417227923144786,1.04411976479957,1.3276911646301375,-0.0882309995583992,-0.3319087871703088,-1.9396355083559913,0
0.7921982641266505,-2.629361426996004,-3.1899039045541193,-2.4427870687363504,2.2081388423704,-2.7825839761399345,-0.48955488757167154,-2.7508511218290126,4.989088644153635,1.3262496985076173,2.7159121163431417,0.08962891835199863,0
2.249792912446551,1.6751138431004353,-2.4639811764313673,2.941224339068303,-0.016144596228407693,2.6960974204844343,0.821129010871489,2.4711893181134013,-0.6949903983901488,1.0457956872194072,-0.19010946541407692,-1.7865398540162716,1
1.402577519741317,-0.21828771951937065,-0.17076143355779605,-0.6103832059744977,-0.11198754095844587,-2.0362328785149812,0.04899658216928571,0.037832504989400384,0.7083527322089659,-0.587269242770945,1.4052457860968437,0.8409814391045112,0
-0.18356351133451376,2.64587060790623,0.2781459748439834,-2.198530269799282,-0.8000131653696463,2.6519912460412094,-1.4431388994458978,-2.148884936726362,-3.0265017601950253,-0.8158499203921366,-1.6121649322640277,3.6359355876697883,1
-1.012066578852644,-1.7581291816085236,-1.7517744117943592,0.6821658966805639,1.1127600087540215,0.7299876487411283,-0.5370233880634925,1.7624881092936784,0.7459151887866721,-0.7578339497728761,2.1087002745178456,0.4087120595479281,1
-1.0039826547186266,0.5075005049808976,-3.3002344616983397,-4.655747523055165,1.8922597496361218,-1.787493320498869,1.3446605561199507,-1.3936712201747155,1.9208413182089281,0.42613572435817737,-0.368897775616851,-4.790606037342267,1
1.0739807014277079,-0.6708187285944588,-0.6247843009913322,-0.6420417033608988,-1.5244165023895502,0.14090540253747363,-0.8359288695243519,0.3442073223458417,-1.7588156402137571,0.4451275575032716,-0.6475793992891593,1.2734435510805147,1
0.6268751606560141,0.12329019021757213,-4.761399925491013,-3.1663969725913845,2.8163458446120417,-4.1963966772013235,-1.6054637333058388,-2.3608104489457507,5.823460609317304,-1.454070750607077,0.6817556261905964,-3.0889359731109005,0
1.411864526989514,-1.0307613127761068,-0.4010184398390795,-2.8728905511299,-2.1402500738296664,-0.5809793427276089,0.4882115958846531,-0.6604137299801952,-2.7359761335276693,1.2306970417369825,-2.199890984205495,-0.6731395547970199,1
-2.427465769474443,-0.6801335700363871,-0.735283660300794,-1.2585417183483265,1.0849374802412661,-0.8235710454686405,-1.437039552373006,1.095811217896921,0.5095048853468427,-0.33503980938190414,2.0352246658060587,1.3268584503018501,1
-0.9673488703238742,1.6467494117808825,-2.3558377418376875,-3.096971261911406,1.0756253745552982,-0.04804891125867594,2.9537739482049643,-0.20317464853441858,0.7552107676901184,-1.089598850347629,1.5823356893018272,-3.1653754606743254,0
2.292903661835755,-0.31573100545586974,-0.04681241067568509,-1.0199965780834335,-1.5538821250900992,-0.09081990745242519,1.2265849721831688,1.141060924392631,-3.39380125382297,-0.4465572084424291,-3.485956217901256,-3.265672861801444,1
1.932214672781257,-1.0721937248494655,-2.8243479849429733,1.3135184257966097,2.520027716966349,-2.5074397991970763,1.9418579978253316,2.2708166805116505,3.74873624232153,1.0727722554882326,1.8549003221001863,-5.372169856187013,0
1.1360322442127264,0.8407082913453209,-1.2523158079737902,0.6380026199828074,0.8717392453929962,-0.8706565902023645,0.9154428111160879,0.9615066417030453,1.643435265640926,0.3504498112503023,2.4703322877196694,-0.3015019183584687,0
-0.16292784182189024,-2.1654765133868645,-2.74494681770726,0.25776336376140535,3.907505425445134,0.07625969565483848,2.3494651233894013,0.9670287361441794,3.4578469123696394,0.6942148211322533,2.494936201036086,-4.199865488923263,1
0.7284924397144836,-0.5183832439327212,1.6719637389124409,-0.32908391558738026,2.085193935395573,0.8946253644509408,3.45293591042251,-0.3255699275944881,-0.20155185981568227,0.6560793963065531,2.1125927076244215,-0.22853005389645226,0
2.102596188933381,0.809474710768922,-0.8628394229095158,0.8623912939106566,-0.5413093537681977,0.291823476329232,3.38847914137858,1.6539072806347133,-0.17996249656676114,-0.48638047492570013,2.3603705405359925,-1.320725994612431,0
0.7208774178131581,-1.0269607329443597,-1.1803782052664336,-1.137132918433157,2.2953147670507024,-2.9662622476489213,2.318187492918616,-0.24379499792022186,3.827469711347684,1.785967986571278,3.9911247679960367,-1.5532785195768113,0
2.4274558433830142,-1.2997696096732763,-1.8250072420290955,-1.7522671503540153,-1.4746058198617757,-1.3883149748289665,0.9068980309809593,0.3317936592089674,-1.1912963737810478,0.6160559459186172,-2.280215280837674,-3.360216746253879,1
1.3496136563287207,-0.31583840516177936,-1.6005332243159196,-3.036585543482914,0.9674206488564127,0.24018373548406868,3.3930760830742965,-2.077465975296734,0.5323649548227595,-1.3658042397675108,0.2609615286838566,-2.773521623451842,1
0.3612742329706502,0.2849451784175291,-3.280850894558006,2.3030977968449813,1.9347209842149358,1.4884680026520756,0.862866873591841,2.8149176216406255,1.6278141440165415,0.9234152632808501,1.587975728287264,-2.980520692614774,1
-1.4668937784396183,1.2747166836555788,-2.76560562309568,3.7270749201967024,2.4524463236007543,1.6055327699888227,-0.9484146070855555,3.9338335335565446,2.437786855730245,-0.614431130500704,4.170474599878098,0.3953548229848902,1
0.07547366289010027,1.4652812214879094,-1.048290587403807,0.6090278232515619,2.700528008989555,-0.24060421632159157,1.2788904099677647,1.6202727554540972,1.4419938361641444,1.3843010054536173,1.1870378560711083,-2.9326839426013476,0
-1.0515538578526602,-0.8907419830443476,-0.7945802456736845,0.05459616817143327,3.357433546596541,-0.9032522821684854,0.6763957088426558,2.0097936547667263,1.4861827774418377,1.0546789783017962,0.8015632371512149,-3.602231533816342,0
0.04265604010977797,-2.2005191727808557,-0.05863825129064737,-2.3972249828265215,1.9613707810986196,-3.611328972260522,1.7059066126198361,-0.51817547544148,2.5860735697048316,1.816905684853831,2.7308060802941045,-1.389908201815983,0
-1.2436790389430135,0.08731709676548821,-3.2060571734695764,1.2537405188296011,1.448878904529201,1.5836253237467197,-1.2120288092492164,1.898764221935175,1.4804737418617326,-1.2280545123722484,2.216766927852821,0.27837966741460696,1
1.1352270980862016,1.1465952743911316,2.1593328207820197,6.183599628058451,0.2691714025096874,-0.21607531031999838,-3.026046202619371,5.149582463228462,-0.8049968583396371,0.690001439420204,2.160257157936231,4.03780332125706,1
1.469656582122731,0.8509196373183437,-1.2357181301656128,5.8545710423296615,3.120256498772435,2.5515888808344744,0.1791275448284908,3.760028243599386,1.7065276117943413,0.21420760577784204,2.321441927139981,-0.7830710077858968,1
1.392850088892453,0.04782799968866351,2.5707884311032756,4.009097960036273,-0.09874560117325837,1.9227256377061528,1.2140572217535224,5.525105471183315,-4.734331330686178,-0.5743675329458618,-2.116599108092009,-2.4933057488749797,0
-2.918617085399217,-0.17586039750785548,-5.659576382489782,6.103107579340174,3.2389669746453578,1.8971684725912474,-5.163127390689396,5.892803520171888,4.461119784483032,-0.2560842504440512,4.5136818720470115,1.2071545571700377,1
-0.7525012986168438,-0.30595114243303073,1.2611369714311986,-1.09584377440003,1.2000039336448038,-0.43489639506367017,-0.18777507447106334,1.2156040941416424,-1.9027775180641553,-0.3578687807532605,-1.484176165254781,-1.417487064220222,0
0.30828432418574003,1.1219984459758503,1.2674692974553352,3.4851731537473785,1.3279490411983506,2.419258186289773,2.221745020350061,5.4390412960325625,-3.3471774300098502,-1.4945278268616284,-1.1551796425339094,-4.1854440013306045,0
0.6542518027872266,-1.0267783673123279,-0.9348072052901177,0.4731062629176009,1.6355282100566408,1.5789415760043282,2.8647509123646113,0.8318330244100134,0.4009744983964367,0.14666189201860091,1.9314167392911135,-1.6447289877366835,1
1.1523244494322822,3.681892594194177,-0.21841257699843042,2.683248682004797,1.3793348612721166,0.4201958805785029,-0.028099697099148724,2.964563732048263,-0.26000594626040474,-2.61933147092784,0.047434172644145844,-1.5898139350354077,0
0.3235693248173197,-1.404334021966324,-1.3786704555945082,-2.9848820540320498,-1.8333101972345553,2.6162638755812204,-1.1839084597049137,-2.698456098354397,-2.6902322290100993,-0.6105426813772517,-1.657449193833473,3.153278783041987,1
0.5633096777668456,-0.253383028898607,-4.825264745015724,-1.812074262192349,2.206151911029771,-1.9496411527802415,1.320252184075426,0.7798007986866395,3.100512405987174,-1.517385868642469,-0.5287989558240969,-7.218456037662141,0
0.6646850224614378,-0.07516437237003015,-1.7709524738704654,3.015310539302543,2.568855763231401,2.1958013746820413,1.8223447923000538,3.2653347722398767,0.5969618995078158,1.4705815724192046,0.9252031312784519,-3.6824867717503316,1
1.720920998738581,0.046342945768206203,-3.926747118342524,-0.9361407951682257,-0.6349106108993476,-1.4000637644794174,1.730487586322028,1.1756566596752756,1.381552969663622,0.5023502239105645,0.7473066345553242,-3.912746074366826,0
1.5528269502113448,-0.21281099199137377,-3.37202293457109,-1.4224125539647594,0.5857313729206849,-3.4837400016515963,-0.17213267444131675,-0.40215311484268523,3.6623845828633645,-0.7690034197889674,1.8063841516492016,-1.7113446322348709,0
0.7012013582879391,0.41044790515241025,-2.729479177320367,3.5141950066295453,3.2823389231829765,0.9027661520134349,-0.05186629564999823,3.282136645490616,2.396754869645929,-0.9730087112428247,1.008831716211071,-3.5631741627538,1
-0.9570581578613293,-1.3191420448658537,-2.3763617516650157,-3.0387758046891333,2.8594719912064432,-2.020979118769591,1.2925443568500146,-0.5909588063292989,2.7467182504547,1.3696369722954702,1.007362273927144,-3.9757499458845365,0
-0.5408940833060472,1.1637434964373856,-4.47482350452875,-4.06061853287624,2.486917484212176,-3.50914754609403,-0.5978748457704526,-2.372685269443676,5.127575656909452,0.015200210042912075,1.6864712950304523,-2.5311534968110423,0
0.6682522921223639,0.9499127065801277,-5.263437209032661,-2.8533892398437457,0.2162260676362353,-3.8718940439943434,-0.30301732974733353,-0.4991422368009296,4.199227746187941,-0.6966911230366593,1.6862895104078208,-3.036299018564221,0
1.3515983939333127,-0.11403352632243645,-2.689409189060137,-0.8353928901991028,-0.16257401475585564,-1.4938187024173852,1.9919640626907857,0.7280927463807392,1.7191813583414988,0.9630748550562012,2.266398395300282,-2.06414731136075,0
-0.5289838048257662,-2.299070805028402,-1.4037758568966,-3.18130033181528,3.1331365916707554,-1.295443448885897,1.1999269069429606,-1.603282328191762,2.0423440183530266,-0.6013298774177518,0.07308098870693502,-3.2621066978943785,0
2.7029315663920137,0.09144110255187275,-2.1882652121445556,-2.828944990984048,-2.9705669454412407,1.7894888141071923,0.7913747745306483,-1.6108829723793943,-3.599442468764339,2.6813046503281712,-4.06614140530143,-1.5289655870478849,1
-0.31247285820993964,-1.0343067692777934,-3.094287193421481,-2.956047022818868,0.5200137622149417,-1.665791021480428,1.6512389097677942,0.02888067448123044,1.5439875799535794,1.326741754331675,1.177252656352752,-3.328645736642835,0
-1.1692182597178555,-1.6898597117021874,-1.4937170772899315,-4.938121322424679,-0.30006045004272264,0.7280933201652203,-1.0147233495433898,-3.5970311379581688,-0.8015685363944943,-0.9529493944671066,-0.5658023446188712,2.3169414494814786,1
0.1335355624979293,2.197710862944735,-2.8369126726149068,-1.185344713066991,1.3747327715823503,0.16882968217643657,0.8986522856843515,0.17509901703021202,1.222154492324238,-1.4520660278104662,0.3844237228322137,-2.7502089812520722,1
-0.3839690756735159,0.8457116617866666,-0.13403134889932367,3.232457107446584,3.1306520211225735,1.8167935360072294,2.388024224141994,3.090216688313032,1.425074188134589,1.072383160917197,4.242179449045219,-0.643633714549214,1
-1.2322875801770787,-1.0299485504922077,-1.6408240702157884,-3.9173639032689502,0.7986510143208527,-0.1455183671025937,-1.0113594099023238,-2.5295781122006673,0.4467193178975787,-0.08598736015385802,0.05841863755394083,1.0922864098737606,1
-0.8272877953945814,1.6846537550688068,-0.11697212220572728,-1.257931338809289,0.8449257045367802,-1.0862936060772872,0.38612241027273364,1.878920413511582,-1.0641827631605947,0.8255782465935715,-0.7089281101772027,-2.70478015921047,1
0.38936279389805417,-0.865774406570215,0.760687049817113,0.2264337496697455,1.9116362898226784,-1.0619774771137902,3.5652934615344325,2.384914821682096,0.1779479908146417,-0.17740518436735128,1.8159087267694818,-3.6199530785513656,0
-0.6219518475895116,-0.45049450811871194,0.2741729945206002,-0.32896084540023696,2.276265675665581,-0.3245660634609221,1.1481477537557767,1.6923629329473722,-0.24751439011572166,1.1193902430653613,0.03910322062256055,-2.8381234936876205,0
