feature_00,feature_01,feature_02,feature_03,feature_04,feature_05,feature_06,feature_07,feature_08,feature_09,feature_10,feature_11,target
-2.6321341862625403,1.1776046776172728,-1.5487922604443929,0.5982344802956465,3.6530106674804657,1.2076393222827388,0.569842575708439,1.9304051068024937,1.4561890447168149,-0.859911195741209,-0.27876541330443994,-4.807037299362163,1
-1.4312661008076697,-0.9036389700309622,-2.41888485313103,-3.9148371212920656,-0.08815882520374774,-1.1067127536922186,0.5656807446179329,-1.872932290567126,1.2052263208567224,0.2704837761099131,-0.12180101168692037,-2.014919901819264,0
-0.03508667282574862,1.0982077264110128,0.2558461452912475,-3.1918721888677255,-2.05052077887649,1.6536641005795487,-0.4723527605559411,-2.97989991646213,-2.91833346360115,-0.20798216496622418,-2.7799035398983643,1.7774419361318263,1
-2.9752837651103743,-0.6448077722438085,-0.6334575336673247,-2.6206185797506834,3.11591706992676,-1.8191217033339147,2.041789669420362,0.047392955549204085,2.4852122249824187,-0.8198424184528124,1.5847807565053724,-4.150840985635443,0
-0.8396940638073593,-1.0080045339099157,1.146548071949968,-1.7688738841878318,-0.6203188718503059,-0.8702911155701265,-1.4110226277749618,-1.4330410310576327,-0.6476711616646038,-0.6019367621890407,-0.26299214537359916,2.511466450422956,1
-2.7487401467774273,0.42467310536351893,-1.746073221714782,-1.2866998187508132,3.0378290826024696,-0.3318507973487659,1.057643254902272,-0.38975761434521417,3.437582367216264,-2.4284677516955657,2.98710034108349,-1.6389121252216559,0
-0.7830189307941197,1.4659729863053197,-1.3738300251262137,-0.23092090047447955,1.339343463828559,1.383380783951606,0.8811583718010262,-0.0663998917668438,0.6581525727552594,0.20672684713210876,-0.11905119096554184,-2.0694673539208157,1
-2.6872667730759745,0.5482282802858869,0.479757925456348,-3.2108803663089227,-0.8226235308947192,3.8286798156061295,-1.7738368412811385,-3.3754514101975106,-2.95776994641722,-0.20862123872414817,-1.4829656051731834,4.626733760291415,1
-1.3604298514804931,-0.4840799087692512,1.178454800631737,0.019370297314707467,2.8898050874111707,0.1874898441853785,3.615917615779219,0.7328119127355119,1.2812212765274837,-2.0477499937897936,2.4704772233325034,-2.618639457777124,0
-2.363461421339931,0.517384012910674,-2.322838480191945,2.4901149843596553,0.8407071752308131,1.873596993821418,-1.0137668606820378,2.841418519087984,1.3403656674254236,0.3396936897262657,2.695566758127242,0.45702359938115183,1
-1.4806596769569667,-2.179938447116955,-1.6391662404319987,-2.634900199726887,1.7645333702128103,-0.5528637265652228,1.31605390818016,-0.6749117577189432,1.1032937022013658,0.3757811288604319,-1.0683212159425561,-4.534370147931862,1
-1.2155392198117196,1.5454446223581857,2.255874564604834,0.9895516527259332,-1.4249189025280804,1.3899617107907427,-3.374287180919713,-0.45614905392300953,-1.8259796168304916,-0.5731602200293155,1.1395172780660225,7.5137256868101145,1
-2.4308803653071953,-0.5976355802010284,-0.5616858365983056,-1.6141179542248771,3.221047961286688,-0.07765341014372185,1.3115751246454825,0.5409756360583339,0.8277697443133778,-1.0066421969642496,-1.1896565550441782,-5.289980084369574,1
-5.54492835426674,-0.3394674501261446,0.02056214428037273,0.49466130064748276,5.666330148374729,0.8970716483116721,-1.2359031687850626,3.6661650571915443,0.4407830750783892,-0.27537618594086155,-1.9511957257709576,-6.142138309773173,0
-1.3543102230589912,0.031768331409075826,2.9519029595935287,-2.5797743964289435,0.6839339027123242,-3.15245867458815,2.364043109078178,-0.033116473692330395,-0.16553542000057594,0.18230544914048175,1.2749944953218482,-1.230067754411119,1
-2.6064920175597788,-0.5862728255828021,-0.9134826132490461,0.024020458038483756,3.3578913562549912,0.14647738243128683,1.6556025781849317,1.2729604479665126,2.3942761644927555,-0.5883210349600975,2.1973552829952023,-3.1729287992499393,0
-1.78948044229827,0.12346853813829041,0.8304957064334113,0.05880221752130303,2.7291080033758885,-1.4523444230406053,1.701289836448554,1.7017234577127294,1.5173081818657996,-0.10320194992339556,1.4922560269588045,-3.2134377383681993,0
-0.07137821742116501,0.5221411087759013,0.2798745415748828,-1.0446883701833194,-1.5188693434211287,-0.5367355745933828,-0.12687440388985238,0.2895345503879294,-1.6056184211458373,0.11761078803827575,-1.2342364788709936,-0.32438781413286344,1
-3.073384567612009,0.5686536966453735,-2.895760656872656,-0.02543917659229735,2.197032268252772,0.02640207447998688,-1.1327749284600224,1.348947534916591,2.718887881409309,0.8267358487762243,1.6616619469387666,-1.8104686556390033,1
-2.348711877859759,-1.8823305749492907,-1.720967269424951,-4.116485680225399,1.2629650053779629,-2.599187975743824,0.04677639117544552,-2.3372898398365036,3.1143590170484927,0.4301727399786409,1.9287958580659161,-0.606941130109129,0
0.3906688709263586,0.019108472433769425,-4.725830911504102,-2.4632309645045805,0.32098106052636155,-1.885230584539284,-0.6882939552091791,-2.788816003539602,4.530689436571888,0.8121391372276796,1.2579149234381422,-1.097054973572475,0
-2.367314017871736,0.7857440479595648,1.4855701374101504,-0.4277833800990788,2.5388620907174264,-1.0254309649424096,1.6335437420947283,1.7898041941675809,0.3390298255649481,-1.2447498144280529,0.7014037976379991,-3.1940431532467835,0
0.11883846618869609,-1.2724942216534036,1.838419648431491,-3.674981225941863,-3.6360962091992732,3.535027018711654,-0.8303791849060694,-3.9301654291666335,-5.85768177924322,-0.4348323354172935,-4.141584227355227,4.4266905108271795,1
-3.449760972768628,1.4523518415472947,-0.0910468923750205,-0.7807698054501288,2.9457994885792425,0.6453401593472702,0.7332385603816831,1.2141076787287566,0.6091473286660023,1.4321285401575012,0.5031661751497856,-2.817154892549604,1
-1.8964373975456807,0.6933328857398315,0.4835746081878003,3.553639274401712,3.0556447008664116,2.414638234971545,0.5894128222907637,3.1426785433038065,0.6091082918404465,-0.7168055218731446,1.744710953779356,-1.1637072817674698,1
0.06669700792942868,-1.813245066223178,-1.0017100109746109,-0.7047527540832732,1.8381882039632906,-1.9247131679287017,0.5652731587987578,-1.0880602365499379,3.338346652396488,0.19606767510361878,1.7380595972486477,-1.1629166017424408,0
-1.3226023823161752,1.0769611192200614,4.326121841397526,-0.4331131410342502,-0.42865844276264276,-1.1379899684750776,2.24900433524978,2.6575536023788024,-3.589467509744279,-0.11687091816113182,-0.6339413511871856,-1.6328247499672959,0
2.028955329248861,-0.5279209398222526,-2.0062024894483166,0.45844336133651936,-1.5394151444725905,-2.1205497346792224,0.28862202492770395,-0.19434757451293905,2.430284266279228,0.5025547429584104,2.2292626332538124,0.5428548872077278,1
-1.6349520184364477,-0.48474513068011094,1.3031042175529681,0.014904488224321395,0.3747472072737965,0.405006945304931,-1.9642038564615056,-0.12815831646921527,-0.6054438122770057,0.3461011449480532,0.280733855433406,2.90435291989262,1
-3.1793208629213123,-1.246070564039077,-2.4269261616062914,-5.268341163464172,-0.7336823281366114,1.4648876261893171,3.020430694678775,-1.151581577301264,-1.452224395210309,0.4139868269591313,-0.5664152843055879,-3.67820093007775,0
-0.5816621128538109,0.7887964417527804,1.6417367845880586,-0.35236503346256687,0.8210453083811047,-2.007853601251328,2.696008397942961,1.1748635116679846,0.6829623220376215,-0.5244154561185589,2.2742297180481357,-1.6057496082982528,0
-0.8476456029066146,-1.2713840013346638,4.61011852032678,-1.3343467508486304,-0.49964525884426525,-1.6694589492682754,2.9587006898599295,1.5638435899809395,-3.2782601736080483,-1.0732110461498128,-0.37421727039279795,-1.4701627631562144,0
1.2296775636279798,-0.8675976587001362,2.071329774675931,1.712466709992317,-1.2971740165994017,0.061789843104318454,2.514297392579329,1.8886738428734775,-1.601622086679439,-0.7375283651361643,1.3747481694163617,0.2170941130539574,0
-0.16093664624691173,0.33706734075258044,-5.121339241905075,-2.2648751114799333,-1.4756535598740432,-0.78213257590247,1.490707336156781,0.5045154976724835,1.3261152358011254,0.18571505449749676,-0.371787425797234,-5.126106419266367,0
2.134480019265439,-1.875168866727804,0.670655054029732,0.7333362592064753,-1.2722338633924724,-1.7355406478461441,2.983469857459813,-0.1796859443110983,1.6325772804825998,-1.0074502080668442,4.240660248176936,1.6739207229309034,0
-0.25581705816073774,-0.03760375728720348,0.8937658675961646,-0.2721801877924525,0.9710663558742233,-1.0286825513442608,1.7849997245307636,-0.6155805244247411,1.7984968074155485,0.017324709353076655,3.2499303557073915,1.0403610695614454,0
-3.2517534669470693,-0.2666481515157719,2.3998759701220687,-0.1341958486803183,2.6488537321396963,0.5134319530986129,2.2760147874783083,3.0745643793255963,-1.8320624241966756,1.7535153359567137,-0.671699638397709,-4.49594820037145,0
-2.6488480535231123,2.64646338640885,-0.9010160181607805,-4.1723831125461945,0.38344685632479947,-1.354800655950175,1.214034707917266,-2.198770395344214,1.7149615727739043,-0.596300646630139,2.7220259077381237,0.6140845639453162,0
-1.6596231390199516,0.09424576418634181,-1.0837602143111076,0.9547204395542492,1.7399081369231975,2.737836773094405,0.5708903570373022,1.8970994565536485,-0.8993434651045095,-1.5192078762992567,-1.564910444782601,-3.585213415426883,1
-1.1983809210101246,-1.6756209553505617,0.4987818464912457,-2.797151067438587,1.3302446818960596,2.202134971501584,2.9001378601480736,-1.8169347409252354,-1.4985036471821727,0.0661145719289269,-1.5532874337409732,-2.7034662389212007,0
-1.1543238715512987,1.6915814722449725,-0.13301927212809317,0.5477299883743911,1.4651456157965728,0.9159577539087924,2.2639293540550245,1.3701262064459558,0.4786550377545696,1.3330277986968013,1.506891716333665,-2.188762206599751,1
0.18989938163612452,-0.27004833411099216,-2.30383037544918,-1.4403920710006308,-0.16940580658456272,1.009868956070306,1.1774121473258996,-1.1323304051894933,0.42661869483003717,1.2791530869038206,-0.6267122095898354,-2.0568193615459354,1
-0.608346667082321,0.7499554661543483,-2.2604342374665984,3.1525353012794066,2.6435480586363465,0.6738048680991342,0.8205404159140133,2.3720982992042576,3.5164173008252604,-0.07121620482281646,3.1792806446182795,-2.0649144904564176,0
0.9975543878596576,-0.19140308134261336,-4.050670729292329,0.7363687190726969,0.7683969553655854,-4.515006266954313,-0.027200179326066998,2.0612908722483514,4.972491507017209,-0.21786873816012,1.5947619158068043,-5.088293831699277,0
-0.7672962749736272,-1.042105575754862,3.41092246538756,0.6447812182920102,-2.2299340344120298,2.2970856637559836,-2.7036721025276096,-0.5118268223771542,-4.049961606350947,1.161177701059641,-0.5801359121735932,7.141461430923411,1
-2.046898900546921,0.8796109492051328,-2.067928425195103,-3.8134260052533437,-0.13050742083117584,0.4842218161376426,2.2998012286083167,-1.4180410233668552,0.2800440028534866,2.257039875342436,0.7535959516080375,-2.124910538616667,0
-1.8335329499605268,0.5453595164417959,-6.3285161167844945,-4.918635767862286,0.44059126744976196,-3.3761357930967915,-0.7864287443156943,-1.1530954475208475,3.7971198152599617,-0.5672353729328713,-1.2991930572842552,-6.405532630552287,0
1.4710599086516198,-0.25994830207052144,2.6368705774565897,2.4421552181193524,-2.1967258216569103,0.706918135631581,1.8443621066679903,2.582260029056557,-3.081902324931682,0.6500866371101931,0.4215211728645497,0.9189008522752252,0
-0.3213444859893746,-0.6797321808581289,1.08473675276364,-0.15878599012467995,-1.9799613533151308,0.9814497313378988,-1.4222904499876696,-0.13561677081879076,-2.4151449184076594,-1.0885837969728256,-0.7031506864234958,3.2120552250446464,1
-2.7337459042823236,-0.6677327347803867,-0.9284184055586439,-5.538444084409176,2.564627828796001,-3.4115797885072974,-1.8084531866658355,-5.445949959503157,4.793654184928461,1.109970032284352,2.511648400319877,2.673465992085353,0
-1.8788632806965586,-0.40589908762096594,-0.2715642397207534,-3.6601297367792465,-0.483917028230045,0.17588431004356564,-0.0355472105398833,-1.713601723881149,-1.3074128966381615,-1.476451931247371,-1.4574833055117187,-0.40262990190674514,1
0.4119820267799097,-0.16494525420944756,0.1493929711099229,-2.027943579176494,-0.09217081300328878,-0.7461730396446573,0.13894018968855248,-3.127317892706883,1.2795423373383754,0.7767756626976537,1.2537060056788891,2.5023425964483748,0
-1.0712761022110866,-2.340006376502143,-1.4339096374712694,-3.5436720930700862,0.38546489000329376,0.27191442800794496,2.3355868961465394,-1.6356445960660138,-0.013775056692947808,0.5973834232296121,-0.8238996681437267,-3.337231992226357,1
0.3817046605030787,0.7583373544172146,0.2838735569820474,-0.033697196990109694,0.33577899829928837,-3.035447852055565,0.6161079584291189,-0.1464592252346837,2.770091724774253,-0.3227712935989229,3.3258615470857364,0.9951377375594747,0
0.5293292053267022,0.19725129408041467,-1.8935206681113461,0.7137424717777935,1.6507205956502946,-1.6902447633739914,1.661878634404667,1.0092170065165853,3.2270186676376404,0.6330342903055848,1.6999078614253258,-3.7050021467272534,0
1.6861651471755488,-0.812435675869294,0.6039188457565281,-5.517028020408943,-2.1951412111817383,-0.15549727637352517,2.8579619727545698,-2.8664373923506252,-4.483413023438762,0.5147853702162796,-6.840022638761766,-5.559351073178719,1
-2.573375680501004,1.285991175458774,-0.9860325776008606,3.6474479815227725,1.4642592934797656,2.807524120436592,-0.7688391997941091,4.267646804618098,-0.2217151001784747,-0.6159541444293619,1.302743487504256,-0.8003818910278904,1
-0.3233146731473623,-0.08198263771905641,2.9278331776646755,-1.1066422434076182,-2.934257001886172,2.0517802128558342,-1.3339558714778537,-1.0718752626046733,-4.95830114828218,-0.03143902579792019,-2.1851060631073733,4.683706824994777,1
-0.5892701471267733,-0.3220191498630588,2.4393155341975716,1.6356501018674943,-0.050302470998550675,1.0432068832560792,2.0072728416446988,3.037519901457899,-2.738888763689221,-0.33483123717575786,-0.2517619026875637,-1.596061480559594,0
-1.707997328498982,0.5734721369151442,0.24330621478552872,4.294259621573865,2.754186090566816,2.9606994299763802,0.41467862224264906,3.8085176601822326,0.17725988968083076,-1.1428681235315288,1.4212219758351343,-1.3292015330653635,1
-2.346420799260922,-0.26723153491443136,1.2061131578262174,-3.969600247089352,3.5979848642339345,0.2866114310619524,3.247749865374341,-1.200044824434806,-0.925575492450108,1.100897897232452,-3.155651115058137,-6.809660751279619,1
1.0701188626136162,-0.838488147577181,3.246662885429714,-1.2889102116609248,-0.7761970255412916,-3.730695043013508,3.7799942371102917,-0.015181502513201384,0.22550078424654751,-1.706756818730478,2.905292985589038,-0.045060135238642496,0
-0.08353504664853029,-1.0543330840303597,0.6215073894448223,-2.898734820863178,-1.2165676905675378,-0.025495327696223535,0.4108794446607167,-1.4480063178851568,-2.403981608957398,0.7218758249056451,-2.9344696907778403,-1.1415250874379084,1
2.646129084802241,-0.4347105299054453,3.7117732106307377,2.2589358215639597,-3.2592727654211995,0.10740039778002464,4.468307394708912,2.7004456326843176,-3.6409996628532,0.2750580683163041,1.6360405013592398,0.6540200720489358,0
1.1927788448887002,0.12247360034422076,4.204060308370149,2.7059144329680542,-2.4240160006944347,1.2205726007941171,4.414051420103735,4.387272772846559,-5.102102195276018,0.24325789237888523,0.219572836065431,-1.2466006437274355,0
-2.3424591526624376,-0.3996714592583262,-2.357465864253568,4.170677815915845,1.10293496204793,2.7602252281223265,-0.6666855517978787,4.761370480525362,0.6696909683544685,-1.9712537091064803,2.22361926356038,-1.0584547154942388,1
-1.432154209766865,-2.6278469942683906,-2.695687490600597,0.2350604902188252,-0.423180035469944,2.0713864806071887,-1.4142044641028686,1.0312419533519763,-0.4917030437963919,-0.9636196574058971,-0.9787952582442665,-0.8094391775273316,1
0.41284682768699477,1.1091085124977387,0.10182216285762724,1.250277280733905,1.320392905895691,2.396754239231237,3.0027471364021103,0.7877772865066781,-0.44639308960660157,1.5431281846735436,0.11354522426683156,-2.6610852770007156,1
-1.8920370356250653,0.18573557864519777,-0.59818042109589,-2.2724998301207107,0.8069192018030191,0.37106098353232864,3.068214130534577,0.16896665634181018,-0.10573900914812889,2.0976246163764856,0.7436990423454025,-3.3047132633962364,0
-3.27118770846905,0.2866876798546493,1.4446290564714137,-3.2150450583784838,1.2902971497719553,-1.2610047870878984,-1.674946161081568,-2.043146150698079,0.48469017077917365,0.978623500357145,0.843971777007759,2.662999327078761,1
-1.8191118965144415,0.5837539119211342,0.7307981882415424,-0.8178411506285438,1.2843394655933544,-2.7988336792873376,-2.3689664613202357,0.3762691822652674,1.3006154535067038,-1.5796388106378376,0.1233642630127183,0.2805086684993728,0
0.038957001400586666,-0.6820782933927191,2.526588980908768,-2.2676686368962105,-3.053658516618894,2.0877663563793565,0.4893719521265385,-0.7941377769610958,-6.025868979622264,-0.8705671277941168,-4.190213265461456,0.8168916006586953,0
-2.9586764490569735,-0.39038368736561413,0.6417203365409342,-2.521563830742112,3.0721680257659303,-2.5502052848844854,-0.24728681713481082,-0.44349868785308777,1.9931268253799523,0.6899671706381076,0.4352927693559432,-2.187825919385522,0
-0.5174515429730949,-0.8932853613629927,1.9922392222519076,-0.03925099860353323,-0.19411559664417033,-0.8420741288584245,1.0087864513577007,1.0941531494657282,-1.0923351301806323,-0.7128561122439186,0.5395986440606645,-0.055660690714774,0
-0.8976047656373038,-0.185532060784697,-0.36089597727856715,0.2947527162149318,-0.2411417528221922,0.24768748324328127,-1.1465689363456493,0.775112756194843,-0.3120259991191294,1.7170826561431667,-0.06953123851913201,0.5403021987203729,1
1.736353516811221,-1.5599782029136051,2.210797019864455,-1.1620595404934506,-2.3126247051888527,-3.7453070852650505,1.246218899394118,-1.0268503574876793,0.4076230545654043,-0.362131556954333,2.6736842800701233,3.0013937279321916,0
-0.7140253252844831,1.275981735228839,1.9686866237182614,0.38948700192138674,1.1429893974963308,-0.7342831151779481,4.190704665192322,2.2245786962924132,-0.19568378437738337,1.7808839829389187,2.21592374814127,-2.990923041639907,0
1.455183613390101,0.4374559510423428,1.9025757525012235,-1.1260392316480883,-1.8340284373238596,-3.019664113536467,1.0954954748091155,-1.266512524886484,0.5010859304395708,-1.4088955350875951,2.467621080311789,2.9215060417934824,0
-3.8339809301508803,-0.4853112204521186,-2.301652788646857,-2.2488302963153077,4.506759260248592,-2.4813314280451824,-1.8635704227148768,-1.1158528503103777,5.322986966235797,-0.22180629073944835,2.1359432105513525,-1.7086992507847196,0
0.957253747798591,-1.8081767021518618,-0.5462576390262988,-1.463064044310636,-1.4024874195197425,0.34554015217834966,1.0227461369215949,-2.333796221462145,0.26930984152392234,0.6689171725280519,1.2457767134294213,2.1489301846832545,0
-1.8073986173889947,-1.1137730534524755,-3.763774489924324,-4.26932709602536,0.4462232366443507,-0.6477936135262322,1.1853690982011782,-1.0191083071917082,0.949244441756314,-1.0578492683470586,-1.7881063715007148,-5.64574331221136,0
-0.5280215869096706,-1.5891164182836324,-1.1142988573136499,-2.5024228255626495,0.5808649281262134,0.2264787956357347,3.3645385494682376,-1.8846002927659937,1.4354063976477667,0.8601554100590404,2.1972930861244135,-1.3079571547471285,1
-2.7298990513150976,0.24280192920365332,-1.2443455917905186,-0.6802164476615474,3.04838299124572,-1.0385181834808304,-2.361184330846169,-0.03522512990612148,2.687596343411808,0.140409855055293,0.24234143859562451,-1.0450564992606148,0
-1.7200513821323282,1.365935173013079,-0.21242342411246318,2.720127498127441,2.8253743815077956,1.992710418636395,2.4278879314248982,2.4176012360656722,1.8308892131740895,-1.0789420610709712,3.922170391859189,-1.1084807301243622,1
0.5755447266050624,0.29570082562858946,2.4850656295863267,-0.888445923064863,-3.593121494124933,2.7411983782054374,-2.027640428911449,-2.2202377998099205,-4.828453282637435,-0.36440569972593356,-2.1541148302731843,6.540569186646095,1
0.3340551199648887,1.644233256987851,-3.9738310763141653,-1.2126342335554274,1.0626209851687012,-2.970170707734264,-0.3323696245885215,-0.6410247241904458,4.506760306324502,2.1832662988658535,0.9602078011455025,-3.341707745394968,0
-2.1832873164658078,0.16108290703298966,1.087051318044157,-1.8474959282834813,-1.3713448132033943,1.4012921631757664,-0.8989600532391393,-0.3369132275827842,-2.9444323867961004,0.8337911146211626,-0.9476877998411268,2.2220543038934015,1
-1.6259916359986493,0.3626978111819355,-0.5615801889420252,-3.7289832648482077,-0.5937266549343174,0.677179710791796,2.3364168769955937,-0.9423735863325435,-1.7581230173167655,-0.7179448122591567,-1.2709302111220964,-2.777074087514322,1
-1.050744262446444,-1.5989173606119742,0.45299099456741265,0.8816385238986304,1.1819733934562269,0.3052886640238255,2.1424445192307147,1.8057619288764268,0.3897698493360455,0.6770530045844702,1.9134546151996021,-1.6571601725811544,0
-2.0463525556906648,-2.2218207056998422,-1.6190987459911572,-5.124696659670485,1.1469392939196308,-2.379992024487936,-0.993342964968497,-4.43094402991021,3.2419081682673636,-0.4934330639904791,1.412360595133048,1.332177346439035,0
-0.761792011982808,0.46070135038959814,-3.141729591218332,-2.0029666638033494,0.1389669955056796,-3.9639648397159055,-0.043158837947619766,0.09824858987709573,3.8233635728849116,0.29784022562854734,2.0851063108391688,-2.4964866750096397,0
-0.8697318129804854,0.14907086924474172,4.2209058345105825,0.670510008255375,-1.3078811827632637,-0.4963105978612796,-1.462308161642719,1.427995810915638,-3.393652539736626,0.8621108575179993,-0.6274564443117994,3.438318417289121,1
-0.7796822532553598,-0.3441804465089908,0.21415736265279195,2.4965042554228076,-0.44041920949045665,3.069718160576344,0.8004113113888218,2.098431100479956,-1.3806441831452259,0.1533119506780632,1.7238964293241748,1.5592494641403123,1
-0.9440410559099364,-0.4452736326787999,-0.990583095963502,2.4560583340990516,0.9010030060680483,1.4853621781611075,0.10105596959205276,2.5783017355108067,0.4202762760333174,1.6005768702055614,1.1321110173006645,-1.033723711572118,1
-1.588628205670112,0.4757880912896224,-2.0886175834318275,-3.7686147153435283,0.09995170529256292,0.6149252238992058,1.888964297578318,-1.6874370561151748,0.054040595165626246,-0.40735939580428,-0.5333974899983351,-2.785486469557898,0
-2.058788171795227,-0.7120761143159859,-2.568684648049961,-1.9563536973136395,3.725911549920979,-1.461260733082937,1.8523340044473051,0.31761497549875917,3.352467588489942,0.9282739564631063,0.10158685552039537,-6.87896981164396,0
-0.7377312252622186,-0.5341785195342945,2.225871273352645,-0.5242311104541486,-2.2226586183207546,0.36139778135342004,-2.5996072317612837,-1.1701277241541264,-2.13823393806212,-0.1401815887939711,0.5450981967470998,6.6030905579903525,1
-1.113208674920046,1.7828379644761643,-0.5671440061105558,5.723968451975331,0.36519656065225914,3.7582153730332344,0.09479099624987386,4.902310991307783,-0.46830553129684094,2.8703897166468657,3.0101862925324525,1.1900063808953596,1
-3.2079485992320533,0.6500266979775837,1.858867309855782,-1.1584337348931388,2.0512891673969387,-0.12541485281921982,0.9894865965779623,1.7868936010755103,-1.3797769682984422,0.35310077599002176,-0.8096819185518436,-3.031415147313948,0
-0.552422877332924,-0.7873748855824034,0.7186243249024599,2.8117748048576923,1.7959297241525194,1.3862680108853909,3.7877532539264296,3.734154468936783,-0.12983098139672697,0.4913391051136467,1.8669101470504494,-3.887971536541923,0
-0.10321187897149664,0.027720182183276525,0.26796901649254856,4.797181981338345,2.102062185233951,3.2746948066825796,1.808971716442242,3.620721717915382,-0.06308735707122196,2.199830133702082,1.4359731671103886,-1.7960744008814846,1
-1.9419642788664757,0.07922877004354587,-0.9067801119449473,-2.275565427597152,2.780164393851878,-3.230788747227404,0.5330208579934714,-0.8687755689224741,3.9695331421142064,-1.5056029163585969,2.305725899761251,-2.1402635075596623,0
-1.8061560733958122,-0.30137275474038977,-0.9633818291328009,0.12574993262976236,2.065697593833338,1.7437234693516457,0.49562990324618417,0.789216414509439,0.2853037588401885,0.2780921605635637,-0.401307386139089,-2.502298773513566,1
0.4882798659558518,-2.2776153067105995,-3.419246482809516,-1.1242438030359652,-0.7179836717058192,-0.648253208510058,1.509314294480089,-0.12134362312442715,1.8075821689218443,-0.7369887848484384,0.858773789473467,-2.8226123014733826,0
-1.4043473211653736,1.9505094890595271,0.7071447021871324,-0.9266281483240986,1.5463479551350994,-2.1418134398704924,0.7758226311600378,0.3095084627633544,1.6737479001345845,0.041040118651138456,1.8397933826113904,-0.9424261853670154,0
-1.7678269108677371,-0.9225951136203974,-0.8732086793193838,-1.311079667248131,4.026737809418505,-1.8406417166027467,1.6672351357067985,0.10392604394856986,3.3386364187792905,-0.6852075616917429,0.8468515638648044,-5.073338329822434,0
-1.4839053740934316,0.13851644873473212,-1.0270122540500166,-1.0558334026963039,1.1660005488728666,1.1102201933073998,1.7712192397820679,-0.2830654509611963,0.7527611908252471,-0.7069407887117064,1.2476549818606861,-1.4472745828208853,1
-1.414421516709405,-1.240759817636925,2.0313395434526362,1.54291729497353,0.7226968387356982,0.9471847700523461,1.163936836241245,3.2427371193121584,-2.288332222802294,-0.8344289834215036,-0.5843623685006187,-2.0923069580500826,0
-1.694764994055495,-0.9996904717970568,-1.9987819827507942,-4.028411002341822,0.17159692435612528,1.2457145446781712,2.105257998026321,-2.027559086810543,-0.35463723576023765,0.7910781764480729,-0.8820472547769682,-2.7999435101923904,0
-1.6344067871463783,0.7197721286492714,0.0859557626921239,1.3310836683593787,1.8596819118693233,0.1614889547802849,1.8334375649371861,2.22268667599858,1.3161860854584533,-0.4655422163275838,2.8248525802915925,-1.5619000122353524,1
-1.877368453796295,-1.8002361010094368,1.6976602262648366,-2.264158570398277,0.11657117853382726,1.8982232187461305,-1.0566117187774242,-1.9750902475702965,-2.5373984800787217,0.49196539162729275,-1.9600623445295398,2.1473922706174218,1
-1.0129306895198253,-0.9372971923933956,-1.114320661077192,0.20210095838854064,0.5006862789758751,1.523136673869876,0.9735007268186544,1.497870694280214,-0.802319199371482,-0.3672432794083832,-0.9554045082523419,-3.023025144871339,1
-1.4758461606638191,0.5284029091356397,-1.5285410068740577,-1.1508577779202758,0.6798552791823884,-1.583553154264093,-0.3049070643105768,0.6900101649976069,1.440165252214731,-0.07908867974566153,0.37119767899853495,-2.1924992100431187,1
-3.2189015927433484,-0.5902913384130075,1.663492384596286,-3.104064508809215,6.024034010394072,-0.4875002911328048,1.6818891316133842,-2.5128944028318827,2.5013432765780093,-2.0665134195495996,0.18107396529279418,-3.217884570171672,0
-1.4786168244435336,-1.5951804419624183,1.1809157082929655,2.884388386498366,2.0000973513020783,3.3173958451961054,1.912105786060672,2.8200207076153374,-1.1563335814614149,-1.591086486638205,1.0375049252237953,-1.2749197666811836,1
-0.7471354536229722,-1.455237953889152,-0.6983981427967993,3.1362782829107987,2.5646608863476192,0.48432107817609715,1.6578037451531566,3.3026448521914658,1.9883489429097936,-0.035687962189546875,2.2788458741993636,-3.1650777865827964,0
-0.7083892422027155,0.1365670008988995,-1.5666573664396297,-2.011214136071734,1.2347259953584082,-0.5691861049411326,1.8057226384544354,-1.0220426187089509,1.7517205109319158,1.1705965914801302,0.6649065630146329,-2.794615900437191,1
1.0254167932079132,0.09950985547971362,-0.5653685621985168,0.11526663623115976,0.6902550018359976,-0.25846715598574,1.4634243192584866,-0.9664908368950081,1.805159261816664,-2.2151407708497026,1.5516949776230717,-0.30270786169656855,0
-1.4695760253256935,-0.15010279988173364,-0.8303738120196702,-1.3991687092424399,-0.34025526145135143,0.1880994512437162,-0.30110389807296867,0.2738547699149767,-0.7243290113417926,-0.007674939521786845,-0.7977051956565944,-1.0304089102114093,1
-1.5528310556886362,-0.4172807295696773,3.8492683672276033,-2.452731912273055,0.7753395739591595,-3.246059585554965,3.6283487202722595,0.9032028872930034,-0.8977267743143851,-0.38516047236387346,1.3722951216891413,-2.3615506535538167,0
-0.26453862882085044,0.8000041377011645,3.2170626605385095,2.3672991768338467,-0.2523514898684791,2.28260718494416,4.396334358852081,4.1756495178592585,-4.086135004527172,0.33692037206974984,-0.05919461514392221,-2.9955306684308396,0
-3.23933623448841,0.5057194481062034,0.7395409187590118,-4.166497129869488,2.0604524752652016,0.1450050989243079,2.3047570914787534,-2.2302235284037364,0.4433990621807812,0.36392664408812697,1.3155788383073455,-0.8713273946568716,0
1.5072688133315995,-0.1320959548736219,-2.983399420528901,1.434974348698256,1.5287252366194428,-3.7543745448552173,-0.11559355458394771,-0.9570353225566743,7.4988755163275815,0.9007393302731922,6.275516240900865,1.586713579769786,0
-3.566172244002977,0.48790436685317257,0.1694039363884463,-1.3147737406699707,3.216461093092918,-1.4797274432862397,-0.9694134963236405,0.8378984071968893,1.5931755127736116,-1.0727412675370482,0.2303972967952268,-2.3049965586837566,0
1.2624134711230364,-1.1256675965459724,-3.070447314032657,-2.7952250320305803,-0.9494019057698642,-0.12885400410061099,2.3950721062279534,-2.210751066559042,1.0640029303672556,-0.419479158306542,-0.47664927799541745,-3.031410805249441,1
2.9026607328955496,-0.4852547572969346,0.6035979937984387,3.370123687247069,-1.7054118714378854,-0.8633001109707279,0.9162327950956556,1.5919586467184097,0.665629895825792,-1.5834859005440467,2.646835125368415,2.0207200106708294,0
-2.0150213995146404,2.1185995300777463,-0.5272208181566268,-3.3286427451216363,0.5011105149127942,-1.076717051727333,1.4481004368654928,-1.113077872738309,0.6731355955107172,-0.9175081957610111,0.9277077232498332,-1.4132106712622847,0
2.244564714571971,-1.0730989433067928,1.4447151463687842,3.5858192214780313,-1.0464766217824517,-0.453144747603351,3.368793385682946,2.9761038898359438,0.0598604328826832,-0.7785343147152758,3.4063792611790644,-0.07136635112653689,0
-1.8328889530042916,0.43409918856001767,1.8876481487351904,0.7485376794481491,0.5346320444901711,-2.773630445843046,-1.694284732474189,2.0268277522763967,0.7405205534829968,0.9646386205349504,2.037254756631918,1.752334047812488,1
-1.2606631120929683,-1.1029734051257212,1.8098031154573992,1.1666212882869036,-1.0091893701998536,-0.8877477493046444,-2.849480747479628,0.8979122282555732,-0.3692861577267549,0.12327571671622561,2.071456729221919,5.4038248459969225,1
-2.820159869969544,-1.2593585265450853,0.06921189849618914,3.0201168848412046,5.14828714597705,1.6753000833717566,0.3238981356843136,3.189037277777115,1.845856677716063,-0.4122842524670732,0.9236413497759272,-3.713695188657072,1
-1.241259093935862,-0.9385782524917515,-1.4107345851939808,-0.4954709365440573,2.2526742906046966,-1.219084272221877,2.7588779490753854,1.9175181825829528,1.8414915741370055,1.6362709045852437,0.6885201489819262,-6.160682703620212,0
0.6806441840261339,-0.7165773779361757,2.972039335255527,0.3192137789252869,-1.1238762502645734,-1.9528683241841365,3.580700713659107,1.7642080163679763,-1.0653747465995276,-0.04829395504014431,2.4522384225110354,-0.3360579279288198,0
-0.21579547956395617,-0.24226427133532405,-3.569500165550572,1.5568795248938563,2.2782986739180044,-1.6605003083760943,-1.5836857546386136,-0.31368195040893565,6.240060697274979,-0.3594215714394631,4.343352539678969,0.906634084544449,0
1.1502114264602687,0.7873776097103773,-0.5191457151347934,0.2622792879857858,-2.5324598080812533,0.5594526647251207,-0.1342132326043235,0.961531118934664,-2.312705097578583,0.816673615420092,-1.9684466500666695,-0.5824895255857038,1
-2.909698973195299,-0.24184399168533394,-2.4719961955349183,2.9884542516308668,0.6844397093372891,2.2111687917690506,-1.642788447347111,3.687368631844408,0.9349711107183776,0.20999748567734958,2.565618116639765,0.5901807221010839,1
-0.8461456687817269,0.46344956830458517,-1.7809259276681688,-1.0826464512401108,1.1360747182646942,1.0105686823990516,0.9030199418616973,0.7334779176343555,-0.6567334232053986,-0.7126243462999059,-3.0398634943905085,-5.525228858785141,1
0.9615836032402008,0.4637796824630072,4.456507014411943,1.297723026340145,-2.8328342007537985,-0.5245049888599995,0.9243294428434252,2.5751323171124874,-4.7266736243130625,-1.1755518955942148,-1.0977955022874955,1.3885612037331427,0
-2.354476993495669,-1.0889064336302474,-1.888013276369847,3.60681069245389,1.6366969009694305,2.2965098753558304,-0.07688581611506495,3.6512038093972112,1.6651073091751585,1.0395830752446023,3.60977911604129,-0.008822276471085801,1
-1.0454630311403013,-1.7302755238205165,1.4725566555500718,-1.536119527245888,-1.0619571611333318,-0.8021502179323756,0.08513379778869545,0.6306802097275532,-2.2635416163781614,0.7970649714705146,-1.3357428088193943,-0.5007308501123922,1
1.3811061050211275,0.340562194473164,2.2114104797061938,0.47550774244109156,-1.2148571376847952,-2.076130978056693,2.7041988417465364,0.8359736907156143,-0.10390159891231633,1.2366138698083653,2.6165174891025593,0.6990373476830963,0
-2.2822770388477265,-0.4170760136606015,-1.068112839604895,-0.5754345880405493,2.108262415444703,0.21959057658792813,0.09322124089822181,0.5031512800106559,1.4215890154043829,0.4764161863146679,0.7873556795393841,-1.8159392229692564,1
-1.9041669163731263,-1.0811835198908615,0.23077518312902967,-5.35312510868457,-2.0685570501511963,2.0523394347682578,2.15439823697385,-3.4419509326848363,-2.95185821511691,-0.703591911740792,-0.42816290720970374,1.605457059783348,0
-1.168901130173546,0.1016578992429869,2.0223318196275537,1.5569456134502688,0.514744396869103,-0.4076727670952852,0.19807043958218173,3.1102759006784657,-1.482038262424688,0.9281514844726704,-0.1688398048650568,-1.2578397121337805,0
-0.8412832544078751,-0.03504373441976615,1.8288436642993902,-2.483838372678642,-0.44632919279784056,-4.270500747127505,-2.5285896905496985,-1.5139150497651925,0.8080000605147785,1.8863850086499634,0.3206507994985459,2.794649356988654,0
-1.9750944565046675,1.3294233933448214,2.916484643203245,-1.1203200299018177,0.014472639180281854,0.6704024266500228,-0.6642119836846088,0.18182964920987432,-3.0045903284199014,-0.3634982210358024,-1.545310860947247,1.264195859493004,1
-2.2104332092739956,0.28310963674253353,0.4233521581711187,-3.315608723321927,-0.7181015768617969,1.10759535936975,-0.21255192340194817,-1.4043331550416078,-2.4308213248999917,0.5488904821156699,-1.7905888822064748,0.3596783954112892,1
-0.006915263905661995,-0.5112224206052018,0.07803729799490822,-3.260856792351312,0.4520205562787627,0.12896406345749956,3.6469847609690325,-2.0306658218430904,-0.388081758004744,-1.4781218903908417,-0.5800657691888211,-3.10321362743935,1
-0.03144063924741003,-0.8460739698188062,3.1075168748481117,0.4005474901453717,-2.86694551702029,3.3273629164507774,-1.700998771941216,-0.4184474083749141,-5.474276054861377,-1.7649929661465893,-2.360621321371987,5.297640105964716,1
-3.670525888493265,0.8849807829023898,-3.1470941009380375,3.333911124488317,2.8314694892996117,2.2661593405972607,-2.3225860495089306,3.8436878323448216,2.305731919498318,0.007618503386573995,2.036378304050366,-1.1448464896993593,1
-1.877424432230662,-1.1043647793577758,0.1519060133259731,-3.591824029252585,1.2400869252344988,-2.693485460067084,-0.3906013638500916,-3.0493268781392393,2.8186929747740597,0.6062563405678478,2.5771173007380055,2.1047990970275516,1
0.3466431846303608,1.2284774036630444,0.671861537432344,2.6289766234081537,0.8839887938344196,2.0211289260397045,3.5809381021043754,1.6775359900896096,0.44626386689249486,0.06309878581412481,3.4938335601394046,-0.16668382165371673,1
-1.8523838627745892,0.283822584490414,-2.5238076297770196,-3.6733703231945642,-0.5239133683738033,-1.3083884288594578,1.3521486936470972,-0.8237387807102866,1.157374779664838,1.0495465216888908,1.038597240598865,-2.242456806048281,0
0.19746582764988152,-0.23879506419979984,-0.6764506071986666,4.259691268393501,0.9853697232222691,4.358682205058073,1.4832261890340734,3.040938826671301,-1.0122955913201293,-0.900628964991058,0.31810995539213194,-1.5814247971422313,1
-1.1956660852934329,-0.8900352712199802,-1.3063786621092215,-2.0541590611297655,-0.3027107000744509,0.8042095723670599,3.1665423064422002,0.33523165601330773,-0.6289651877335167,0.26560446332827176,0.388378788792725,-3.3299439897854035,0
-1.819268148247828,-0.16748501436747926,0.06567485579082355,1.7189454388928094,2.24762433688716,0.9566491258536167,-0.74185842664431,2.3515458482638847,0.08395452218335922,0.4557906753724977,-0.5365333354986526,-2.066952081068995,0
-1.5446268919819182,1.7472833230510456,-2.7674007870741937,-1.8976809703821695,4.876184391461336,-4.026495971279711,-0.5568592643226642,-0.7772372509909189,5.998970721424163,1.79153713167835,0.34714871708957873,-5.831610779746777,0
-4.058458233253084,-0.4331331093653666,0.831340188017035,-5.79946270115194,2.7617364522581047,3.3858030759994655,3.4801468701760294,-3.431598471208412,-2.088489269779596,-0.045672467001461346,-1.8881357505331,-3.070532478961676,0
-0.03758966324178359,-0.5212298773701092,-1.6814403734752124,-1.1332271862903525,-2.1390724265545824,0.9723241724777714,1.369385288159037,-0.5094046978935729,-0.393348722862378,-0.42379628241586337,1.5253982338205143,0.9514244863447374,1
-3.4311427043092975,-0.11984208327449479,-0.026848458200749326,-6.670100995539465,0.6505108813691877,-0.48114955859001607,0.23887205183317917,-4.896483249102159,0.43979814588049493,1.2811835564951748,0.6052490589670125,1.8720466850293698,0
0.3524620880652929,-0.8206707859554035,1.1612929752440817,1.2181522811589511,-2.524407738972826,2.6905763323805836,-2.744513509319334,-0.7019587182272646,-2.8585397519186246,-0.40967327471961473,-0.6176999631503823,6.1968848861748445,1
-0.6625500664357795,-1.1601069241306896,-2.4438841473358295,-2.6644498160693284,-1.1310800267928187,0.446149249702847,2.0828110871387517,-0.40481601252773214,-0.45370935184841676,-0.2930022241229975,-0.5398461217938872,-3.143888709458098,0
-2.406358554765543,-0.28129725422775653,-1.736620104650615,-2.9649898701338455,2.8133215199180452,-1.4457229153795974,1.53122777099404,-0.7651798137961043,2.6777885754791035,-0.45525769742858546,0.687046299898673,-4.365744656923178,0
-1.810627189023319,0.903145271542791,-1.8097540012440656,-2.6572513981443513,0.42115033177552774,-0.7410112301919837,2.1498651325178804,-0.16903584833640384,1.1481906304199612,-1.338422160762751,1.3194675662068969,-2.8844921500604603,0
-2.3288586285648503,-0.10044052777309889,-0.3912582877791029,-3.23450917308582,1.669955273623159,1.2970044399306457,3.294520451942989,-0.5562027252223275,-0.9137824323862659,2.763498545940325,-1.1223175099650813,-4.78408079096814,0
-1.7667873786217463,-1.2949384245497695,-2.6259314602062798,-3.9569784613148884,2.540567045800186,-3.7174336091197206,-1.103271276176874,-2.3755073526717894,4.338297020850013,0.8440782524809006,0.03424097971129836,-3.098441257854384,0
-0.8157257141837994,-0.09285427015992957,-1.7131202355401531,1.9177317432630792,1.1856799459556244,1.315867071667715,-0.08262781822397147,2.1396783227202176,0.7729204138156246,2.1206646818311197,0.2737927878686274,-2.1458803579406327,1
-0.3517984362562383,-0.7054660066410472,-2.336334855263777,-2.291030009631845,0.70960918313965,-1.6901642272376922,1.7852165544179508,-0.9864017773239777,2.556040504679937,-0.2530797208796821,1.204517563195142,-3.051577364465928,1
-1.3130334394500498,1.7084177810813173,0.12082535792078652,-2.017139281160381,1.649626959208133,0.8512618499720654,2.5593490413865547,-1.5560515209095636,0.707447873852029,-0.8377864907783265,1.2783873955962675,-1.1035613083387363,0
1.4448624944473967,0.9078493384580539,-2.050145019581582,-1.7005967522099614,0.5122008917967847,1.309018073785519,3.482648783816307,-2.1762617286572734,0.9354573189026508,-0.3347615356228382,-0.387520136038384,-3.4330778383135008,1
-2.0844693654894035,0.3911364947764302,-3.7078478793787077,-4.481496252801226,0.5144074036763637,-2.640384050994779,-0.099194804520784,-1.4684924808138253,2.69370044764813,-0.597011827619518,-0.035630388776461075,-3.6310368328080473,0
-0.5395691845179278,-0.37299420040431197,-0.9485806133732859,-1.574089470328946,0.600311016437897,0.8070887528747779,2.3315985476733605,-0.836283483118262,0.3561701997945622,0.17357970098503053,0.4484181112421901,-2.0628061288506525,0
-1.1558896374248413,-1.1741572147821773,-2.1748521319760603,-2.9152326238674013,2.2228074595333847,-3.41583873588473,-0.9024001923886031,-2.499928077994277,4.7473865592012725,1.0820133694369194,1.6789788898927642,-1.0020949219905533,0
-4.555700685615923,0.3433964283995628,-4.099373807740988,2.763133462939105,0.6103703547140334,1.4666101804577552,-4.698940044340621,3.7534079640445492,2.3770589743867814,-0.0048807442527805354,3.47783168953241,2.662062983752323,1
-1.0678182622135957,-0.29651625510768564,-0.865912219450488,3.180614394300217,1.8966948046816823,1.295124468637553,-1.5631040874895843,2.826916041593723,0.7321928879592053,0.4730045504887996,-0.087540933473363,-1.2972557451776894,0
-0.8720718274060844,-0.8009939573650712,-0.5765700568578211,1.1278475888507236,2.0070726419379543,-0.07602198654740122,1.2755401441862078,1.251793179077266,2.0421364745987507,-0.032210368034463775,2.2263765472416353,-1.6289210747331209,0
0.0826938227844467,1.3294317050943831,-5.2593106148179745,-2.7286639656063922,-0.6136740189227619,-3.584309349848655,-1.2894308109763346,-1.4904903300987533,4.505125351485335,-0.6449679117649062,1.0847212681810459,-2.079352181410147,0
-1.3437593163550086,-0.9294160734593447,0.059774696582222564,-3.6427693725087376,-0.4914166480412392,0.6472337137924733,1.6966722027312484,-2.361555254873574,-0.9223961971935141,-0.048951148160049224,0.13928424897360459,0.26402538930359015,0
-0.22173502281042534,0.792565803431603,0.4847427949597636,-1.7897309411170217,0.9997693932295635,-1.4511890992858405,0.18338037462323786,-2.7810779741807474,2.3178871747894205,-0.21658212622414835,2.2845352441680924,2.3497343688558128,0
-1.7416085784447197,-1.6719237733955967,2.0523335138971763,0.2422368018040061,0.30812659914695795,-0.8617034772254237,-0.5646886560036719,2.0573353454368704,-1.4627911984466144,-3.0361781069594023,-0.3378052996733787,-0.268775310263472,1
-1.3972044547936964,0.02740852730326676,-0.3696871369674981,-0.4510717055542265,1.6494540621298561,-1.7049446342324546,-0.288852029191798,0.20556920721710525,2.29753701058455,-0.6455624215171257,1.758644398586108,-0.5226957291491683,0
-2.59476715535334,-0.3938584192268435,-2.1143016696103203,-1.9152767129281936,3.7670737001816326,-2.8324544684289497,1.5929009541503092,0.6169851399087756,4.338552569591118,1.164549084906719,1.9643746534011557,-5.571399350972259,0
0.1773378800888945,1.4203944947946792,2.4041875045905847,1.5715227312757112,-0.38704023629511974,-0.9625825824330809,-0.977872578701064,1.8295492310234323,-1.457736477086661,0.705941349751912,-0.5895506798735665,0.8618359730080715,1
-2.8460804918755924,0.45616862685258347,0.7271084202452605,-1.636240379435304,2.9620982591279827,-0.4291636818332587,1.1884861971513578,0.1432232923298693,0.9007039881903754,0.062012297425034106,0.5873343209215903,-2.5243462403138412,1
1.3286129294671871,0.4517369298901902,-1.4518264459958266,1.3702784783808537,1.8882640614182657,-3.208462646070573,0.21105218493710398,0.38155566129201124,4.692341538022613,0.5103795468822726,2.521160905911252,-1.7444236464427345,0
-0.9167710428888893,0.28793626757952095,-0.5931011102903488,6.858515032116844,0.5016889081359968,3.8335347679864062,0.38305844475631434,5.342449541126777,0.4008746903401987,1.0077104045933236,4.787908708450694,2.25157793742206,1
-1.1126385956837166,-0.17961475341042651,-1.4734464400469722,2.5201739237654124,-0.6330306597056394,3.513551450847398,0.6568771004961383,2.901845490292926,-1.3386620147445956,-0.01538945723617728,1.029783730647,-0.23079377464022172,1
-2.3721621800113537,0.6184230507167665,-0.7360875097247337,-5.066373131787973,-0.7989384119693301,1.8066792310047528,2.3841726270844577,-2.896545395761531,-1.6207895599995836,-0.7257477330874575,-0.07832855182396226,-0.20729425139262228,0
-0.3010934241643416,0.8207720168701996,2.77903590309771,-0.13511219136150446,-2.303445225467841,2.9857944914139694,-1.8733138543908119,-1.0596199013151653,-4.643396664691298,1.2216265465488294,-2.088282572630712,5.279077065708806,1
-1.0756679364497823,0.2869510323844013,-1.29717981558628,0.053361154391055814,4.341141539048984,-2.6036682795676835,1.5634890353178525,0.71719974216811,4.847869522971977,-0.6786761866809701,2.229027208332871,-4.8381778712446,0
0.6311196111298978,-0.09212126608455651,1.3798230022103182,-0.7688741607205283,-2.9005291248641925,3.9555726082033145,-0.9764817272108133,-1.6129717710112965,-5.20457827587775,-1.1522195039229228,-3.6960981380361826,3.2465990805578366,1
-0.14514772459452097,0.4548134888819476,3.6545834822509686,-0.5917360799666963,-1.0492149261318182,-0.9172090752603931,2.859359777301732,1.4360200001039742,-2.9240629859719327,0.16263895976016457,0.13484909414318902,-0.709958858012346,0
-0.7432838303710956,0.7751827875109091,-3.2331630023713958,-3.262780539786304,-0.6127570919149701,0.28540522135077095,1.4534186548182424,-1.0703523786499378,0.13504082623121122,1.5453204644024345,-1.3830531314278491,-3.899854074002496,0
-2.490116985954127,-0.5178918024744212,-1.2315548099851328,2.6338024563813125,0.10995471795138556,2.5336940774686267,-0.07833234534956546,3.3380971345898764,-0.05539936831109222,-0.35242763200176763,3.038908859217298,1.123085935359433,1
-1.1855075984502987,-0.3427143409026287,-0.9412705004136329,-0.5098042992423323,-0.05514833563426369,1.672405227024931,2.302430693647861,0.585196066933892,-0.35262892618699077,0.10612109791745448,1.421530636548362,-1.1467990810715403,1
-1.912766780094784,0.4049981991828362,-0.03311111932183208,1.5283141778055913,1.9619334583772434,0.04634413791452685,-1.8179390661508126,2.217616415142296,0.4838416369696839,0.7560520207519027,-0.4364186098181577,-1.2408857166208223,0
0.5440717815582037,-1.364577785499517,-2.9365831936425835,-1.1266326498368104,-0.18069385507978186,-1.4511868060469781,0.9320096206626822,-0.4836145875767829,2.441818543893013,-0.2713874578721912,0.9889167985259459,-2.346981826441066,0
-1.4207335042280858,0.6525097333974047,-0.9849643820936443,-2.2838497635470594,-0.14731327379465897,0.28617526685767203,2.769372933638098,0.1255175097078105,-0.3853835775893568,0.6132810221763285,0.5878559044334007,-2.816099278878815,0
0.2653171152175562,0.02408894125666012,-0.49313453043150624,0.9324269712942808,0.711901518847561,0.3735888414276589,1.9317617101158744,0.9589962604715154,0.8122675635450824,0.8004522695804093,1.2585829310161085,-1.7788188233699418,1
-2.040677355341509,-0.8890297109225392,0.9440626505692535,-0.9181160376775412,5.035602023302049,0.016364242324437006,2.9960331231800157,0.14961519235039766,1.7431831488375389,0.7110297208906662,0.06009806212631785,-5.521551302102753,0
1.4060506386963432,0.814395029478854,1.8309255396581725,1.5464362544222503,-0.6239760041583604,0.19931889852138407,5.0251964594283365,1.8558638633803877,-0.7091414483909682,-0.17775632635941496,2.9242457097736008,-1.2571173897887353,0
-0.6475993517707853,-1.0264607128365484,-0.4176506320304527,0.7151246204500443,1.3978395561894363,-0.624122445368284,0.766925878220964,0.8280153151743705,1.9055382606803064,0.1268186706106397,2.098946580486106,-0.8039305910969526,0
-1.879787346624516,0.992624966686234,-0.3332352337178256,-2.7965336686858477,2.3640814911025965,-1.885681918886183,0.8097700193472899,-1.8661825717213274,2.7786814085285587,1.0519940481486896,1.7616352916666955,-1.0248994126944397,0
-2.512607450324274,-0.1798275211135872,0.8779694363187805,0.3838608627877253,2.686758251787672,0.08654766757853438,0.8228268348158652,2.352309060977272,-0.08440847211514352,-0.29868790022510716,-0.24855777696373083,-3.5378835658208896,0
-3.5188797890081203,-0.9986785740334907,0.21245289849350268,-0.3442682127354061,3.3156004705999305,-0.8173682621720659,-1.6358717187723475,1.5800667056939626,1.039243518891292,-0.33732164321844305,-0.5908352101760985,-2.491917642534111,0
-2.977002774432837,1.2214040263871833,2.1936153605344444,-2.739475125055811,1.0628680604344605,0.3185135706561588,3.3228276832637835,-0.6199712799353438,-0.7040863353028923,-1.1406078980197678,2.6908233956361505,0.26727390176588206,0
0.3062338198968291,-0.1016405224415216,1.148278566006039,0.8803317310802886,-1.0110308233206382,-0.27917911031724163,0.1489251736266639,2.234718315825636,-2.293833234183567,1.1727676114271999,-1.8639898518486286,-1.7271865723491815,1
-1.7914652414995746,-1.0116601735519395,-1.6301762512200444,3.3395076621947752,1.498967687542999,2.0424287647754245,-0.20969497442317464,4.156974892050764,0.31197700079875346,-1.4142482014301718,0.7355604103781057,-2.559228555611734,1
-3.3717367466798587,-0.6590307026480996,-2.48501078479382,0.2267336214755301,-0.005574238223348571,0.4462898752226112,-2.035835060540043,2.261629661261764,0.7862737570673216,0.4437168191640361,1.644400744506163,0.3467277394906003,1
-3.453547806917485,0.6012198535180879,-0.12440824683438523,1.0634819017982766,3.181227453577608,1.2903782902621712,-1.225610625621793,2.219315687413098,0.45442670011584757,0.03837196761372902,-0.11622832518926884,-1.8682829822912153,1
-0.16293994865993477,0.2221673409940052,2.4734893796112076,-1.314085485531667,0.11490686752276891,-2.913200762051126,3.7390933862491034,0.520841214638905,0.4579730725828221,-0.45944871053183645,2.912879131413235,-1.0889768729611031,0
-0.059233670280102624,1.7783925896609647,-0.8491618686375466,-2.0225011308573864,-2.134776224223362,0.8289160724509654,1.043386349007853,0.3172307044243432,-2.990435061043678,-1.161667941542384,-3.0511632713090036,-2.8284647751629652,1
-0.9735153211434533,-0.42582981961310146,-1.3681103609070515,3.9930023200864566,0.6453220838487648,3.185706293757118,0.23457640033344362,3.240835505983413,0.31337882710788645,0.3169875511758932,2.417035112205251,0.40472410036059997,1
-2.0411736737823745,-1.4167103089447146,-0.8635142757960376,-2.508879507048224,2.045506119981442,1.894789525638721,3.601269402235415,-0.18423745427318106,-0.67503052376598,-1.7940832391116053,-1.191218650607033,-5.555912544236069,0
1.895597181007551,0.21960074398390422,-4.691938140887146,-1.2739520329137484,-0.3198541118507183,-2.116769462860694,-1.1202678265878505,-1.9616077091276152,3.838410540876974,0.0658290632826615,-0.3872703090328715,-2.1454304396865878,0
-2.44389940537017,0.23073546377305043,-2.46326579567417,3.2995065603658116,-0.041029755126035905,1.3174555355648554,-2.712251065591607,3.6899349888447066,1.2144120514966739,-1.2711908548884494,2.8224511580550824,1.8937425586680081,1
1.2710339040321104,-1.5483683034347036,1.63687127327984,2.225259739129213,-1.396397179172031,-0.9789033476152217,1.386263462355274,2.2902152144915435,-0.6580259078745625,-0.5611206198167704,1.9500284510842056,0.8420887155984497,0
0.8006456527836197,1.0270303834640657,1.5981745729728034,0.21116887208089377,0.2304354622556649,-3.2734040715141264,3.6178286950973026,1.0528000319706359,1.9455865056393409,-0.8761317618191464,4.129960463905496,-0.8992841238001392,0
-2.0029866653089146,0.8029022016830201,1.2058317385145936,-3.537799682555163,1.627949528212009,-1.1852739959601852,0.8457624079119181,-2.6194184422363,0.9540118970014688,0.20381322932288162,1.0056459280236254,0.5122359557659388,0
-2.2915335133015224,1.2340778304812834,-1.6585932619522388,-1.9601458635291957,-0.03353638728114117,1.2137325879409782,0.6015468385437083,-0.03203646118813808,-0.4081405392895647,0.4566429147428414,0.12226762800288604,-1.2356259253651414,1
-0.6149552160464626,0.1064318315473456,-3.368209852879305,-4.562838576595617,-1.8040608794563153,-1.9530785739041854,-0.8236638150593991,-3.319604760396013,1.941538559099785,2.387581628942498,0.7250898639133733,0.903380866662199,0
-2.0760132419504744,0.6404002294081735,0.46832839373882484,-0.796231133049163,1.997917755075273,-1.6790010372192907,-0.8750546417610539,0.4200567562785862,1.3640201825511733,-0.5474537957438975,0.5294541792189121,-0.8837816867304977,0
-1.7733902122773788,-1.5228972464858057,1.3721375700787817,-1.258959012097353,1.69381082505599,-3.212720157187259,-0.050476947004206574,0.5282215142310408,1.5169988395965834,0.9870148360637762,1.2313591412676343,-1.0330737311902052,0
-2.482357990323795,-1.4128999050823663,1.7318108759623825,-1.1926407997396906,2.025354517912291,-1.7716044474783168,0.10685098680927019,1.0773390059331107,0.0659303648696543,-0.8893700403071024,-0.12820437045983946,-2.0106752699159647,0
-0.4281052771921878,-0.41214201887086777,-0.7410468169220219,-3.163296157346077,0.2563453554307209,-1.9540134895826724,-0.9715129412125443,-4.223592851721819,3.0710051789190107,0.5029439604894618,2.533949408443193,3.773769977669913,0
-2.3746583015498897,0.69390177422633,-3.5633864271868854,-1.9116111245434446,2.3149245065940782,0.054002863980355365,3.7232481749541684,2.1661776342871546,1.3687337504832449,-1.5574639956906167,-0.546221919376173,-9.359497303135177,0
-1.9668986873124894,0.08344001009181073,3.3815136523978095,-2.5488112793504807,-2.788914764872483,4.960021306395473,-2.9168253039969514,-4.026694766065201,-5.839408472086989,1.1668793909956918,-1.9083774510105962,9.551299651990835,1
-3.036600119120182,0.5976573385505167,-0.5422827385399532,-2.809487036808071,2.4072659931181777,-0.9397300751256747,0.9752404929430454,-0.7105281992641483,1.6935970944383347,-0.08310408697244778,1.1081290291421282,-2.220652892615737,1
-2.5643294260538925,-2.662932042712889,1.657623634602919,-0.8694786677819911,1.6473685662137174,-1.1831383194734693,-0.35039011636945827,1.315980032527712,-0.4881969505423541,-0.7807959537464901,-0.4335598037470423,-1.5086839270086414,0
-1.1549760491230239,-0.3622764090877158,0.38606858907510555,-1.0816146732171827,1.6229703624348393,-3.9672028420238243,-1.10361976680689,-0.21181541535798054,3.029540009533965,-0.26630193928999185,1.8678591240532079,-0.0004665230616606248,0
1.092394594579616,-0.4741355617031555,1.7873934438866608,-0.9096991120691286,0.8504428564562128,2.997567278678358,5.358384798055105,-0.7276957069667747,-2.8089796621097256,-0.730348814247837,-2.0346889075768475,-4.225500157457501,1
0.5366589850130328,-0.807406686502619,-2.3723771521529757,-3.3094293058688775,-1.8953666883864517,0.7491343824231695,0.563342656925859,-3.4560431062753594,0.14128595516342438,1.1731014545462042,-0.19811250663733282,1.065365713208909,0
0.9011578874908766,0.5257139974780872,-2.3603564149976353,-2.0356342709371646,-0.977995133783178,-2.4581076125433103,-0.8979527181593225,-2.508943896168788,2.934761076507239,-0.9398740237409544,1.50987798962952,1.3781334669825844,0
-3.5319022110896094,-1.3106146849479565,0.06885573907731257,-3.1171540826726227,0.5713840570142903,0.5534000414304036,-1.510871602365785,-1.8646938142007246,-0.19471664030200264,0.47858732680200244,0.6145553915159678,2.57361038450947,1
-0.3786963651792765,-1.251816425396504,3.403660920234911,0.9646239642284942,-1.827784609972184,0.36754888638505934,-0.6781328165625367,2.331435371416923,-4.423495363268023,1.5872520785753697,-2.079707543869451,1.1282901500816302,0
1.153056915061964,-0.12917838446976662,-1.0840775288214184,-0.661468781982581,-0.9609704085936361,1.3519269508184155,2.1055978555418275,-1.150321841265884,-0.2375058796287429,-0.6961434502622617,0.33161625981880205,-0.4578149355588024,0
0.12779637630317175,-0.6472381966493946,0.948355691567609,-1.2087825915596975,-0.37649235158006233,-0.982617698681669,0.1866059874584174,-0.027591385758553022,-1.3143264834400825,-0.17129867137653482,-1.9943109102529815,-1.5740845023552572,1
-2.6724209232262632,-1.009505153459445,-0.5771566834103836,1.4455626907698216,3.373153921613067,-0.44262637845850994,-1.6062523276505234,2.409391420148638,1.9240965292464147,1.1519705170698569,0.3044362720359295,-2.442946410017458,0
-2.1727744745595774,0.7027931085810876,-2.7773949658491954,-1.5899233364480134,1.992004734788104,0.3367915855982401,-0.1431080765299373,-0.40622179422392635,2.03865369115705,0.5022545958786996,0.06784790326996304,-2.7997029169555208,1
-1.6264780769472758,0.277138644765627,1.026513521557753,1.0439822127271505,0.21056033230993343,0.8322835992925022,-2.8361027355211066,0.055018515398997714,-0.12494454396634526,0.44298172950685083,1.292205572104567,4.688565573938426,1
2.0614482491712565,-1.8212724975133263,0.7987657688946879,0.016828480134591334,0.30832328286673416,0.4499425704457516,5.775549427171857,-0.1898943908283084,0.12869703223335766,-1.8358997030097624,1.6271995056160882,-3.1358842457482976,1
-0.8309541748832603,1.4290406046145134,1.302732870611983,-2.473927563740263,0.5872200640152542,-4.012882759452051,0.5167558034466577,-1.2055822837016692,2.038258610635895,0.011265413595362794,2.265995740323418,0.6089501666810806,0
-0.5249167769652239,-0.47096396756124376,1.7247872955635344,-1.8858520640585639,-2.2516419130914196,3.6185921636354523,-2.0521548015109734,-3.257259661784966,-4.126825705300517,1.3405391785455831,-2.3060274946298716,5.960397125607714,1
-0.6639498872556926,0.16548243280787156,2.7437856898334694,0.8025669890685673,-0.173891688560738,-0.02179651276205319,2.368244100998215,2.76513671678315,-2.514515151636825,-0.8431666558168289,0.028623360149744093,-1.8092974361028933,0
0.1771736728549993,0.03063230722372043,4.533851732178928,-1.9749463680512844,-1.7573372578377124,-1.9020230946334604,3.4692794260395763,0.10887813240672783,-2.9871295416261354,-1.076531697765114,0.8160259011653315,0.6040056132730893,0
0.19779334389094716,-1.2918771356553185,-0.6923515971687071,1.5815864566077646,-1.088799873074224,3.109639069116286,2.6350032885390258,1.26685690051611,-1.1159768760690032,1.2030338669097587,1.9970827029133003,0.38403390322922487,1
-1.1699793001263197,-1.1987093067230026,-3.3990556938906566,-1.886642944074087,3.549260773824143,-1.76772405042447,0.9898282926578132,-0.10488721162656467,3.7036081153948173,-0.4534818448731002,-1.091541741575403,-7.426750790946203,0
-2.8831671869940667,0.5381920962979253,0.6804424057025128,-4.205839144071315,-1.041922726446122,2.075843193518048,-1.2835541888879354,-3.205110414882233,-2.593097035942636,1.4626757521793825,-1.1303868764923375,3.7386075193194537,1
-2.340000000002744,-0.21381010078580015,-2.445525892817031,-0.12734170765535208,0.8139709729547686,1.8126433334174812,0.31838917784189924,1.1189821974474,0.6609902830673919,0.9611476577728287,1.0570741232191905,-1.4880420632717926,1
-1.9621141369463406,1.2026679606250972,1.4886957229919964,-1.5874520992817764,1.5762475385371757,-2.010704916186718,0.7951705800009303,0.28161033107102207,0.6561033105902753,0.5947414401459624,0.9693640391572803,-1.2103312500573613,0
-2.8371686103113234,-0.4896648728931758,-2.1746845104541057,-3.08221281664442,4.2500520445911265,-4.082098493875582,-0.06566163982648265,-1.0074902265099,5.490348264397089,1.105842296600126,1.7792300049292904,-4.27470763540811,0
-1.1465477576376812,0.13776829405544766,1.8128876546759374,-1.6312885399407615,-1.4251543019513848,1.2997219370456132,-0.44063569237305444,-0.41979415564669265,-3.6003979661034866,0.06458916021605837,-2.140681123760921,1.3509990987132618,1
1.560995454977914,-0.39149904378450917,0.18328398610492513,0.6978824069380508,-0.629385447124605,-1.5125913833342386,1.9036696437563072,-0.3042835056455522,1.9688988230003381,-0.9765667027768606,3.6443100005686695,1.5579247024421268,0
0.1515543023449082,-0.7325546823255682,3.794228745106029,-0.5449415644257952,-1.899088731034167,-1.1885095147374043,1.8770778259585608,1.1605211679703378,-3.1904347814221716,0.12947772321688975,0.08786449962010612,0.8458425942767965,0
-3.684616938962402,0.5029760492180207,0.09016989898938865,-4.920538286592268,-1.5430013147337929,3.028824940841629,-2.4163845163257793,-4.6613145899203134,-2.2824974997626044,-0.48258600759177506,0.034849191318754524,6.946343593382174,1
-2.2140114785305345,-0.3969421899832212,-2.2322135692149163,-1.084728640287698,-0.4400078562978962,0.5173125338023454,-0.41930991133233797,0.3839042306052336,0.7091120251493801,0.5517270181195039,1.6343663390765764,0.3967668662542216,1
-1.3257852636205425,1.451634279330816,2.468513783913693,-0.4763580824059918,0.2680362511485941,-0.5835476370917136,1.195852941043393,1.5072507003347444,-1.890866339523395,1.0081338961675632,-0.34916847255287164,-1.174548902534681,0
-2.8703300645272076,0.7680104093807784,0.5236638812380507,4.614019936877571,4.922367802319954,1.9865662054135247,-0.0011785000294481929,4.892956943835594,1.1922227739460938,0.0007982686524411264,1.0229383493068747,-3.616721218237928,1
-1.9018008688232946,-0.40999395801595323,0.8732321085653189,0.40131616259148833,2.2474247065652726,-0.10678601009055821,1.1361971623891425,1.8656253370515148,0.24666285542128605,1.5286768695465074,0.4714491366049436,-2.6906935145027333,0
0.6975869698171635,0.4556986645997662,1.1521985054312118,0.7917356740894428,0.34077771144980085,-2.641365114882963,4.366255800610632,1.6466340975460088,2.1357259362031304,-0.4852006420821393,4.8950846147797495,-1.3087854490680406,0
-0.4352865347962058,-0.4759525775088481,0.2112197430299565,-2.1668249126449837,-2.012486154586302,2.0058927821898798,-0.7403865944616354,-1.861813068190763,-2.9817119148000564,-1.3458016044206784,-2.2278014787180513,2.0169042978278062,1
-0.282242386169251,-0.30991945106315916,-0.21278138909018818,0.4562913722734209,-0.9975672042519192,-1.1324699658017814,-1.3166696257985624,0.9946865752377081,0.14376203249193792,0.4543680569720446,0.6781647210864465,1.1931938483952977,1
-1.182192424740832,1.5295794510343734,0.568216426312363,-1.428587452124598,2.080790030219147,-3.2359038295651334,1.9436008327713394,-0.07309445884853094,2.996971090917804,0.7822774791954645,3.0573373120964638,-1.7070443566509188,0
-2.146596360494484,0.8730241541760835,2.868375260530261,-3.310856206498245,0.579095857565832,1.1438752290876557,2.5110565236324174,-2.7334823177055183,-1.343286135305193,0.5875174060732127,1.8574231716015592,2.7010525179103633,0
-3.0469711106362443,0.5555706838115805,-1.251299664893946,-0.9062568171501234,0.2869589822832158,0.4906402260238767,-0.2104494871026117,1.615930868532765,-0.24262949169252734,-0.7506639428212842,0.6447593734156679,-1.2295845615257066,1
-0.7170910463290432,-0.2377418074352663,1.3665941465503473,0.5759202066379848,0.3662122682665816,-0.6137082532837876,-0.7843305325220359,1.2925643654678407,-0.8078969176342794,-0.15506047650003532,-0.616106737676665,-0.16455665048647672,1
-0.1618011807804931,-1.0638762525151537,1.3282813388101384,-2.047428829638128,2.143943741320468,-3.8585368199255825,-1.7762507060363262,-3.8829314892093922,4.241269426528644,-0.4696028912694245,2.7276648719796475,3.901668812957698,0
-2.8062529668079312,-3.0698400718388377,2.0538900558618147,-3.710418686719632,1.841217046158544,-3.043169234063066,1.3282435881490768,-0.7871212722480476,0.6782275367614174,0.0042221197585908,0.9272703951767975,-1.5840903163040168,0
-0.5944771941047641,-0.8771929472488935,0.9178388481939581,-2.075166107859993,0.8586610428742462,-4.628643360660235,0.3527850340922295,-1.127836465792339,3.090004936459904,-0.2801919674382956,3.026627053010082,0.6983728163298484,0
-1.0825649254274767,-1.6098278467595266,-0.27244582875565126,-4.697515061320503,-2.3866850901173224,1.157261011776555,-0.17792671909156765,-3.218215708446806,-2.851125123320088,1.0301474617980426,-2.329654732734069,1.4883004606430272,1
-0.7860429124048293,0.13726813376430308,-4.049971645854316,-2.7116906611677347,1.4675418188671205,-1.840858474766688,0.29011134546739625,-0.9582141682489085,3.176429000037839,0.4821129117111508,-0.7605262393671164,-5.1862594056985,0
-1.395148392813498,0.1992744125175556,1.4882886247421236,1.7600060059728317,0.5072050970411695,0.2992173980530968,-0.992036498644236,3.019782160880748,-1.7338298286806484,0.27062601842511697,-1.037479479086142,-0.8853602524783345,0
-0.5761571441673558,-0.18556132913500595,-2.528917602393335,4.471749322000783,1.9748008215789543,1.8117948482728696,0.9245685901827851,3.802600416771882,2.588291840203949,-0.3581905005470362,3.190009480758688,-2.1189275900762814,1
-1.2616877709192178,-1.633940433179015,1.320712541612377,-0.834157979989137,1.276613920017989,-1.3878861971216625,2.119130799196972,0.7682696072741253,0.5468796786413841,0.3643257548998739,1.5946615867774152,-1.7122275938573897,0
-2.5819923809822405,-1.0277115560357457,-0.43190653824261527,-2.7384871221734497,2.261376739113678,0.37024048431415135,2.9431220659071418,-0.6759743816865099,0.8880231251947756,0.8627311495986864,1.12160467156593,-3.233717137237697,0
-2.0064427959997664,0.11664460230564029,-1.904695017332914,-4.282090083072276,1.9414771430709274,-1.3474415807529412,0.19404468373122574,-2.961331663162778,2.4951430253354157,0.8935448909722166,0.008435790847175495,-2.015107205050228,0
-1.469443604562099,-0.4004967380260508,4.581510173374054,-0.6358200490227461,-0.47290309204066183,-1.3733214282999808,0.3701310867793247,2.312445178302144,-4.0851616459153135,-0.6533932610533676,-2.208900203101236,-1.0029315520702198,0
-3.6145132603719814,1.8224448028373987,1.1630637140715714,-4.728273618609661,-1.1285208759206673,2.1616803509048625,-2.222373281443078,-4.20920542159011,-2.380055784931289,0.993766766790793,-0.10387304841166012,6.453828328408478,1
0.3906586125791509,1.198713519465048,2.404507385546446,2.746891902933243,-1.8839017614143154,-0.2071830400663761,-0.44700209148517334,3.9287364101985096,-3.2606639777789193,1.0942432938428654,-1.0109543847038247,0.16024252028039515,1
-1.8811070127933625,-1.26533273975487,-2.2049206755601083,-1.7273515602836704,1.7708305875153565,-1.8369991370385799,1.1175523121632758,-0.09467684531944642,3.397789004044347,0.3812143450569385,2.5979918620335236,-2.4264340340808697,1
-0.957780674482886,0.300363942815589,3.9342936543743594,-1.6238372018871945,-1.4201078559461031,1.2825989133081506,-0.8093912259140775,-0.9865222920699847,-4.700141658733081,0.7738249033546519,-2.64462471772415,3.035395304589356,1
-1.4682093671092682,-0.4432208168477083,-2.3816827161570227,-3.994571474539264,0.33396528997056474,-3.552025161733467,-1.2888430387841006,-3.3097581979177875,4.301851093849837,-1.0280290661499518,2.952749058200989,1.8463548994815298,0
-2.1250774179678134,1.3910869077868118,-1.7752989613710213,-5.697807077552912,-0.565615557684203,-0.8326432247226382,-0.1131954279582037,-4.216461913181926,1.060718984852423,-0.2711425629216697,0.6826892991433332,1.4122865489671235,0
1.128445292867563,-0.21690812310303542,-0.2836884219025603,1.8722383573631969,1.0158621175992388,-5.574312726323084,-0.44427300384057755,0.8785695750826832,5.876169056203349,0.5670126285644058,5.8175291558133075,1.7180996431188273,0
0.3121228324430114,0.5462407586133076,-1.0056575443287945,1.5825163387992387,1.3562556911254,1.3274402747886427,1.889861574648612,1.3369395902954677,0.7368443085799411,1.1436508108170804,0.4057498373427776,-2.966640462662583,1
0.1341469214210924,1.157316083999087,0.40683684581225377,2.5564702681480598,4.648425880439026,-4.214919325395317,1.135559991569307,1.8330843363695768,6.008055666104548,-1.4459655113205603,4.21025680099508,-2.905013174417944,0
-0.48845293333858997,0.919723853374733,-2.397880553121391,-2.9880493711319507,-1.719642321379016,-0.9855283313698975,0.8884592703307697,-1.2578864905439118,0.6601802985056724,1.5532781480441586,0.8235362518468778,-0.6247363987640655,0
-2.2005519391348054,0.08690093223982506,-1.112228610640465,-4.3537398130796605,0.4407600363246673,0.8333362470892298,2.024908205316943,-2.4994385223659767,-0.0593326455564345,-0.5613305507989192,0.18479005299805462,-1.3195393351957003,0
-2.942481794728683,-0.01483602452965111,-0.6666851872730082,3.2307913575962024,5.425485134952835,1.4522565837748596,1.5201066111244408,3.185955550566092,3.466116135994105,-0.7989745972771776,3.520268272242853,-3.313766082599934,1
0.17334851443292187,0.807435790029284,-2.391568112815758,-1.2250018733365367,2.1615810965237228,-4.954452279878903,-1.9146509248211683,-1.965628485664363,6.399450478362586,-0.4898990033891621,2.7423903248614057,-0.0892696437347219,0
-2.3813919464809934,-1.4440053567500166,3.9756379162058284,0.03204792709222704,4.563498622915731,-0.5000330870324905,3.621510267482458,0.6271252931345797,1.2152688364460937,-1.1674174358282305,3.111218723369187,-1.5242362873299253,0
0.6185106010880423,0.6802429321621231,3.5665655421174627,-1.4917132754924625,-4.208685126207792,3.3174158963416023,-1.901101328066404,-2.7477454867663047,-6.369202644147418,-0.935282987428535,-3.08277531391583,7.279292178362163,1
0.39580455589272256,-0.24695410145288302,0.21234907433058992,3.9713580793865564,-0.1366984199520358,1.8265860544626682,0.4365259088466472,3.42902399944285,-0.8603034900385538,1.9350357354335528,0.9031201091137433,-0.2247322948162975,0
1.8652944053078275,1.527600380199794,2.134126400979681,2.327314280848814,-2.060378010448721,-0.1603022990750702,2.80733130077924,2.2589192089817365,-1.5897420647218634,0.3068853189581657,2.1706699694423226,0.9252889530084843,0
-0.23801698642156022,0.3211435818976369,-0.47287424189369576,-1.6655600083760496,1.2145577295278567,-0.13610071992382444,2.61553004437273,-1.0697240170402258,1.0514104378008866,2.0495068792870352,0.664418943350959,-2.500236765001637,1
-4.2455026829209865,1.1766727057041826,2.179177468543548,-3.761007606757137,3.2787724952360255,-2.349645679791254,0.5664895243666793,-0.019358921427565123,0.07582646611347829,0.7523038008074016,-0.7920722838472394,-3.4179915559787277,0
-1.2563854133743577,-1.3129292445010665,1.6960176141591543,2.0390547019068865,0.2824714268345774,0.3168823902871136,-2.3077639547286832,1.57291281438659,-0.6142125375382806,0.2748492384982743,0.8807748171623804,3.1988559301949446,1
-1.7730403724106938,0.21751838501130247,1.0260209167386425,-2.1653267956127786,-2.256492755284697,2.2743825412189103,-3.163640069895887,-3.2844073868130517,-2.2213735056553356,1.6405988963066536,0.4393178491285399,8.218841216927782,1
-2.4533607698923197,-0.9559017434174253,0.354841392520836,0.8565149305550117,3.040649261211226,1.2228953999536143,2.589590862505999,2.6024314693048893,0.2814685191151741,-0.07985891574095148,0.9876116427905425,-4.240171175659625,0
-0.23062132279595693,1.6945953870339583,-0.02248289436097184,0.907405391716023,1.933019653303673,-1.7413704974512196,4.34829397051364,1.7381024352072147,3.149403357198666,-2.582064088096225,4.840811364439893,-2.8166366229582764,0
-3.0560575957791802,-0.86503844534867,1.117973243066805,-1.0196539742425417,3.2364386124729787,-0.20145660678854982,4.174611531495487,1.9993573561557907,0.5549261263316767,1.7807741903382843,1.8516151954362345,-5.044749830234146,0
1.3737320803573019,0.2048751564587057,2.46139019629184,1.104348664026417,-1.526576060668105,-0.7318027293839924,0.2705836815793128,2.0601035231570455,-3.1644630686531423,1.4244726287654979,-2.6519221744625465,-1.3469875382705059,1
0.8215584160027614,1.0839795139589425,-2.038235050069714,1.071687540171332,-0.9250406432524845,2.0605968372891468,2.058831810611653,0.37422686168555286,0.46532524978120804,-0.38049315227192015,1.955649573097619,-0.11654007019432511,1
-2.9270309230183984,-0.29040543963486465,-0.4105661585188899,0.07376034178816483,1.1858876690800704,2.6629024997489044,1.0281065002246406,1.780132214955073,-1.2123249286757318,0.6708741110683151,0.2554175019930923,-1.698397941769563,1
-1.0550975194546495,0.3129814086622382,-1.0759412300883728,-0.0854061810558754,2.781005552036654,-2.188360900252505,0.25089994155799233,-0.07834802569953991,4.180628639971516,1.8561836398189737,2.8717742978126637,-1.2589686660699229,0
-2.283605411678704,1.5509236558071562,0.38463788574172897,-1.5117297407843886,-0.41537478564420083,1.0320916437634593,-1.50330159151335,-0.7815696782956123,-1.1939065015102497,-0.273367194775932,0.07175964340894891,2.7015881869385514,1
-2.178415704587414,-2.0841122089572193,-1.8625828051452653,5.307220002604706,1.7160769377392184,3.282152564823706,-1.0603130037567252,4.909877021017054,0.9254960935495896,-1.2544674862830407,2.5995756560765564,-0.1584193151621293,1
-0.22937489205417905,0.43976214143139986,0.022708040794987117,1.9378015687737327,0.7133108596332132,0.14764331783988882,0.8530320010603414,1.9407666210432688,0.7581801572922938,-0.36468396292622074,1.7821245232670995,-0.607132936696511,0
0.5172709105008182,1.3407446489653732,2.0705366058073826,0.5516688805040098,-0.5117749343765183,-1.3693817972782354,2.0907131979978257,1.2339537578324962,-0.47649002494221043,-2.0857125686970965,1.700333849373504,-0.01840776299117716,0
-0.5633543164743753,0.3940054950618489,-0.9951020100050605,-4.249769091299535,1.2984683303387408,-4.252644780622232,-3.285600506581507,-6.107599320364088,5.473661648151533,-0.5302860677880038,2.8076667580892067,5.262405095628135,0
-0.7738727493728712,-0.7598848302718139,-0.1547505790539554,0.4683545625998577,1.8077342616376768,-1.0114070249964133,1.5310840632920226,0.9405200769067683,2.136401053910012,0.2325800712937796,2.3924115479596804,-1.6099201015914772,0
0.7196942643029658,0.3473881742160717,1.084222126679104,-0.5896207992998224,1.7022811383926468,1.3350647464438792,3.8227531651621787,0.04159084007252245,-1.4309998663793715,0.5444903328246862,-2.4079308034856783,-5.391397113941668,1
-2.5631908171939957,1.350846920400696,0.7355507324507101,-5.776390624340393,-1.9301817997131339,2.3502372708675234,-1.2153568213808783,-4.892009029855038,-3.3434133060479057,-0.5773122493731528,-1.8940184791085484,4.633165824137273,1
0.0744413534031092,2.170476327601657,-2.3984281915911274,-0.053352447263069765,1.5169250538950558,-3.6956881074162977,0.49283855412348154,0.9879003688196539,4.342642372259052,0.7601935552997002,2.091211313971217,-3.560343038116855,0
1.7088645825118347,-0.6140421230522365,-3.177931783302236,0.2816773501380781,-1.100625029475024,-0.9921269700605057,1.1175600955297886,-0.05565061101718505,2.4819466136070862,-0.16177799434610654,1.8623988679924395,-1.202553690187316,0
-0.26214294658933424,-0.3723108338479069,1.5860580674956644,-0.06742153554418513,2.0970808796258824,1.487013620563432,3.3460449064708895,0.7498169559305514,-1.4317077931650095,0.7167842812743763,-1.5899649957840427,-4.49769437000503,1
-2.7766481795406186,0.9982049813862418,2.283215247111471,-3.0768726624810934,-1.5009811476834287,2.1163747305043104,-2.4650819522538034,-3.090854389770034,-3.105631769555716,-0.5449626250762457,-0.2681956060986047,7.019583209554768,1
-0.4230996596260618,-0.8928042761790209,-0.4319368720015777,-4.094755818128981,-0.8872440615906685,1.2352233747649322,0.700547374592025,-2.704753449527841,-2.497605760746932,0.1266031824449031,-3.833083224960311,-1.89165495306765,1
-1.3374443727613001,-0.06935519910415595,-1.1110735302891694,-2.896725317113388,0.7414423239054575,-2.697806634380945,-0.015932548909752153,-2.017527846212518,3.0587681051404707,0.7165588133811139,2.5095559955162563,0.617100704965356,0
-1.8073022003062698,0.6710616584437685,1.2058067611360854,2.345477246814947,1.756617621032357,0.3961949635990556,0.31575929388589985,4.027457137852557,-0.9391311790746917,-1.3619135284923334,-0.3064664383705651,-2.967630964722135,0
-0.19246912938940852,-0.47948393602066275,0.36849070581529053,-1.0102544926737784,1.331456530735476,-3.32612461036459,1.835688110603107,-0.5256702921951311,3.3098989823161005,0.03336334391365935,3.6431723080936633,-0.4454984855589334,0
0.9743942542850965,-1.6342883799949988,4.299786429544857,-2.2918836516135603,-4.719201560337627,0.9925219020651128,-0.9249914199020628,-2.053936904887748,-6.458196998247808,-0.46107997435638975,-3.181025880092327,5.554384706737989,1
-4.702679064811237,-0.37359604876801594,0.5483280650317675,-6.034061913249839,1.7469987737397412,1.011995665497855,3.0668666229821073,-1.9932783040972164,-1.4590229532464378,0.07128556952650845,-0.4481332633498125,-3.0066083308776843,0
-0.0850666185859641,0.06683244153640641,1.9434557468209945,1.3913760389608887,0.1384044516188736,-0.28523734199354867,0.9072910322839913,1.9859854067876888,-1.0944743640017929,-0.6863731592055874,0.35621804780297217,-0.4999993696983705,0
-2.2878288671749427,0.512663878363837,-2.1068070491460533,-3.8526249304431706,2.964608807246794,-2.1827276950910797,1.5620025870147132,-0.4618796168999526,2.1174968767231794,0.6467577814343359,-1.6523609352503361,-7.389548441313338,1
-1.9624949222782058,-0.3224206869029506,2.0496235579983617,-2.239022468708872,-0.7139450877635143,1.7294940083850667,-3.14669147652571,-3.676855401181954,-1.6371099912756,-0.7948070634171296,0.1759875504047166,7.654093986334243,1
-1.2831312874899001,-0.9239210771926485,0.1915758509878931,0.270691651644528,2.2959223664326913,-1.3774284091486508,1.4800963363971147,1.291334567614381,2.0553890833411663,0.14448567124104786,2.0626659460009527,-2.348237363726324,0
3.0770462345031078,-1.2227220373667493,4.295702780799036,5.3493094537849535,-3.1319544785072306,3.4414032349371535,-3.6436749017623296,0.7728291359510759,-4.764551103812586,-0.3840492417277196,-1.6283807052776862,8.606437778955845,0
-1.9086294964710238,0.4929135775454938,2.4327406824441624,-2.635568926736318,-1.4402037957830043,1.5633754686208592,-0.7876499550073157,-1.431380340208033,-3.961185548576796,-0.4232610109361599,-1.9178505961945775,2.910994033782429,1
2.0449263736650947,-0.7217637568775072,0.5371667229197016,-0.7198616183716862,-0.2707490546927961,-0.9220473060222745,-0.012310794194899444,-1.14437316588456,-0.7506320378712946,-0.8875776601651266,-3.1049254030467184,-1.884409545352519,1
-0.9068215488274352,0.7110635711235523,-0.6042704946088917,5.210480014944233,1.3592588322985995,2.328579459239455,0.7244219826172891,4.306840994290659,1.1955773157912284,-0.8449157486676118,3.897801188965431,0.37825634904102484,1
-1.9428954322151615,0.8465516753985537,1.87766550276202,-1.0761565182631279,1.5882169360810499,-1.07286662266054,2.321301322393758,1.2388777409850873,-0.29877083452103975,-1.0315428613465414,0.885685270737909,-2.522601261865103,0
-2.3189168563615903,0.6995280044302882,-3.5907442395043896,1.3521900607465196,3.4282758364542536,-0.18420198575303837,-2.7423218258599755,0.5830047736547757,4.964525437515454,-0.395114402615243,2.400933000457213,-0.4248390570140113,0
-1.6526915001784435,-1.2869530822466588,-3.110133870540402,2.7510042664365177,1.2246225439660046,0.907252671761636,-1.3374548406518258,2.9435531185394495,2.38844495418606,0.058053109910067055,2.20582765119262,-0.9169065594879213,1
2.0180839072820653,0.5178374429850578,2.02725839527675,0.9598938777036367,-1.9713566415791426,-2.4190784736729256,1.7899117684528685,0.6760646400869137,0.12350941918742826,0.707249477329009,2.901116314500296,2.1511531678350804,0
0.0021226634167925695,0.7928696901583906,1.8191887802033353,1.549955591599688,-1.0189774404088714,0.17698006830933122,-2.8179076388817754,0.008021520455339548,-0.8415267312532148,0.2659793181088437,0.7507067132279941,5.355900351597105,1
-2.2812288405280605,-0.5117222158330763,1.7580445586535616,-1.6196781885968912,1.5916361410845106,-1.7147161006249614,1.2063975260026947,0.8660632910831646,-0.08348209011705045,-0.5678931744748102,0.4432505761867448,-2.1046766765929563,0
1.1236093497525872,-0.9422023678264044,-2.106621703146655,-3.060012054273775,-0.19354612425245854,-0.5127657495927533,2.900614007143869,-2.396821257657229,1.0867453497304695,1.103791710404136,-0.5393053010492979,-3.4736411093064508,1
-2.864714436352542,-0.8006988115497597,-1.5914588443280524,3.065317657921504,3.1631816479661943,-0.6885218345458273,-1.1370273260402024,3.27541186903862,4.211488325636639,-0.848949721308355,4.748309642448601,-0.05188039004314758,1
0.08639951360210518,-0.47717396864635264,-1.514150415707458,3.548972449043219,1.0749398565987,0.593309712640659,-0.3191673592328643,2.534250563651192,2.099527440389734,-0.5509514790470553,2.3194974802397197,-0.3297141915367335,0
-0.3012413073679281,0.5703065298745824,1.7592013194606757,-1.6716324352226353,-2.5771166122875266,0.4050718823006879,-1.6680646333836486,-1.7011868084087705,-2.7129287620722335,-0.6401495376920533,-0.764552131827553,4.766225097133553,1
-1.5398939011629476,0.28472363708625087,-1.4448844371321519,-3.711386062281922,-0.16012359354612604,-0.10228315285850753,1.3548339411386525,-2.250509468536294,0.6724012774188465,-0.33354386048678947,0.9060511465147635,-0.420972861095697,0
-4.785616717974663,-0.01878224342611136,-0.07524444679709763,-5.15664283505065,2.7928852078022826,0.12594118489688233,3.0791453367422132,-1.461412219973134,0.559151856198412,1.5858640664104484,1.215555041093909,-3.3185011065320786,0
-1.7373129483329757,1.0721752631717496,3.8374194371752193,2.1449159074778095,-1.8574326547421083,3.0088780495546485,-4.260548539970465,-0.03610716874966302,-3.4928700527290153,-0.40667675796882546,1.3215200692752271,10.429571793013098,1
-1.4922884384843207,1.2394321866982831,0.061896462015249565,-1.3747445999186634,-1.7390434811125788,0.43489076363438184,-1.2119675453948469,-0.24580902920015202,-1.5743591464423445,-0.8460722132940726,0.08295003166765325,2.5084644793378446,1
1.4996076186407958,1.40947630134635,4.4196529169251235,-1.0519391066218522,-2.5917984270820487,-3.0524902297939382,3.9101839440725934,0.5509396399977112,-2.162214665484912,-1.1282490112117824,2.1432392217832303,1.1417930711628963,0
-1.473836614162182,0.36548559067845565,-0.21787720773462116,1.740104648402394,0.8847913197015476,-1.7316078970805135,-0.30148868276775553,3.8962576519523493,0.738563784893724,-1.308608352823038,0.8685970210629763,-2.7461426865110257,1
-1.0321924408418952,0.6387589658053443,-1.2421743024101042,-1.6566255766541105,0.7684834623816441,1.0832595451672635,3.184132726169044,0.29946183065723186,-0.3139828477639229,-0.3659557852192974,-0.3218195355300626,-4.411493712633545,0
-1.160419173255737,0.724734819367084,-1.4122658108567967,1.3864669768961435,2.7868382469757176,-0.1527268055344153,1.0384971452604195,1.3335584575775241,3.1892995554722896,-1.1631845084277765,2.7214146795353873,-2.1192788607531488,0
0.11313443747036733,-0.5281367768994614,-1.5731050082932063,-0.2185186292169011,0.6679100143826828,0.5913443514505214,2.4138165925963344,0.033237525822678915,1.2585214897581551,-1.9601389443983062,1.2669755215356044,-2.370935607945172,1
0.046951372419916426,-0.25712460979323837,0.6473043571364306,0.17228057230289764,-0.5895121249080473,-0.32758567698679,-1.2384374305206018,0.07778733872220345,-0.6697446117451918,0.37338023492230876,-0.5817274583908131,1.2656771935025275,1
0.29547933030548656,0.8539387981579747,2.177125422954606,3.5811199997438914,-0.3167503779715306,1.3747761452617333,2.666086633787418,4.500728954487663,-2.5229053399959254,0.7513366529246134,0.6216796599380457,-1.9667411611928656,0
-1.3546721454744783,0.29057178609214607,0.8174368434947401,-2.9278163592434017,-1.2232851111946317,0.8947905105790743,-0.15102804595105357,-1.3815171048751038,-2.7671176560562776,-0.48978132661728385,-2.0839124366050745,0.5935304965379918,1
-1.6343453500398728,0.909558834482155,-0.5524807082840177,2.8158107502917678,4.280028914593667,0.8777636217942124,0.9553111281245212,2.0484193358916354,3.2313215410986813,-0.4615265004204998,2.889057021902819,-2.1030139117619293,1
-0.9396862501852223,0.05634248396830476,-0.6872735242343853,-2.2299058714062463,3.4192618170855393,-2.6493150223420834,-0.41684511344252173,-2.7144745739678062,4.363347152142939,0.11002492488924093,1.2870446866255645,-0.9818007780403673,0
-1.502887224271678,0.5048106236817227,-0.44139867772583186,3.8320389608209835,3.387458523583711,1.3750037218269602,2.804159187154499,4.785291068504112,1.396346854763629,0.4147279509224909,2.1877189154561267,-5.095908583493088,0
-3.4928130581736285,0.9969018515523171,0.09645249578690485,-3.3022827827650176,2.886009398351586,0.42009198831059047,3.4999803509381584,0.32119230616900407,-0.3044215975639356,0.6786870224463748,-0.5526691561054904,-5.91332070818319,0
-0.907959617531175,-0.8269173559408453,1.4504530034287788,-4.573971040239083,-2.52261924729227,2.301731302279425,0.18047232994259121,-3.255060582732182,-4.918299021368746,-1.4754086335712915,-3.8024948375956367,1.7098059809985748,1
-2.272707770333425,0.02189825347807906,1.25620311231241,-1.4594341447603905,2.001041596542133,1.2853097179398183,4.317947905895779,0.8936919618639558,-1.001703077337139,0.5416752541505211,0.7586743542529231,-3.8916977027465465,0
-1.1300048194073462,1.9971211800071902,-1.1598047179100124,-1.8784359185901185,1.619773974836706,-0.3918758509538479,2.0851577875746616,-0.1411972707137068,0.9944809056348473,-0.2815278777805742,-0.25633790137227086,-4.278980530247022,0
1.9918591142393363,0.21238131257605047,2.4652678540637396,-0.3296390692618776,-2.925460843952367,-1.9369585551816972,2.270082761667222,-0.3553829503243582,-1.0443100833574683,0.8224903172056129,2.508176076726885,3.0058703860010887,0
-3.530933252491031,0.6968239230961262,0.8105442409238905,-2.9787537764557985,3.095389511402967,2.876818565319603,5.061115971710539,0.006478543016554372,-1.6103112143250025,-0.9045766330773594,-0.5051419339244929,-5.586310736226107,0
-1.6107443171290836,-1.1490238430733137,-3.3783805146273638,-3.5122610165660313,0.943702703152942,-3.386127620286996,-0.39687566444465694,-1.1138572969862675,3.5699337160625926,-0.5619250912526561,0.6681861605304312,-3.2495835002972666,0
-0.15431508490088652,0.45549104820453223,2.7972573501396187,0.3073405838495852,-0.2984446847375939,-1.341819444964895,3.0233694517981906,1.9644318078628364,-1.1906199941550588,-0.43574983590483424,1.7161985242671332,-0.9811157451412472,0
-0.48322778323309845,2.459462648083638,0.28723275014338545,0.3452552748285009,0.9283666174609789,-2.282115436936505,-0.7528848866867999,0.5328707022029474,1.987428142330316,-0.03868812868897097,1.7011525619523074,0.40187299339773014,0
-2.5012485312451496,-0.9926871829050146,0.11547826048525156,-3.9069887963895487,2.8147145102816875,-3.6406652739564906,0.14965023005105893,-2.3002023420946722,3.4811507497651797,0.04053547816507162,1.8301309835903643,-1.0242684581005965,0
0.04069466489427387,-0.2634328453316102,-3.3509785077380974,-2.233865020106102,-2.6956699521200793,2.0160910209144047,3.0516755983141257,-0.03642086042541948,-1.586865716261363,1.5188488040743884,-0.5207156585284181,-3.058461466447429,0
-0.943959284818465,-1.8549146236649667,-0.8733187758451655,-0.1631352501246486,0.9939581628942137,0.7365241513868226,2.1570671578060034,0.9268548875658452,0.47101919244500295,-0.5261358376911405,0.9124099553738463,-2.685016939925138,1
0.7697223418375996,0.5592970893924468,-1.806226047836606,1.4468365481902383,0.7718232296640963,1.2088168962863561,1.809234029423512,1.390484381598868,0.6788941565395149,-1.3128743188178207,-0.16421152235325787,-3.6445795308169417,1
-3.3265273818662635,0.48319092094831084,0.6708673664622692,-2.8608767377657682,2.7902019698552847,-2.374540207734456,-0.9530488367213248,-0.7606396797745256,1.6779797601737556,0.971690726238144,0.2400558733488466,-1.2803950770545456,0
-2.786269598762209,1.7435628072439189,-0.75680441565724,-2.1730087434139778,-0.08903264208668071,2.3316239564549925,-1.5255957833053768,-1.6055099327987528,-1.0828763329330133,-0.015684749670979707,-0.3212270063487328,2.4201269790376987,1
-0.8572140286205856,-0.9248401456569616,2.7112639074669467,-0.31668575174190844,-0.6453415418809517,1.431313213846287,-2.772742617304144,-1.9751073157838097,-1.993750701054161,-0.16308900642078783,-0.3095668828459688,6.341979012609487,1
-0.8488017559708727,-0.1890100194903872,0.3422356820324701,-0.9451261298471035,1.4281949774541243,-2.9127902155164467,0.12739716447748073,-0.24307187163755728,2.5239170206687835,0.12841378268016837,2.045150300267682,-0.34639127668478026,0
-2.5715295562450735,-1.9579105063987048,-2.7465108451439106,0.07482517383144711,2.498277800508623,0.3311317485495434,-0.37799411061999244,1.3152936039363399,2.47978270477564,1.0575385402159354,1.0245931309494787,-2.9595669800841855,1
-1.7971844471483394,-0.2440636513778155,0.16572281999008842,-1.3915996624769968,-0.03942802276280499,1.6737449762875058,-1.7388653725518377,-1.5901025337373322,-0.9819251384954172,-0.8356137507293584,-0.44468589042013773,2.897896501230216,1
-0.4724494287454424,1.4317016657169177,-3.522817565393537,-2.5937415086607203,1.8469408167795978,-4.378244127732936,-1.7656253985634425,-2.5435758539754185,6.075559994964272,-1.1057819037845364,2.0514914273371967,-0.929497335635987,0
-0.30940261454385576,-0.9456506512733374,-0.2794634822795996,-3.3643232440689474,-2.829662872995846,2.2487000483815756,-0.14260324837354132,-2.457585552292868,-3.701183369546928,-0.6419729555777898,-2.979246208986323,1.3689952064774975,1
1.008940302054403,0.6511483113053187,-3.0469095678694105,0.4297623616110935,3.172456836813522,-3.2457236670938423,-0.3432341234360128,-0.6787833661183272,6.091808360875796,0.7468830686662391,1.5957429090425133,-3.4230193535719486,0
0.34845113785946924,-1.4840974094111163,-1.2770215926253918,-2.335511520908972,0.4436533008241115,-1.2843752831252504,-0.545238322031528,-3.8084872491493407,3.007626410495006,0.9807123521208977,1.7939226699180821,2.4189685336176394,0
-3.0268604391410925,-1.206151411870807,1.7829509973661783,-1.993902581950634,3.12927926208313,0.4610300145601267,3.788451033936666,0.08258332820150804,0.206333824851192,0.61760884320939,1.736728418269464,-2.8857076407031483,0
0.4172375102360253,-0.5590517124320251,0.8962470622014913,-2.4588861559539037,-0.18012273635444287,-3.7071707867048147,3.0204143614334193,-1.855767631384975,2.718774160676107,0.9365717260056047,4.4404146966388005,1.0044596732040114,0
1.1457583487851546,-0.6699925502756549,-0.6530525838806923,0.047246891858096794,1.3914795514622011,-2.7108210834186695,-0.5483936380623438,-1.9956911337122356,4.4194646717733015,0.5493138406173347,3.019185599256443,1.7943580171118898,0
2.9212430845879176,-0.9897135779194186,0.3782538036459815,2.7991594943909357,-2.050483961989274,-1.8812744356465778,1.2100046711502535,1.208346682107002,1.524696948054902,0.7578079229094944,3.931893830854933,2.643544531467726,0
-0.864207085274392,0.5834546255534319,2.7553861618916344,0.634783605304794,-0.8626259159341505,-0.18950802560638613,-1.039394495828326,1.5167311056609163,-2.5584345182065444,-0.24600250190760853,-0.6681253484496431,1.8179754058518538,1
-1.4635462218872126,1.1127162230231573,-3.8174026710565894,-4.414194855930307,0.41122531417103514,-2.1533473290107463,-0.4022411712551808,-2.7564815508829192,3.2252925489863813,0.1865844744793248,0.5505790163678634,-1.811444112673034,0
-1.9924705226587232,-1.4012282716703752,2.3461371575403858,-0.30940691213597793,-0.9437520424506446,1.7819234230514798,-2.390139827148368,-0.6367292231067481,-2.5876463396492198,-0.8609085813217524,0.07240060565491802,5.575605130046076,1
-0.387533320208893,0.6615520914086099,-2.5677003116793573,3.6906480775738464,1.873357760650555,1.1685634569256924,-1.7450733098157036,2.2536220575240815,2.7059546175141107,-0.2422086077943272,1.4840706794663947,-0.541827692749626,0
1.1849127332458986,0.7580524000313088,1.7660296557049837,2.887642882739438,-1.0785721398299988,0.7691071363992628,2.298586965412493,2.977367094318266,-1.810464044260521,-0.6081607241469984,1.1061033349885847,-0.3892943156109739,0
-0.3511652175598895,0.47711590522303515,-2.803421952325852,0.9969461029476725,0.27544424461462946,1.8989331877843587,1.610623312120778,0.7434533149384839,1.5698253107178393,0.228619886223825,2.398686297933934,-0.9574373911183225,1
-2.3784379366512454,-2.25639715766058,1.7512585913672911,-2.094661488529193,-0.5771417398835011,1.4280930064250499,-1.7289599812998278,-1.6830295854307697,-2.2757635487906214,-0.173744530477227,-0.5089991445316955,4.110775376621146,1
-1.6335188784070263,-0.4017153832496835,1.2651675847656934,-3.5380223670495448,-2.535554807448494,2.8319370434771893,-1.3590710162873596,-3.210807639007606,-4.118976690539001,0.3884056673968183,-1.9266261546616326,4.932275593829986,1
0.3742184404197779,0.6759851741949674,1.7629074034085213,-2.9400467323715485,-3.643109162636015,2.788513157783612,0.2392052028908771,-1.9762440624515034,-6.135737742083311,-0.13902587071037986,-4.559107100458261,1.5764930351381476,1
-1.206726245616542,0.36092449638932955,2.5975594036008767,-1.0314876442947554,-0.0013636895753377232,-1.108551413194308,-0.023749982157562632,0.5459998492963246,-1.7543312696285336,-1.2405720911496199,-0.748685132661991,0.1484538642937653,0
-0.4696436948814302,-1.0526486899894065,-1.5753975740121449,-4.4703716013163906,-0.022658495247685373,0.21999490829533264,2.39360262487535,-1.3887239794612303,-1.8153589958702439,-0.04600492459174851,-4.576131969064284,-6.736101782595112,1
0.17572517274005017,-0.04678863273023089,3.2142963238061686,-1.1190643602388795,-0.9860121329162819,-1.9661003116319233,4.675008465847536,0.958844727664933,-1.2562169123454707,0.8266022741914947,2.6067279193244532,-0.7999353766153304,0
-2.4043013938459112,-0.19234818646588786,2.57428035134594,-0.8531189175403875,-1.3324169264348864,3.7108230118715237,-3.8244955015944218,-2.9006071917743146,-3.0310059007363557,-1.330890698553396,0.4654754348511958,9.848902878723154,1
-0.7874076102842857,0.4288604903256335,1.1180182438176702,1.3271123291366593,1.1184888417854604,0.40094612084898706,2.4490109410559846,2.401613331486985,-0.3543069532259776,-1.7051296469318793,1.324268145824558,-2.224766314382068,0
-3.6744347860319673,-0.7923629702482806,-1.3455962707583,-0.2883526498045823,4.209884752642661,-0.3801168332020245,-1.445871013412405,1.104341150208326,2.6741431383830205,-0.8432178217152634,0.2742857572885006,-3.0524770572135598,0
-1.6710887124080362,-0.4686835084359829,3.8265250996027538,-1.973226118480602,-2.5356787359491855,2.414433741378728,-2.9144982294839368,-2.9005609253923224,-4.500865889159279,0.7968700789588059,-0.7326203401235727,8.907740981667226,1
-2.0088693232015533,0.1248368077073348,2.3818008239749995,0.2985163960925422,-0.8675178502432033,2.3552655689893025,-3.509239013159129,-1.2762869372531744,-2.1025171311969313,0.6673662088653133,0.871776132593306,7.988262638337769,1
-1.22487676808722,0.23371840387838155,-1.4373520758428178,1.1165620217598313,2.73659940487337,0.3422418536021271,2.0791768259802215,1.6338023742132477,2.541840801977653,-0.8439528217701625,2.280877248882156,-3.422975380251278,1
1.2523396212922433,0.2098979839156035,3.301363153363992,0.07021651808962563,-2.6533122887160063,1.745222391311955,-0.9910234095897578,-0.6872720444806012,-4.898949521908,1.2778948991681358,-3.1530036297084765,3.391072174113728,1
-0.1929886284084359,0.5973793195909599,0.5818199790512325,0.09111270041475354,0.84133790092685,-2.2086556550737466,0.29907785414022436,0.25548904116512905,1.9043727246517677,-0.7022867372457622,2.1174049858078194,0.24458743771490046,0
-1.0611103293861266,1.1571131484205515,-0.245910901172407,-2.2180380700982405,2.043698262005576,-0.613581318946351,1.1953903940089812,-2.1846324524946734,2.0919298095945247,-1.1498469572355294,1.2864489215922252,-0.6573334971904834,0
-1.287632973292267,0.48126121294580054,-3.8322814450486735,-1.0951553813366628,2.519809343931142,-3.7454459020212294,1.0520227058144989,1.6688435161661104,4.768691450879101,-0.07707660097737244,1.3359515775683422,-6.934696956077493,0
-0.42114940847952675,0.37859521298188303,1.1864292695940801,1.7912670932555064,2.6415579120991373,2.2144961790261073,3.2011124412022705,1.5581502011010744,-0.24793863888522166,1.7381097110082024,0.5610246294724849,-3.0926520254887806,1
-0.9562275217309343,-0.3191325228139229,-4.419712824214143,-2.98751062666758,0.04498645607681562,-0.9187547129103293,1.3174380728583999,-0.17780881484315492,1.6459901283581155,0.3287312070437136,-0.9372994791670786,-5.701284733749433,0
-4.654138833025062,0.8490958611073657,3.428304370757762,-1.5138717845900003,-0.08794333454723158,1.870614567767239,-2.584804821063475,-0.5481417778066273,-2.9128405681465495,-2.751579723988069,1.2090116446253385,6.71159846749424,1
-4.651695552010549,-0.4578336501557658,-2.9811629474368586,-8.608465146759873,0.602340760895668,-0.8481770842628494,0.23283814864999408,-4.116897648870333,0.44163961742421975,0.7144327744527936,-1.6935646944941285,-2.9788054291381774,0
0.24938122421125697,-1.3390927543322317,-0.7326994267577552,-1.9137368198649842,1.413002114658491,0.25512416401507254,3.0971979896329414,-0.9541359585107674,0.29049649629039975,-0.15120258483111373,-1.3515661463901554,-4.896963573538583,1
-3.940078211178707,1.3553594593719906,0.30834741028125057,-0.19132237413947534,4.152840319375384,0.694363491521564,0.32447481355141083,2.0841405660968992,0.48088864293989836,1.4910548522169547,-0.5745214712440905,-4.34982239718367,0
-0.9419920326973921,-0.4081966735302207,3.264254105573402,0.7176105574756165,0.37281875541915654,0.018105138189131953,2.491671636039362,2.7895629789832754,-2.6800153590754507,-0.36554958666681114,-0.26910753397896725,-2.1919332970998284,0
-1.7375530219432007,-0.11373009796773767,-0.0679277389619184,-1.4131852723032892,2.335998154034204,-3.1979195501452846,0.025251573463584753,-0.33113166887448964,3.3894596990931602,-1.2627173696029381,2.4789663185985247,-0.8904945170676372,0
-4.775132785132884,1.0417501408456848,1.4161471917888484,-3.087804078101121,3.9203181921635606,-2.172944913524831,-0.4543611475162308,0.5256927810965604,0.7729970839206991,-0.23106472683026763,-0.7583281422815169,-3.5859357292827965,0
-3.576345607217033,0.2676451782535008,1.2124050215061464,-3.53969433394132,0.3997040477109597,0.5278903205883736,-1.4127230127101147,-2.125764090313601,-1.1542753311796836,0.16682229286735548,0.027167032955041526,2.9652511511903947,1
-2.4026592006913567,0.14535379805838838,0.7620921996216503,-2.550150096446321,-0.3332356226059584,1.8187244198768275,-0.9423841682377702,-1.5140164631134168,-2.327135640342493,-1.8618267411837441,-1.3866414348771257,1.8298361882859029,1
-1.102814624869364,1.0996107373069532,1.077849896390091,-3.3040080210371707,-2.820416669437316,0.6791431193522114,0.8026815526293467,-0.29384275320854814,-4.530454546181265,-1.1253575309844581,-2.9098050796888546,-0.5907319882538323,1
-1.3866256438401108,0.18572440625283831,-1.184207894168232,1.2482220252998828,2.087608071404781,0.036217772434560924,1.562055106619062,1.8652508484425505,2.34699521996568,-0.7610026638929437,2.8383533584708225,-2.151594134773659,1
0.051485584652156025,1.3019468594226284,-0.0010987103454320746,-0.572556900035266,1.1562892551309958,1.2097394477671155,3.638117494615434,-0.5208173454892393,0.41872578125909704,0.93896182799131,1.264575927661544,-2.149613172583912,1
-1.5664109691200037,0.6454471810545677,-2.676356030629103,3.2133474980587744,0.8579403923752613,0.19535527809626196,-0.4071116763915028,3.399459540754016,3.0681364579539956,1.258194441193777,4.522853144668692,0.21597180308744715,1
-0.2941944864517877,0.2665261400100278,0.5409593671998938,-0.09911370199722414,-0.316324243201797,0.040137520044166486,0.3573236119726746,1.484074951361251,-1.8832955518773908,0.7337492991750596,-2.138032868583906,-2.5242703294515483,1
-0.23394289286911907,0.03169536708243122,-1.943156116425825,-1.9882156345224065,0.3911854355040054,-2.2896945561090067,-0.020476929075176065,-1.7238368854208834,3.1527953698290148,0.8930094857783233,1.9364781560087732,-0.08302628314333621,0
-3.1279857489138134,0.3164768248445434,-1.0229637723180824,2.512908580633437,3.6566557085501126,1.7438786820534968,0.49640317484968466,3.4884016748421827,1.5958307820100166,0.8680745586480458,1.779180058934751,-3.1244260827706447,1
-0.8173041540752339,1.2156617926759106,2.4551535772514637,3.2349561183902042,-0.45261784173614494,-1.6724761620566582,-2.3315323808430666,3.400152496462952,-0.3211988054675968,0.7240488749227851,2.119970678658647,3.3778768598626847,1
-1.3027753839969272,0.4752681221146789,1.165622636643664,0.1520085288175516,1.3375922667814983,-0.779616313922455,2.0612348089106876,1.6412346002642242,0.364428442430869,-0.22554369239194977,1.6848233560599015,-1.8804062840786833,0
-2.6611546090396008,1.238441032249234,0.3857629216752647,-0.2592664645358498,3.0214788963277064,-1.1736799854400846,-1.4417227923144786,1.04411976479957,1.3276911646301375,-0.0882309995583992,-0.3319087871703088,-1.9396355083559913,0
-0.9578017358733495,-1.9476751311081513,-2.0899039045541192,-2.4427870687363504,2.2081388423704,-2.7825839761399345,-0.48955488757167154,-2.7508511218290126,4.989088644153635,1.3262496985076173,2.7159121163431417,0.08962891835199863,0
0.499792912446551,1.2408250689632854,-1.3639811764313672,2.941224339068303,-0.016144596228407693,2.6960974204844343,0.821129010871489,2.4711893181134013,-0.6949903983901488,1.0457956872194072,-0.19010946541407692,-1.7865398540162716,1
-0.34742248025868305,-0.16169460705138566,0.929238566442204,-0.6103832059744977,-0.11198754095844587,-2.0362328785149812,0.04899658216928571,0.037832504989400384,0.7083527322089659,-0.587269242770945,1.4052457860968437,0.8409814391045112,0
-1.9335635113345138,1.9599041540046147,1.3781459748439835,-2.198530269799282,-0.8000131653696463,2.6519912460412094,-1.4431388994458978,-2.148884936726362,-3.0265017601950253,-0.8158499203921366,-1.6121649322640277,3.6359355876697883,1
-2.762066578852644,-1.30231791230261,-0.6517744117943592,0.6821658966805639,1.1127600087540215,0.7299876487411283,-0.5370233880634925,1.7624881092936784,0.7459151887866721,-0.7578339497728761,2.1087002745178456,0.4087120595479281,1
-2.7539826547186266,0.37592629998585003,-2.2002344616983396,-4.655747523055165,1.8922597496361218,-1.787493320498869,1.3446605561199507,-1.3936712201747155,1.9208413182089281,0.42613572435817737,-0.368897775616851,-4.790606037342267,1
-0.6760192985722921,-0.4969027619218213,0.4752156990086679,-0.6420417033608988,-1.5244165023895502,0.14090540253747363,-0.8359288695243519,0.3442073223458417,-1.7588156402137571,0.4451275575032716,-0.6475793992891593,1.2734435510805147,1
-1.1231248393439859,0.0913260668278312,-3.661399925491012,-3.1663969725913845,2.8163458446120417,-4.1963966772013235,-1.6054637333058388,-2.3608104489457507,5.823460609317304,-1.454070750607077,0.6817556261905964,-3.0889359731109005,0
-0.33813547301048597,-0.7635268983526717,0.6989815601609206,-2.8728905511299,-2.1402500738296664,-0.5809793427276089,0.4882115958846531,-0.6604137299801952,-2.7359761335276693,1.2306970417369825,-2.199890984205495,-0.6731395547970199,1
-4.177465769474443,-0.5038026444713978,0.36471633969920614,-1.2585417183483265,1.0849374802412661,-0.8235710454686405,-1.437039552373006,1.095811217896921,0.5095048853468427,-0.33503980938190414,2.0352246658060587,1.3268584503018501,1
-2.717348870323874,1.21981437909695,-1.2558377418376874,-3.096971261911406,1.0756253745552982,-0.04804891125867594,2.9537739482049643,-0.20317464853441858,0.7552107676901184,-1.089598850347629,1.5823356893018272,-3.1653754606743254,0
0.5429036618357552,-0.2338748188561998,1.053187589324315,-1.0199965780834335,-1.5538821250900992,-0.09081990745242519,1.2265849721831688,1.141060924392631,-3.39380125382297,-0.4465572084424291,-3.485956217901256,-3.265672861801444,1
0.18221467278125703,-0.794217573962567,-1.7243479849429733,1.3135184257966097,2.520027716966349,-2.5074397991970763,1.9418579978253316,2.2708166805116505,3.74873624232153,1.0727722554882326,1.8549003221001863,-5.372169856187013,0
-0.6139677557872736,0.6227468824780155,-0.15231580797379007,0.6380026199828074,0.8717392453929962,-0.8706565902023645,0.9154428111160879,0.9615066417030453,1.643435265640926,0.3504498112503023,2.4703322877196694,-0.3015019183584687,0
-1.9129278418218902,-1.6040566765828626,-1.6449468177072597,0.25776336376140535,3.907505425445134,0.07625969565483848,2.3494651233894013,0.9670287361441794,3.4578469123696394,0.6942148211322533,2.494936201036086,-4.199865488923263,1
-1.0215075602855164,-0.38398758809831196,2.771963738912441,-0.32908391558738026,2.085193935395573,0.8946253644509408,3.45293591042251,-0.3255699275944881,-0.20155185981568227,0.6560793963065531,2.1125927076244215,-0.22853005389645226,0
0.3525961889333813,0.5996108968658681,0.23716057709048433,0.8623912939106566,-0.5413093537681977,0.291823476329232,3.38847914137858,1.6539072806347133,-0.17996249656676114,-0.48638047492570013,2.3603705405359925,-1.320725994612431,0
-1.029122582186842,-0.760711654032859,-0.08037820526643347,-1.137132918433157,2.2953147670507024,-2.9662622476489213,2.318187492918616,-0.24379499792022186,3.827469711347684,1.785967986571278,3.9911247679960367,-1.5532785195768113,0
0.6774558433830145,-0.962792303461686,-0.7250072420290954,-1.7522671503540153,-1.4746058198617757,-1.3883149748289665,0.9068980309809593,0.3317936592089674,-1.1912963737810478,0.6160559459186172,-2.280215280837674,-3.360216746253879,1
-0.40038634367127934,-0.23395437419391063,-0.5005332243159194,-3.036585543482914,0.9674206488564127,0.24018373548406868,3.3930760830742965,-2.077465975296734,0.5323649548227595,-1.3658042397675108,0.2609615286838566,-2.773521623451842,1
-1.3887257670293498,0.211070502531503,-2.180850894558006,2.3030977968449813,1.9347209842149358,1.4884680026520756,0.862866873591841,2.8149176216406255,1.6278141440165415,0.9234152632808501,1.587975728287264,-2.980520692614774,1
-3.2168937784396183,0.9442345804856138,-1.6656056230956797,3.7270749201967024,2.4524463236007543,1.6055327699888227,-0.9484146070855555,3.9338335335565446,2.437786855730245,-0.614431130500704,4.170474599878098,0.3953548229848902,1
-1.6745263371098997,1.0853934973984514,0.051709412596192994,0.6090278232515619,2.700528008989555,-0.24060421632159157,1.2788904099677647,1.6202727554540972,1.4419938361641444,1.3843010054536173,1.1870378560711083,-2.9326839426013476,0
-2.80155385785266,-0.6598088763291463,0.30541975432631563,0.05459616817143327,3.357433546596541,-0.9032522821684854,0.6763957088426558,2.0097936547667263,1.4861827774418377,1.0546789783017962,0.8015632371512149,-3.602231533816342,0
-1.707343959890222,-1.630014202059893,1.0413617487093527,-2.3972249828265215,1.9613707810986196,-3.611328972260522,1.7059066126198361,-0.51817547544148,2.5860735697048316,1.816905684853831,2.7308060802941045,-1.389908201815983,0
-2.9936790389430135,0.06467933093739867,-2.1060571734695763,1.2537405188296011,1.448878904529201,1.5836253237467197,-1.2120288092492164,1.898764221935175,1.4804737418617326,-1.2280545123722484,2.216766927852821,0.27837966741460696,1
-0.6147729019137984,0.8493298328823197,3.25933282078202,6.183599628058451,0.2691714025096874,-0.21607531031999838,-3.026046202619371,5.149582463228462,-0.8049968583396371,0.690001439420204,2.160257157936231,4.03780332125706,1
-0.280343417877269,0.6303108424580324,-0.13571813016561274,5.8545710423296615,3.120256498772435,2.5515888808344744,0.1791275448284908,3.760028243599386,1.7065276117943413,0.21420760577784204,2.321441927139981,-0.7830710077858968,1
-0.3571499111075469,0.035428147917528525,3.6707884311032757,4.009097960036273,-0.09874560117325837,1.9227256377061528,1.2140572217535224,5.525105471183315,-4.734331330686178,-0.5743675329458618,-2.116599108092009,-2.4933057488749797,0
-4.668617085399217,-0.13026696111692998,-4.559576382489782,6.103107579340174,3.2389669746453578,1.8971684725912474,-5.163127390689396,5.892803520171888,4.461119784483032,-0.2560842504440512,4.5136818720470115,1.2071545571700377,1
-2.502501298616844,-0.22663047587631904,2.3611369714311987,-1.09584377440003,1.2000039336448038,-0.43489639506367017,-0.18777507447106334,1.2156040941416424,-1.9027775180641553,-0.3578687807532605,-1.484176165254781,-1.417487064220222,0
-1.44171567581426,0.8311099599821113,2.3674692974553353,3.4851731537473785,1.3279490411983506,2.419258186289773,2.221745020350061,5.4390412960325625,-3.3471774300098502,-1.4945278268616284,-1.1551796425339094,-4.1854440013306045,0
-1.0957481972127734,-0.760576568379502,0.16519279470988235,0.4731062629176009,1.6355282100566408,1.5789415760043282,2.8647509123646113,0.8318330244100134,0.4009744983964367,0.14666189201860091,1.9314167392911135,-1.6447289877366835,1
-0.5976755505677178,2.727327847551242,0.8815874230015697,2.683248682004797,1.3793348612721166,0.4201958805785029,-0.028099697099148724,2.964563732048263,-0.26000594626040474,-2.61933147092784,0.047434172644145844,-1.5898139350354077,0
-1.4264306751826803,-1.0402474236787584,-0.2786704555945081,-2.9848820540320498,-1.8333101972345553,2.6162638755812204,-1.1839084597049137,-2.698456098354397,-2.6902322290100993,-0.6105426813772517,-1.657449193833473,3.153278783041987,1
-1.1866903222331544,-0.18769113251748662,-3.725264745015724,-1.812074262192349,2.206151911029771,-1.9496411527802415,1.320252184075426,0.7798007986866395,3.100512405987174,-1.517385868642469,-0.5287989558240969,-7.218456037662141,0
-1.0853149775385622,-0.055677312866689,-0.6709524738704654,3.015310539302543,2.568855763231401,2.1958013746820413,1.8223447923000538,3.2653347722398767,0.5969618995078158,1.4705815724192046,0.9252031312784519,-3.6824867717503316,1
-0.029079001261419046,0.034328107976449036,-2.826747118342524,-0.9361407951682257,-0.6349106108993476,-1.4000637644794174,1.730487586322028,1.1756566596752756,1.381552969663622,0.5023502239105645,0.7473066345553242,-3.912746074366826,0
-0.19717304978865524,-0.15763777184546204,-2.27202293457109,-1.4224125539647594,0.5857313729206849,-3.4837400016515963,-0.17213267444131675,-0.40215311484268523,3.6623845828633645,-0.7690034197889674,1.8063841516492016,-1.7113446322348709,0
-1.048798641712061,0.30403548529808166,-1.6294791773203667,3.5141950066295453,3.2823389231829765,0.9027661520134349,-0.05186629564999823,3.282136645490616,2.396754869645929,-0.9730087112428247,1.008831716211071,-3.5631741627538,1
-2.7070581578613293,-0.9771422554561879,-1.2763617516650159,-3.0387758046891333,2.8594719912064432,-2.020979118769591,1.2925443568500146,-0.5909588063292989,2.7467182504547,1.3696369722954702,1.007362273927144,-3.9757499458845365,0
-2.290894083306047,0.8620322195832486,-3.3748235045287505,-4.06061853287624,2.486917484212176,-3.50914754609403,-0.5978748457704526,-2.372685269443676,5.127575656909452,0.015200210042912075,1.6864712950304523,-2.5311534968110423,0
-1.081747707877636,0.7036390419112056,-4.163437209032661,-2.8533892398437457,0.2162260676362353,-3.8718940439943434,-0.30301732974733353,-0.4991422368009296,4.199227746187941,-0.6966911230366593,1.6862895104078208,-3.036299018564221,0
-0.3984016060666872,-0.08446927875736032,-1.589409189060137,-0.8353928901991028,-0.16257401475585564,-1.4938187024173852,1.9919640626907857,0.7280927463807392,1.7191813583414988,0.9630748550562012,2.266398395300282,-2.06414731136075,0
-2.2789838048257662,-1.7030154111321496,-0.3037758568965998,-3.18130033181528,3.1331365916707554,-1.295443448885897,1.1999269069429606,-1.603282328191762,2.0423440183530266,-0.6013298774177518,0.07308098870693502,-3.2621066978943785,0
0.9529315663920139,0.06773415003842426,-1.0882652121445553,-2.828944990984048,-2.9705669454412407,1.7894888141071923,0.7913747745306483,-1.6108829723793943,-3.599442468764339,2.6813046503281712,-4.06614140530143,-1.5289655870478849,1
-2.0624728582099396,-0.7661531624279951,-1.994287193421481,-2.956047022818868,0.5200137622149417,-1.665791021480428,1.6512389097677942,0.02888067448123044,1.5439875799535794,1.326741754331675,1.177252656352752,-3.328645736642835,0
-2.9192182597178555,-1.2517479345942129,-0.39371707728993144,-4.938121322424679,-0.30006045004272264,0.7280933201652203,-1.0147233495433898,-3.5970311379581688,-0.8015685363944943,-0.9529493944671066,-0.5658023446188712,2.3169414494814786,1
-1.6164644375020707,1.6279339725516555,-1.7369126726149067,-1.185344713066991,1.3747327715823503,0.16882968217643657,0.8986522856843515,0.17509901703021202,1.222154492324238,-1.4520660278104662,0.3844237228322137,-2.7502089812520722,1
-2.133969075673516,0.6264530828049382,0.9659686511006764,3.232457107446584,3.1306520211225735,1.8167935360072294,2.388024224141994,3.090216688313032,1.425074188134589,1.072383160917197,4.242179449045219,-0.643633714549214,1
-2.9822875801770787,-0.7629248522164501,-0.5408240702157883,-3.9173639032689502,0.7986510143208527,-0.1455183671025937,-1.0113594099023238,-2.5295781122006673,0.4467193178975787,-0.08598736015385802,0.05841863755394083,1.0922864098737606,1
-2.5772877953945814,1.2478916704213383,0.9830278777942728,-1.257931338809289,0.8449257045367802,-1.0862936060772872,0.38612241027273364,1.878920413511582,-1.0641827631605947,0.8255782465935715,-0.7089281101772027,-2.70478015921047,1
-1.3606372061019458,-0.6413143752371963,1.860687049817113,0.2264337496697455,1.9116362898226784,-1.0619774771137902,3.5652934615344325,2.384914821682096,0.1779479908146417,-0.17740518436735128,1.8159087267694818,-3.6199530785513656,0
-2.3719518475895116,-0.3336996356434903,1.3741729945206003,-0.32896084540023696,2.276265675665581,-0.3245660634609221,1.1481477537557767,1.6923629329473722,-0.24751439011572166,1.1193902430653613,0.03910322062256055,-2.8381234936876205,0
