feature_00,feature_01,feature_02,feature_03,feature_04,feature_05,feature_06,feature_07,feature_08,feature_09,feature_10,feature_11,target
-3.843184689080739,0.9392980033564944,-0.10942513496205075,3.0800516992258906,3.512120744651466,2.8032321086165566,-0.918985405790502,3.85042542653044,0.22146209368521527,-0.851999920855544,0.9516997840793224,-1.5300470354884312,1
-1.1820617529254092,-0.6803187971877874,-1.3919631151333505,-1.2733141149524299,2.91584675434091,-4.983171453213954,-0.5602736242800863,-0.4450959018775439,5.706128023061198,0.05930583284271392,3.150883853485374,-1.7700673589650684,0
0.19988399987390637,0.3638871311357155,-1.4610185318099254,-1.3802648686440389,1.8753047842346273,-1.7097392480484823,-0.16152544706309113,-2.660379877346738,3.976519380594799,0.5935947466572257,1.867784553774861,0.27809154496059046,0
-1.4054942193692148,0.6079070802391029,1.6441153924039638,2.0004451376247907,0.9750780363325012,0.03542543251404906,-0.9303895356778542,3.243371196347538,-1.4258219101182772,-0.14178573701348646,-0.9888745809248352,-1.3295668104448057,0
-2.1597746428667213,1.6833240931362694,0.4450565888092418,0.8693301754807595,2.617197341120442,-0.279851792177201,0.26052276992282,2.195319487985859,0.8239795221754616,1.4011774694886965,0.535825946390644,-2.6051285831597317,0
-1.654641451245456,-0.33891663854170234,3.005194110037931,-6.192409012974487,0.4798731286770368,-6.335327160866412,1.5018995173811083,-3.335821703205095,1.767148542169635,-1.0799309749510118,2.2182056309854277,0.7213427220213228,0
-1.2537124818539929,1.5770815914148872,-0.05649749643484836,-3.3998979294099403,-1.4724511840613217,2.7034837113153767,-0.5841631630046932,-2.878430020923852,-3.060234576819103,-0.09975290832228727,-2.613245001939849,1.8071345710311657,1
-0.5752514606659093,-1.3315423718081452,-5.3791347496471,-1.1977977372372743,-0.1706632510012258,-4.4940740469320595,0.2773394359489091,1.6392153500886424,5.074596763713661,1.795073656627562,2.8272885903665292,-4.570252176066421,0
-0.42346184186825586,0.979496889786781,0.7126242544833894,2.2530050175588023,1.255903231121043,0.058671852367743194,2.179715020327793,2.97792435813426,0.3933925965197891,0.5804371910337949,1.840743187630102,-2.3007689936919635,0
-0.9081283910988107,-0.0156104383649328,-2.9303287309779695,-3.8725792938155568,-1.5026699735588431,-0.6147112658861081,0.4603515441816085,-2.804582872066508,1.4924594416720094,0.19466415576976603,1.648971790029584,1.0009455650663759,0
-0.7419972263759489,-2.8182565121626215,-1.4317066643063314,-2.8303309633432394,-1.6929988613786116,0.2836973569357697,1.890080756164366,-0.8711552708375198,-0.8098002050829431,0.8620522350004334,0.32473448903759083,-0.9755457694390692,0
-2.3359448239211797,-0.4760805037729287,2.4170451193308673,1.1824071922453485,-0.23002249193247404,-0.10342481514967217,-2.6392620310194843,1.3649009498186364,-0.9679860324118595,-0.3506755996388678,1.9003444872219235,5.021110970666909,1
-2.454905361067061,-0.07190234230201205,0.6252552630979309,-1.571808775609563,3.691990000012603,0.24188419093286684,3.3937864439175884,0.20926892812468179,1.1001990213699608,-0.7455153546384194,0.9051537077540299,-4.515151035831473,0
-2.55045962489499,0.6225713216420591,0.8995712545064478,0.08657454279438467,1.0275850279137864,-2.795861833001819,-0.5055376668976587,2.900390102647294,0.7659132366942506,-0.8091408613093838,1.5020213919942933,-1.4234850672319117,1
-2.3549873408007125,0.12161980433785125,0.6471242261863002,-2.4715552043186086,1.19461318855852,-1.9927904952080342,0.48950094326358284,0.5663817602447114,-0.10176736559204252,1.0865330331503797,-0.7332001533940635,-3.0048152930181895,1
0.5206521456596465,-0.2507674246872151,0.5970482059646027,2.6181969443449375,0.7839730201299273,-0.12398883237229574,2.6220799076582755,2.64790491359146,0.8434584374790397,-0.11124878102166337,2.609546682216452,-1.6294439462931805,0
-1.7148668006385888,-0.771737933507993,-1.2314767573889491,0.08101564286904943,3.551571002838803,1.8895677895304837,1.6669197466029453,0.8202751569972722,0.932670536456707,-0.9173851782748773,-0.9704747048853573,-5.158784914754305,1
-0.0483624685197821,0.5986816966536792,2.6306674983791676,1.4015882842564968,-3.594476906904995,3.438151813597824,-2.485002728607797,0.2574939405855623,-5.197231585694048,1.5484083130105488,-1.2258131773561265,6.882050048438046,1
-1.0894777242197284,1.4051355680631505,-2.4922180334972808,-2.8058191978447447,1.3785996434991494,-0.3438263708554756,2.738852089033246,-0.39635684439236063,1.1885325438921555,1.2476490911006113,-0.7678863568962151,-5.9862851508105575,1
-1.2240186870046754,0.06982226750198367,-1.7530002180307303,0.13675077026412735,1.3284186881957878,1.0287176833047191,0.9121258587470058,1.2084197793066942,0.6293898028861091,-0.35550816609718133,-0.13124150864485307,-3.281349220458271,1
-3.1008348048199945,0.6791198793165925,1.1413353621793079,0.7943914031023511,1.7515852205483113,-1.6473610803348964,-1.8770991102758032,2.0479090414324235,1.3617039694795376,0.30983473767085634,2.478611168993395,1.4890681980065212,1
-3.004471447061699,0.44753677072977205,2.457055042781181,-3.2645339161449147,-2.1176245432907788,3.640102734745949,-3.330449635295693,-4.263652498060537,-3.8595361386423446,1.8379176146380507,-0.15938891948983303,9.819653865898303,1
-2.1288717448222467,-0.6813892194235872,0.558761937011567,0.3463814477473451,3.867972629639717,-0.7401329475667897,4.1170634646803865,2.4137962501824672,2.0721188513485296,-0.26926942435262874,2.6096542004199312,-5.456811724894157,0
-0.06267868241576902,-0.5124152874596868,-2.559594160498685,-1.0125873981345697,-1.8985622081987807,-0.6251908570410152,2.473164024535875,1.211071005113446,0.4398122011671467,-0.3461309547217151,1.740696909988817,-2.4066719414428803,0
-3.2305939314548118,1.3654519451247127,1.820022648083296,-2.2470075058730234,2.846682471367464,-1.8580007803770646,2.3123932174006323,1.0153070825495967,0.4680823719624269,-0.05338054842224136,0.8823658368150014,-3.749360521735901,0
-1.0199254272996399,-1.8994552516280803,-1.4476843086599398,2.5993748150686575,0.8167312226416117,2.18125065390405,-0.04420632507113487,2.5045261839203072,0.33386280732021223,-0.3461418285974127,1.078704409276556,-0.8239083935887742,1
0.02662198179919928,-1.4657981118726349,-0.4137532245528981,-1.520133867463699,2.4988843032194854,-5.418473183590743,-2.2602766774574183,-2.9337536920194323,6.212013806017624,2.4474799967100545,3.326090783192278,2.20632237009298,0
-0.863373143595874,-1.5550032836691179,2.493746484846869,0.1612112121056888,0.61596670876022,-1.2713796788846776,2.8504126852469214,2.187046233229232,-0.8391451114758786,-0.5437035681597352,1.3759516444427344,-2.052587354753141,0
-4.395763214030684,-1.7008356270873959,-0.20240204142630902,-1.6379925824394264,4.095352948181266,-0.307316464615615,-0.8893714875236205,0.7779999453986538,1.2527462286047013,0.7049410664905743,-0.6801077358332659,-3.464771687594118,0
-0.35626551301135156,-0.4776743454473125,-0.1942436931677025,-0.004421263717597745,1.572934665416676,-3.2473416548036607,0.8751387286763942,0.49724180749679303,3.5123120069032554,0.7496450233318964,3.255678476578777,-0.9351155423680156,0
-1.1289486548092573,-0.4939978571564244,2.7836557125578016,-0.17576979490198347,2.665608273187332,-0.1761980587653924,2.8131462431880383,-0.7000808349967391,1.322071549429297,-0.14078888885417723,3.4455925868420882,0.8958838237047285,0
-2.3392940984405874,-0.6840994535397645,3.4487622105254045,-1.7872410629694155,0.5205657686867103,-2.2079023152240946,-0.5667088552249919,1.0575975541368055,-2.1018584984205204,-1.3060792177477558,-1.3928073496297644,-0.6051815622109133,0
-1.6664956167089868,0.13995734670461857,0.2496850040222074,-0.25503807075025725,5.110539301796519,-3.533241950317973,1.0247683463664683,0.3533670408555494,5.036592828491113,-0.8458976668031122,2.5999756546685173,-3.7225127223596033,0
-0.4394666799170862,1.2524888019768563,-3.0637234246755645,-1.3634576563858438,-0.08096083222465356,0.33172430590311786,2.3059126514636663,-0.37128603325439524,1.7873797821687207,-0.26761280428944023,1.8858288815272295,-2.271371505229898,1
-3.778760510288869,1.0827436730220201,-1.7513569456078963,-0.029343575610202958,2.947248740463751,0.9518346292979997,-0.08710100973315438,1.2781686265275605,2.252533349183537,-0.6607560864148428,2.3789145035187804,-1.397372558431985,1
1.5990773589105973,-0.5289816687693768,1.1002806074692695,1.8540466949137544,-2.9209874850995545,2.8232900760753745,-2.5948677730230214,-0.7296522475972549,-3.076558032444879,-0.4290579643744918,-1.3041221385929618,5.857344432273364,1
-0.36606205588628793,0.763643430661518,-4.6896409850101275,-1.7380945777933896,-0.3404988066296788,-4.155095171613672,-0.1785110572655717,0.6922668876794265,4.288841172606863,1.3182961154475186,1.802299896597245,-3.7766812614558867,0
-1.8660471700365795,2.158405820278003,1.212240054017282,-2.9374484980403617,2.542693074258315,-1.4364993753967197,0.7544265774459091,-2.640432395220115,1.9851099265865635,0.7656819141880253,1.5610532514361883,0.4563735457272475,0
-4.918753554567453,0.44816187063076707,-1.081390803388229,-5.481326935180672,5.46642486139036,-3.9249655311907468,-0.679072891960294,-2.9972634354427727,5.377325930943601,-1.4092575076101208,1.7188486045978455,-2.8171401678942214,0
-0.2694755125784405,-1.1412276775629304,-0.4875325566560773,-1.806517419619854,-0.7316475684359595,-3.6188933810865977,2.4631617096830496,2.96518687339106,-0.797808682761578,0.25434212693793284,-1.9036306141742791,-7.455301649663631,1
-0.6252443154292252,-0.06570481230540498,0.23355289471209584,0.042151733298136804,1.355022961074671,-1.569825184473855,0.41024758778056214,0.25045844926040817,1.9668618913511733,0.11394545064530417,1.959325831141824,-0.28024447413735076,0
-2.332967164367074,-0.36771652938121147,-2.608634857996425,-6.2103940730814475,1.9267953320579352,-3.403336173557527,-2.375870899219115,-5.6523073362062215,4.6777200366567255,1.8791352314314027,0.8257352728282098,1.0695703344907097,0
-0.7133280719850035,-0.5136766243494293,-1.6209765042223272,-1.2723822299734089,0.7852876927885242,0.1331976033902944,2.6511068275941776,0.4975395105673517,0.6288848595172032,-1.5820830369400054,0.17326841601474263,-4.275115373358837,0
-1.9500614534827192,0.355427973549249,0.27201658823852737,1.451461612939145,3.074065162021064,0.17506428138150643,1.155046705568664,2.5712138324464116,1.1218516309386566,-0.9849303551626952,0.9601805760642761,-3.4203760044747096,0
-1.5802130380780932,-0.3908161333147518,1.5753189607973686,-1.0669005203929922,-0.7453988981044894,-0.22684055075049114,-1.8223165863280437,-0.6077361543993036,-1.214214961971424,0.20513103088527473,0.28312074162015866,3.5749333553125506,1
-1.6897904493302116,0.2628573019993541,1.52199572450554,-0.6524702915658331,-0.6120625358576411,-1.0682223888212337,-1.6599182509426171,0.2904821768715764,-0.7077296047581009,0.692112719523347,0.884676996017751,2.9251313739547222,1
-0.3736723211931984,-0.30596849714522045,4.093085329529738,1.0300238604787753,-1.3730270131429492,0.62012820294494,2.204173858708523,3.219649386785737,-4.777957254643519,1.9257354204585992,-1.235883554172989,-1.0197051348439803,0
-1.1552641826946706,-0.6136002518425555,1.3962129380329802,0.2758047333175067,1.2172262138016647,-0.8252426146063152,1.5125021485215533,1.6219869226672647,0.06293142484193694,1.7994832422586764,1.1238280556432372,-1.6241592228513535,0
-2.532622949063308,0.6294075144706212,-3.026500627612043,3.55886041011443,1.2028551854492946,2.03274658225315,-1.5576690702032592,3.6954168562810397,2.031552833579812,1.444550772286276,3.1837267687113884,0.3208797902464898,1
0.8769479422172479,-0.2906180553649282,2.9734650592803344,1.0993787516590716,0.7044879390122247,-1.1482647855080976,1.4930948715169443,-0.8718729612626559,1.4428359277296858,0.019205419153363955,4.0533795061482545,3.8655474002578667,0
-2.702677479265204,0.9204658773642989,-0.46603030546773105,-3.4543735272990808,-0.4853792135466616,1.849898066173116,-0.5058892122266156,-1.784035104913039,-1.9567772307900537,0.6011328267813608,-1.3971262909530573,0.7637054068336232,1
0.07396275597897684,0.9838923976750268,0.33056238900411317,1.725377297859204,5.472650778069278,-5.978790275478247,-0.8767420283993117,-0.29348169775329447,8.4092780560366,0.48751160216283207,5.371445235229415,-0.23569136978466704,0
-0.9132694702771402,0.27801015228084014,0.9052600795063803,0.38337651097748127,1.4334340719014258,-0.7664551668380017,1.9102373727181077,1.4427617202736958,0.7018161872032425,-0.3898298473309665,1.6035021460484904,-1.8885257105044801,0
-0.21772747980751872,-0.5085921483079769,-0.4283335738885383,-1.5613025734445571,-1.0641853877739207,0.6936822992559978,-0.22553076399370486,-0.7826942848249396,-1.5501433481173517,0.6497969928681732,-1.867372746530932,-0.38699778125040873,1
-0.1708527096786796,0.5927715473030464,0.3106378445814808,0.9725798495295973,1.3401631612077491,-3.53408865639987,1.392421298823519,1.48122961744551,3.579587587206361,-0.04421151371622277,4.419591792437106,-0.5358735316273794,0
-0.5295054734040674,-0.4043688182176844,0.8070431764985302,0.8620325739035195,0.46474463866597326,-0.8874341004873137,1.4090696565319432,1.7200612590026765,0.4913423569089042,0.05023768852610452,1.9848600484271732,-0.7089754609253892,0
-2.1094320742975263,-1.2172577518885987,3.1864499928393757,-0.7165412216045683,0.14261872411593446,0.822348547999262,0.8874063165405535,1.830968671431694,-3.9074068761146807,-0.10134812293696835,-2.07765659724915,-1.4208225890560158,0
-3.681953107092564,-1.925971782859349,-2.2003891382006735,-6.351767804607586,0.8367754729870232,-0.29761978829369284,1.2983741680832095,-2.498059954403028,0.14512737129419903,0.976901732424442,-1.201087330645186,-3.62537497879339,0
-2.595085835743678,1.566994199662594,-0.6793933248795072,5.237642889842207,1.1031688542916978,2.250941800279457,-1.7510889396624056,5.041353582135891,0.752085379108098,-0.8693708018429821,3.6928213125440275,2.0436840941508083,1
0.00939971563137676,-1.0559227812035126,-0.4300776331234617,2.802126142222873,1.8861868155829722,0.8235049078798349,2.8258152387744313,2.6285989444876536,1.6028537228047568,0.44387480089323533,2.6692535470959533,-2.7164133412165317,0
-0.976763622962262,1.3549343874183584,-2.1925810368352545,3.3310050569735905,2.270281492422799,1.2366982234097628,0.036526233021347165,2.6615899225010113,2.7348393768930004,-1.2396962533175342,2.61611128897132,-1.4608252063351699,1
-0.7751350881099319,0.054313158733927884,0.06193499768899402,-1.0338144929650146,1.7214685459427912,-2.193848310324303,3.6687145577872746,-0.03260249449546482,3.1611573106889552,0.602936153565137,4.514447522230751,-1.6219797930580497,0
-0.7051123294491722,-0.20627097661933677,-0.1402148190553787,-1.7255005674911323,-0.9770718535652738,0.9087994850039318,-0.22985420020392233,-0.710652110763361,-1.8484718224602468,-0.13635273586200283,-1.7905838920615786,-0.1522646174156082,1
2.0980428037176226,-1.4397984014602998,0.02187975405096787,0.2530893441061041,2.1927344697450035,0.632903217935167,4.771679448899114,-0.782985521991153,1.3621885302484826,0.5296856359757821,0.2653339831880518,-4.666539028134545,1
-1.243403891853258,1.1735093420764797,2.0094184542896993,-0.43452151923732674,-2.850819058758953,3.9825941767328574,-2.3774327147724423,-1.3025062671687802,-4.730442143879257,-1.3976135618289003,-1.1631450089040483,6.924856070942538,0
0.6449954965041702,0.3237386647274483,-1.4936227578676717,3.3052439786129684,-0.2405500257098181,2.756763354232622,1.017001246591762,2.4500623561026655,-0.25429445919297633,1.5047905835682596,0.9358584375345225,-0.8488723793973946,1
-1.1364200064034384,-0.9127438381473463,1.2476174815595829,-3.034680756822579,-0.8622900112147447,0.8126057875566051,-0.9288990138222297,-2.548850913389331,-2.234751121094346,0.9839710477500608,-1.8628366134290752,2.2312908879846565,1
-3.4484442167851723,1.622461156602609,1.5143297266834166,-4.108971223985426,-1.0519070063501643,3.6001090157895757,-2.6352967730377737,-4.517729668193085,-3.120872515263699,-0.6866128183846327,-0.6839090644148124,7.440548960121216,1
-1.6005091069843966,0.5595034076698543,-4.943510356535391,-2.3420265892010006,2.7873681967413297,-2.251531299151094,0.9645674960177005,0.32480458374910826,4.345144785461758,0.3739058614384875,-0.24291547966671523,-7.773311726496934,0
-2.2719109112877374,-1.0104861962046285,1.4254523825184295,-3.1958560570562637,1.0996554714537126,0.21837356823933485,2.1151582423972077,-2.476910116134616,0.3978984818933622,0.18696909912287174,2.572026462897451,1.7904612538899374,0
-2.942577772238907,-1.7146226205321173,-1.5060023824829327,-2.597552468181455,2.160575288215716,-0.2192773284949956,3.27739734813784,0.5729730080032056,1.3492884775258593,1.6572690765144642,1.3975594739437576,-5.000827575177422,1
0.5952800904546456,0.0419048347158598,3.2691803301701716,2.6458314090042174,-2.2411560585322796,0.4501307991906187,0.6874100228700006,3.72632345678244,-4.122596809758725,-0.31611616647722734,-0.6913288930371213,0.6422451684730653,0
-1.3131454141345522,-0.903984169903681,-0.2804643361552708,2.122391571917104,2.1114660448071163,-0.0660816498292629,-1.38887175745339,2.2944517874564117,1.1632207356196855,-0.7558922375530494,0.1976008936792868,-1.3676511515009162,0
-1.8993501640723016,-0.11702459765656072,2.3834420362328532,-0.6081890314104006,1.4017966128405688,-1.6044500793382832,0.8321515580662243,1.661697341361279,-0.7237334047616778,-0.8966132689962005,-0.04556704712702064,-1.9628308737657305,0
-2.57113322775842,0.07390517968010427,-3.3332840758114726,-2.4713944151157365,-0.6242017121474248,1.315204111512898,-0.9583400160032689,-0.4426432273046208,-0.06553328590666958,-1.266403158172333,-0.5288036813547563,-0.8946514772180975,1
0.016653339309777637,-0.07411892069451026,1.1114256147681782,1.4508739167511986,0.24877193116797602,-0.43654243342910337,1.734403121206933,1.9454366553332965,0.02407527236785993,-0.34587760000400336,1.7759742678377752,-0.6955877762576166,0
-0.4435886488176236,1.6139190997708943,0.3357570402139911,-2.6260978414938254,-2.004001048559712,2.6236850800182925,-0.986221124644119,-2.815448597088398,-3.241848326611387,1.7280311970373914,-2.5666801928522345,2.8508612344683804,1
-1.594055846441679,-0.4983482832672161,0.5229244551617879,-1.6648773586996815,-1.467582958371398,2.8341576727580335,-1.5290068176453846,-1.6557105064034836,-2.9080940564878146,1.1682709194506562,-1.3061262156333313,3.6742956014704773,1
-4.210142771949486,1.964833255932635,-0.43185994547951734,1.5175097641342932,1.9459422761400518,2.0545537998903667,-0.32569429629315616,3.2602046090497296,0.07941014553249137,-0.4919716545731361,2.28126067616195,-0.2844149739789339,1
-1.2550128613668927,0.7422014817701627,-0.2063592037226607,2.2579396213418037,2.422909968566631,2.170125790879663,2.5285377514424168,1.579710722097432,1.6335633591447918,-0.7267364735083292,3.676925984124459,-0.5876374796945696,1
0.5632362190065101,1.1561870442302387,-3.8043596954625363,0.022081811827716052,1.1596885319096202,-4.3115248287762915,-0.18886123881004635,0.970186304368615,5.278858700193294,1.6765327222671405,2.0142987843782274,-3.9818455628040104,0
-0.20990040767146145,1.1767175282625644,-1.0477403295718088,-0.5064674300108831,-0.9037560819613659,1.98309264134412,2.179232444473792,0.00364039433825325,-0.8653310787005041,1.4245659406703168,0.766106736897608,-0.6003196752301226,1
-0.7257640156347567,1.7284196662346876,1.9127887067239766,-2.1208951515187593,-1.6912616224488195,0.5462668849928037,-0.8819210341537355,-1.4513263250929804,-2.9797251655068706,-0.907714275187488,-1.671420906112025,2.6479972962102822,1
-0.05404516297673578,-0.24786597842599897,-3.8854225347253157,-0.40298304810244906,1.634342912128713,-1.8983433512761558,1.3261679799681005,0.6997019518534402,4.0482555841886665,-0.12165512276813255,1.3526728603617195,-5.080520691233751,0
-1.7711713341903095,-0.04186669651633724,-0.6442898623897009,-3.9534896605427856,1.0662253480765151,-0.06141299311836712,1.1754016712131905,-2.5603030996015597,0.4555709016390074,0.3617609787629536,-0.41869885819719066,-1.474431275785252,0
-0.7996274504026428,0.4985440316601284,-1.331189434801302,-2.299554873890756,-0.3633590986978614,-2.488330718944737,0.38634281533021797,-0.8748128375061122,2.0343423249287538,-0.5545040658474447,1.961619077458846,-0.1937623520627232,0
-0.704148022126911,0.5147192490554946,1.7380153280023682,-2.277539084797451,1.3829592412477483,-4.036911221833223,3.6317224434433975,-0.433132504257121,2.4758405881282677,1.1993402222903706,3.7816286936722134,-1.600212474139439,0
-1.1360263123600958,-0.341179097824824,2.46755631770755,-3.6073801523309887,0.7320401115924599,-4.42486307608128,1.1876065472202932,-1.6191783420970627,1.1978343485709708,1.7473334605404953,1.5529479118049003,0.01314328481776477,0
-2.8576283436636882,0.7996376730107474,-1.3565867393126956,-0.5841158873824904,1.104074469962055,1.9198946697141985,0.131707619431626,1.0519131225947007,-0.31481834585053375,0.17772405795397242,0.10025644822399538,-1.5659415403147408,1
-1.157731660753795,1.8278721171737566,-0.2976835452103965,0.29389281181695237,1.1755117058760767,-1.6455072060289708,-1.5716781066751444,0.6207707869235479,1.860426945507546,-0.13537561153335706,1.1271392770781838,0.31118576475352994,0
-0.9646274927107378,-0.27321485545034424,0.5676388782496347,-2.26937409749063,0.5213891525141039,-0.502322947492219,1.3586213309990804,-2.3643246030228777,1.2755508904321964,1.4073452560484,2.6395277816317586,2.0599545987368852,0
-0.4640551889771777,-0.13347546934255478,-1.5450357635382197,-3.260604294339694,0.8940182351747548,0.5623894257585365,3.1819303963331165,-1.8232508456286094,0.33698904477961006,-0.6710745754265349,-0.8866096813586075,-4.271700756418863,1
-0.8490188335629607,-0.5846327504070791,-3.7371895488962767,-1.1588615345496731,1.5016686795292888,-3.394826824133645,0.8016122559585959,1.258635096920824,4.130179820844416,0.7155560556661156,1.2870126563816335,-5.608405027355901,0
0.9292181247279492,-1.5062051852095468,-1.1484999468773562,0.5930527846283792,1.2247785609280637,-2.280774353396436,0.7011246872179575,-0.12931117898932531,3.6047482415002654,-0.943644689170687,2.495117007144458,-0.9304166726361343,0
-2.891522648014765,-0.8407190759745088,0.8886113337931598,-1.4998465569902037,-0.464935196013495,1.7048519759601581,-1.8225316946337118,-0.759713493792227,-1.8528547245875866,-0.27954896714944677,0.11204414048803524,3.684284192148,1
-2.27129893455231,0.4799979503334743,-2.652416095546667,-1.7639659515687893,-0.8455769031359239,0.7042189574175503,0.24859917599070191,-0.3550557203685132,1.0469579336231847,0.5914902424090352,2.67858904885301,1.1374168704991918,1
-1.9860384433857097,-0.3064391453211406,-4.149738364296819,-2.364938038724682,2.355146742103667,-1.1807131241178037,2.137017895973446,0.6500835317954483,3.107407427844908,-1.5765414241461468,0.21050916920597662,-7.351762057305687,0
-0.7625738399600792,0.9853641752586195,-1.2202977149065408,-2.8427655029618157,-2.8234318469017374,0.9288687785574734,2.5707836367586268,-0.4495288071471082,-1.9557857493782582,-0.9581669910005628,0.6218886524263524,-0.43138650812555596,0
0.39501712779598264,0.6460724843120506,0.8278418627057593,-4.4447744261178235,-1.3068806372001391,-0.2823362798952449,3.9634873438550198,-2.765480173778159,-1.684839011264109,-0.6862420832016443,-0.6960450457014646,-1.70123385638028,1
-2.8189533815123844,0.564961222435811,-1.9171272792769933,1.4828759446273152,2.885168610403586,0.03534047932745876,-0.16267369490653727,2.264471587973671,3.2307763344420515,0.6700410091298804,3.274907525110022,-1.4698546052086205,1
0.7446308565130577,-0.23278744511684,1.2992739499941286,-1.528650237538268,-3.8691979932867717,4.243084291375181,-2.236803969961783,-3.5874915674845873,-4.941605835434902,-1.1374630697891297,-2.7572363649290006,7.0537938458395,1
-1.5720666148348597,-0.5711747252884383,-1.18540889331798,-3.415075176390282,-0.6590116494821563,-0.7983057504902616,1.3227806767847794,-1.3896160060270557,0.46548839646679163,0.4414135076579743,1.2129866803501255,-0.44936944844425974,0
-1.1706140101979514,-1.0117196279958942,3.1387796131312156,-3.623913656249949,0.23139536987080356,-3.716037001714313,3.1002983914415565,-0.9082023673447754,-0.01847264060274567,0.09508813833213807,1.8861151208496654,-0.7793819607527115,0
-0.04881668966612396,-0.5137746355690049,-3.822734826074945,-2.8010225271424325,-1.321416217261399,-0.1364259575815563,1.054621590866473,-0.784372338329401,0.36543610103829127,0.008117599835531812,-1.3744376469557589,-3.776062690894664,0
-0.6239900882026098,0.5401656961164798,1.605942307038875,0.6184927714767184,0.3891245394883518,-0.3769167746839669,1.1517295833915857,1.605458322383944,-0.7587450944510098,0.9736026885483221,0.6256409733747582,-0.7836988965894622,0
2.1360753051918575,0.9044739885286556,0.11926526920846081,2.2338471879194013,-0.25846226973662834,3.455424222984301,4.356789652539893,0.325409326170237,-0.7431506717505153,0.06465205409921436,1.711325129387899,-0.559158346817925,1
-1.7835880960499375,-0.26368196219828877,-0.8313553850342255,1.0968133144767889,2.3833472418809603,0.7854621953582208,0.469606090791849,1.5918574853235696,1.431656960509285,-0.015500273354867434,1.2144430811956732,-2.026017391119377,1
1.1818454072514506,-0.23082758126766798,-2.9497533211538602,-1.3567839650963889,-0.5432453349990036,0.5051961019759543,2.4664398955368823,-0.6913265774286257,0.65676264753024,-0.5369559130676292,-0.7703996863968581,-4.025698436245428,1
-2.5817978098268504,-0.06749435936989191,-0.9826142930688612,-5.791926917779151,0.5749072118333818,-0.804467065255975,0.14946098504413352,-4.140210201704886,0.9525770747565449,-0.47095556770824526,0.1301193903466229,0.4407483222535913,0
-1.0969539838401539,-0.8335863314366934,-1.696173759181077,-0.4266076686623167,1.2468903529308186,-1.7881983990935333,2.6174921908731257,2.539431733141986,1.6020309665721284,1.4921986266632328,0.9260017020367097,-6.0064551388046175,0
-1.659115640179102,2.3365722225571814,1.0132055556868806,2.0083344754136476,2.0749148542472695,0.5575843114294519,0.3029688479038456,3.2647496119614594,-0.5833922229075327,-0.39364435910278517,-0.4364236641223431,-2.8914841070319675,0
-0.5726316751921021,1.1194577547152547,2.573827825700948,-1.889145886111571,-3.5891345646675026,2.792606835986989,-0.6891973689499206,-1.1027062284932776,-6.011989450342023,-0.5312112986813364,-2.903836426265075,3.924883346534551,1
-2.4166487123426226,-0.9026984023475662,5.473862899293649,0.4927426427195153,0.812290940841423,0.5261590357923702,2.757890438597589,4.586297023964197,-5.653360643922613,-0.5862977620086853,-2.7632319426371357,-4.316909487548846,0
-0.5986062969520429,-0.27041987705742676,-0.598304354940047,-1.3995788118583576,2.844678883835639,-3.0737556895975064,-0.2509567550716798,-2.032653343378725,4.673327279425614,1.7150761274537012,2.5754670659514454,-0.10463099481191683,0
-1.571155013583625,0.27097589980752995,-5.3125615769223,-3.283659486923032,-0.703464381710488,0.8203500563888977,3.0121775196089056,1.0261045819741017,-0.042216435025184226,-0.7769707319632969,-1.6825487396121617,-8.006318864949211,0
0.3046243367036545,0.5518737051862475,-0.8483408129260399,-0.47863103167550686,-1.5425165291326692,0.5206689251182997,0.6957103011059129,1.324171228225553,-2.211510398827714,0.7264439331791974,-2.5550906484646987,-3.0523809207145023,1
-0.7440180542132275,-0.36594824722504005,2.187485976139662,0.2142113420643106,0.2995509215196981,0.72849664730842,4.199571982674916,1.9586293462581845,-1.756670712409274,0.39667252654076907,1.3968503960392793,-2.19781008344264,0
-2.0642054255912403,-0.3537837393876565,1.6862425609801734,-2.0844477402492534,1.8908221555346159,-3.591181683868845,-0.0001245219466730063,0.028998888781021304,1.456943140920267,-0.6679832757331143,0.9446499459677198,-1.2029436781741045,0
0.23595100164270466,0.09405467296925114,-0.8648293934392417,-4.76671585309298,-1.1205967364810698,-0.7763287807206716,1.8713581830111263,-2.135336386556192,-1.8728148601329746,0.4200922506837794,-4.016837257906283,-4.5962174065314025,1
0.6875674981687421,0.5032514745275087,1.3489569286135568,-0.39948302209933584,0.2596805927622573,-2.313124854612216,3.5047936368930417,-0.011817729607733307,1.6987638001772152,-1.6534105610591865,3.732112147024301,-0.2972147815404877,0
-2.6432132212453956,-0.6562945180863302,0.8805515655067571,-0.7351410527164994,2.499733804126441,-0.5291333651153268,2.297545296658064,1.668711671885624,0.5238212349711053,0.22445450364200248,1.2685023355543021,-3.4300525678448563,0
-0.2758343920554318,-1.221946727129981,-1.5148886371612205,3.109607516392735,1.4249793559960273,-0.15129269504992893,-1.381887437138147,2.23786127367777,2.47696203833764,2.112524033484942,1.833015964965261,-0.22438799802982606,0
-2.9905690881340448,0.16440354411484173,0.35255411000841974,-2.809273830006869,2.146387968851882,-2.6570074400208012,1.444823184848851,-0.47308377892256315,2.5154806602824684,-0.44393410169558084,3.1091416606712055,-1.075334686378075,0
-1.1977353798804622,0.2113664280861827,0.15267901657363714,-0.2842052715146359,1.8804613529078766,-1.4984081434770435,1.9149707430460674,0.6680775591614859,2.235180819246278,-1.307455533259409,2.81586275267501,-1.5784560424712617,0
-0.15552583561097277,-1.9177635997752938,-0.29583252890997513,1.7154403564337501,0.9791721508306233,1.8590556898774302,1.4238816171504003,1.1454894690274964,0.22895578463265195,0.10319443608634743,1.135944988312298,-0.817845779389876,1
-2.8245669581650077,-0.414977314615382,1.2430571191808926,-0.03104740018673634,-0.29560296957293375,1.3668150550214644,-3.316912731609646,-0.6526272255894514,-0.7010619997392707,1.849386684269254,1.8822993295235,6.650339991802758,1
-3.136686096812584,0.7524990658586576,-2.547504558648666,-6.645331288628152,0.19480962152380665,1.3091352837877894,1.5706732573465043,-3.564912670935491,-0.7034540617503174,-0.1867641539474473,-1.8520812668503843,-2.8781202285934118,0
-0.18826541509309846,-1.693189688196435,-1.8352081853788955,0.03653992345217343,-0.1814741421617827,0.4797426260366957,1.661372031116159,-0.08869095523723414,1.7614080993155663,-1.0623264886827002,3.0875105825092612,0.3069211678902415,1
-3.2436727926504263,-0.5265827001745353,-1.456038076606249,1.832663163516764,2.6076522597907346,1.0624150056098776,-0.8557308939304475,3.150493737873666,1.3912403906795254,-0.198287493718794,1.358221277376809,-2.054485355487946,1
-3.1702661228403537,0.021507361785099672,-0.9892734934707793,-4.206480977611803,1.2069183543849646,-0.30347004057954996,2.3170054550992636,-1.3340501967256986,0.7938655130335112,0.17562395264908287,1.3119562237567004,-2.271811725576649,0
-0.2800115531949152,0.24115610016203057,-0.7494966355574413,0.4285977356690484,0.7031959641583443,0.8489024692928206,1.9097868712198773,0.8215898793235104,0.47679437825803705,0.3650156111877453,0.9731672460708333,-1.938388930297841,1
-2.961212431549309,-0.20985445031069216,-0.19955585334598713,-3.1697399385244696,3.606295467720045,-2.0646999905634895,1.336021623114001,-1.2031170205744446,2.916026654540968,0.15156222251443,1.4295183093278363,-3.062346298750337,0
-0.6791225481852724,1.484240174053592,-0.7042280484430925,-3.329997544691155,0.19334885968696902,-0.4976585119504926,1.2931779041489613,-0.9328967507718648,-1.0870507975712644,0.2206506097568478,-3.056412944108538,-4.458261314086192,1
-1.9499856812873924,-1.2348774776631997,0.09644067305957527,-3.6701960673388023,0.08664862404805018,-2.0201978450167792,0.6071305636393435,-1.8597349466148563,1.0544340543411117,-0.5341713413477687,1.7150718626199053,0.7187587859647973,0
-2.2304077323600184,0.013381909786837494,4.393923566992168,0.7437736894759774,0.4734548217446355,1.7882866187244442,3.4762161843720527,4.322551868070582,-5.379503377087574,0.930129915945103,-1.859951174688635,-3.9278915989536367,0
-0.6269384520670582,2.2443002912010006,-3.130172420901513,0.20943104296297524,-0.7904051262478471,0.9103368848666287,-0.13002587781599217,1.5200246388514655,0.15375588086052802,1.7920133649038361,-0.3735353432362607,-2.3337011775181127,1
-2.313054323231182,-0.16881583758221946,3.2560351594039503,-2.268410592532637,0.38685574141077494,0.012448032046793012,-0.7109126307920339,-0.8445283143495028,-2.607578273950705,-2.1541315939199697,-1.4604239368098102,1.5703052974184342,1
-2.712200874364548,0.3393470113865225,1.0573870867047117,0.024774045128193534,2.7839012132905157,0.3275120960011606,2.201402035458147,2.2218893531656763,0.0033786300636862933,-0.17143526147808016,0.7742922560950771,-3.701392030611144,0
-2.5609139774009764,0.012178065158001268,1.4891822627070153,-1.9978479429839808,-0.5629315799034477,1.0220190759057064,-0.12345650959010412,0.33609404750764016,-3.0536588326356795,-0.15490867459978647,-1.4405841276567277,0.2230454952052791,1
-0.21137397429158966,-0.28700185837141107,1.8841691984844706,-0.8759377002161263,-0.12145359414376244,-2.1715436383330697,2.780142262688299,0.5301258008981334,0.311664881871167,0.8767656061815922,2.553057519919909,-0.3922427974515513,0
-3.980582785241652,-1.05369282393762,-0.6704724450910422,-4.11655540475548,4.195470336395521,-3.6313718430098554,-1.536680850840385,-2.2430210011280263,4.378933200244229,0.7680904324722292,1.3517358752933868,-1.4155034350219402,0
-1.2963274079610054,0.4014939317364291,-0.5939506888525141,2.591286870736964,1.5159179656026145,1.4396918656485818,0.29598651819250055,2.919546152109647,0.4393461142656807,0.3372901351111547,1.1045741582226185,-1.5888750407197052,0
-3.0439187256945193,0.549889502742018,0.7353263231422202,-2.1361171484317665,3.9307043596287796,-1.1558945350663488,2.562037988605232,-0.28537286159012887,2.3212609702830123,-0.3336576880217482,2.178170360622297,-3.1458236909550585,0
0.7490046348337791,-0.5057683865180949,2.425571083442553,0.9770221786980295,-1.7421925028199936,-0.6776556740250155,0.9299818412276883,1.4853980369828088,-1.9968123613434903,-0.032965646219079235,0.6389501907772223,1.369554288144878,0
-0.03849004456331162,0.15313275128555545,2.1458196096590907,-0.05440318342271004,0.9642140457507262,-1.0860959249208946,1.558455967376419,-1.1395305676000616,1.5862273820807864,1.1361013634463941,3.7222779387637868,2.836968960618001,0
-0.48528003445718537,0.44626445196459674,0.7877178252793504,-2.2380469225525865,0.766462929185462,-4.414727518528074,1.4262063633407618,-1.1437505981005087,3.137214450326823,-0.06867918719387264,3.5887238064997824,0.2713108853932113,0
-2.507144728226036,-0.2561705486289123,3.537163145186769,-3.4720863046567936,-2.6721730220349036,5.068278138646761,-1.7780693008046247,-3.511425471326471,-6.876258614171605,-0.05700913347580108,-3.0762979849415393,7.149762251408849,1
0.99940556438045,2.047312462989862,-1.755880144683701,0.623229576302345,0.7350449866611573,-2.4509259859555685,0.7458113470525416,0.2926340043565263,3.621395735648297,0.3376322659907682,2.546372450947307,-1.3573796816475585,0
-2.2952785683414154,0.3360756059905912,0.9515203874591943,-0.74965455680513,-0.006641638557181473,-0.0438957154359243,-2.664947631018136,-0.9359983589724307,0.14661617130590562,1.3152901147477354,1.6682276490111707,4.947291377980519,1
-1.8380926647222813,0.7885372350193348,-1.0720142910585664,-0.8050037636864252,1.4500622456339205,-0.3914643650473213,0.010042464900355208,-0.04801112690155174,1.8262989333449398,0.1936803510881671,1.6172603354924846,-0.5533167807701338,1
-1.8254308155964054,1.1826485284956558,1.1656271141002172,-0.0928556654915775,2.091776861730782,-0.15222169496625715,2.6652886208140094,1.749490209789652,0.14190345248979747,-0.5125886709940031,1.2208352557267719,-3.1371112902909823,0
-1.5900738287144105,0.9812365188140494,0.15832325368385636,-0.5788778790409209,2.5662265612774897,-0.6824352613830849,2.445869039937061,0.4855402727398789,1.9545517981638947,-0.1074578722701803,2.268363624389611,-2.5284030525440255,0
1.2224470443647417,1.4047378092615181,-2.0937183510312543,0.6220980697253842,0.46253447982896934,-0.9793622157001053,1.637739728730287,1.2231063122839687,1.5912925095976118,-0.47982365323179094,-0.1730454953032201,-4.4732020017916865,0
-1.3627492754386292,-1.6269855541280314,2.015493416701052,-0.6367974265464714,-1.3546825332791153,1.2782414228804162,-1.9310676650245442,-0.6743923357420394,-2.626883754537719,0.8069361760649657,-0.4424359477036509,4.523087948741595,1
-2.5584682180702067,-0.2656932758270198,0.6809149331207143,-3.584331912396796,0.993860226383856,2.749189353141543,3.945170294037932,-1.2498750409963835,-2.345410384847385,0.9251204203663961,-0.7521678159968386,-2.838360734892326,0
-0.35922515884396256,-0.5902914083802848,-2.9579793185275127,-2.989683933587845,-0.5977270414051967,0.6364642856193334,1.252771980331778,-2.7427865672150684,1.4604474478601,-1.3243131003782649,1.1157437673702586,-0.13986048613695137,0
0.3607064679113441,-0.7268895476318217,-2.584043733601076,-3.245412857737763,-1.3017062196713487,0.8991633472567976,2.251176419227172,-1.921310956149312,-0.5502133246259047,0.9653818810489149,-1.4280142281726478,-2.94339980474789,1
-0.20397998671939743,-0.28555688150627323,3.0930713224376816,-0.8988928930961003,-0.45428693227675865,-1.5262179893708343,3.5613041935591134,0.9388117697931038,-1.3538430426957515,-0.9819895798429918,1.6915452917185758,-0.7735341961850484,0
0.5291003875674869,0.024950981700141775,-0.47693478939069456,-2.9704527976290813,-0.7192617394023177,1.0951304949119782,0.2555039873459166,-2.6679493532206435,-1.8500001657458283,-1.0590420831857819,-3.6725758781865494,-1.4284707937893666,1
-1.6079283505009128,0.3011896461561238,-0.6368814311420045,0.6850254550085707,0.27648203866687737,2.483979396168511,0.9173735502486314,1.1791187591993857,-0.6733061100740545,1.7264511919615328,1.178142963467122,0.022682476506378377,1
-3.2040688797654466,0.978036805085944,0.8232768740421135,0.03429672023169737,1.9507683804614462,0.6508201185059452,-1.8045971182222076,1.9090445559854663,-1.203564093530363,0.2950731721805789,-1.8050973659081213,-1.5740505048938718,0
-2.8861781237028277,0.9523201417650637,0.0123402533438286,-0.4477150102598392,3.363177171963165,-0.1330527141241744,0.1408492654393323,1.1341360446451394,1.1698894804558864,0.6618617183910563,-0.01621290636739392,-3.1853993908570484,0
-1.1612646641926714,0.08072248520404503,2.1240144711646294,-0.6482456267781971,-2.7547752338658533,2.5894433531063363,-3.448665167877353,-2.2750409975908497,-3.1805522002654354,-0.1431787698961524,0.3174885469985598,9.139423080869935,1
-3.33566977829969,0.953348561334727,-3.0852645367450906,1.7233834729334871,1.3579821270741168,1.2350700934014913,-1.574492595097227,3.252752580310651,1.6465554395083026,-1.3615483417500218,1.9018934004168437,-1.2255374340555731,1
-0.7490179196605466,0.3680935057857506,3.673958851835586,-0.2160770390922083,-1.5124462722421452,0.12843698279756244,-0.4024013272420939,1.484294961617395,-4.462140070058319,0.2787324271991807,-2.401757381563886,0.8552715205997707,0
-2.007832486519682,1.2827352746676568,-1.805877263507485,-1.1719456168769136,-0.25612296748949936,1.5599434332846482,-0.14992538674116407,0.646699082329543,-0.9693674268959703,0.014575772720035202,-0.9116082734630002,-1.5711249805037517,1
-1.7102675407135455,-1.0241387437841953,0.8927530162378665,-0.3656311469277282,1.9647054087323323,-0.7448989132559067,1.3651057135483722,1.0701978084656312,0.6524924921133172,1.0697443281977426,0.9852935928886096,-2.1383850382181904,0
-2.5147176274066836,-0.27934085055530444,-0.5740124581638739,-2.9729981463057324,2.7100827488866055,-1.7425258859585846,1.381999411886811,-0.6396292771422136,2.0024168414433485,-1.739172755377838,0.4932391539535115,-3.759558258692931,0
-1.0011777018474866,-0.03200556604582684,-2.2959861397620003,-0.6282565550222038,2.0101941589426815,0.8846563542891963,1.660193020856643,0.12410069693190784,1.6594100278067287,-0.7272561961869696,0.1652117189084379,-3.987858466744914,1
-1.5803509635461217,0.055144263587179644,-0.833936321012411,-2.47912258696131,0.1288983922453426,1.2614485842754053,3.3776333414362414,0.1746254510801848,-1.2710349084052415,-0.24649050918617657,-0.4423002599057284,-3.9453868331535857,0
-2.623917073772878,0.9869916824665322,1.7742396727890184,-1.9334346527170296,1.8673246374172585,-2.4178129181540298,-0.873256038349363,0.40575378572614884,0.1364841781308768,0.3323394028343585,-0.6542822724511173,-1.407674285883083,0
-2.72659508625987,1.2950171368023753,1.9273178270440718,-3.5997879825068235,2.194345213850457,-4.042871329342182,1.76248186370952,-0.451726772669355,1.6406773371752916,-1.9856084588126837,1.7766104789957295,-2.211548388937697,0
-2.733941608151458,0.5397839669036788,-0.22960423027823973,2.1148071835996065,3.133589857502757,1.0610875898170538,-2.453102939157704,2.9568641735703314,0.16542481132117903,0.2053739965175697,-1.6724962105923231,-2.569017359035045,0
-1.6162258508888256,0.10033534082811195,3.8249306268227503,-0.6902665373979686,0.5795532799797154,-0.9517857760366102,2.0345708312379083,2.1798399573118505,-2.8807257468764553,1.7760376372601552,-0.9969757834649295,-2.3963964109384346,0
-1.784966566442805,-0.7403410881163975,0.26359718559151124,-0.4076115462460577,-0.8716252563971962,-0.5031762272394094,-1.2952278139494704,0.9179451126883553,-0.5851677000568897,-0.8619019917246398,0.9762947025529927,1.8813973525154606,1
-1.1618552830281332,0.7325390353216314,-1.0681512910705595,-5.355291989957619,-0.700611487669077,-0.9268096040638147,3.412847601004793,-2.7465925235033497,0.13599259466822367,1.4707029653410049,0.6618635325873269,-2.145371813082043,1
-2.117610137650158,0.15747618156846047,-4.891136072909052,-5.750156199299953,-1.6390582142390044,-1.9339333661590006,0.10326074633068183,-1.9207174572442534,1.4826962063066957,-1.109073072523648,-0.2967004037040839,-2.9884634606794074,0
-2.9736281735463153,-1.5869870002647386,-0.09523589475934657,2.751508327698593,3.00055757247471,1.239801163437601,1.4225346592320376,3.397636000253284,1.966335849070706,0.7341802319800231,4.329348897890448,-0.8523687158540869,1
-1.153144440880085,-0.05921748757782519,-1.3706513801582478,-3.9269293785561645,1.7619498598632406,-0.1468527962221191,4.026267316255425,-1.901120445348565,1.1638007959215062,0.2512972414660692,0.04067911808790492,-5.0466676828111705,1
2.0132558943610164,1.6031379318267798,-4.596142336110065,0.1103489552887922,1.6383770952836236,-4.784946326685618,-2.25918119873168,-1.7136143963103456,7.508825452981079,0.41714465959713315,2.259034454848112,-1.2418481281692526,0
-1.6306557037898772,-0.17354414185290448,0.1284975969440587,-2.349245514788609,3.9329270135355756,-6.099624879231878,-2.0954715756200377,-2.9538646443714374,7.054441441730053,-0.18785496862635717,4.340447854728268,1.9468552760693827,0
0.6767055950233194,-1.3904352947766994,0.595562094275323,-0.6763686870107583,0.6835666272160589,1.5523416585497674,4.079181989546109,-0.5718526351254443,-0.7673096867199006,1.2568578697058899,0.035893459355035295,-2.7130438984111724,0
-2.573397856779846,-0.4452630230855119,-1.0637020095839003,-0.20325546282328402,2.6320495864026467,-1.5315730793129685,-3.213004670083154,0.3581461720191699,2.629437135528868,-1.6881112218433878,0.24122857118556762,-0.2930903732071272,0
1.8973288642593185,1.1213130203425057,-0.24127256796403096,-2.437713970257591,0.19965222528097892,0.7333226805570603,4.503470167844339,-1.8579246594465453,-1.0400155193147778,-1.433695122590613,-2.4603210724025093,-5.260670781177305,1
-0.9928705742301801,0.37526576067267187,-1.5462637189636599,-3.1088417894323324,1.7872757694462558,-1.389017233474817,0.02802533509648719,-2.8462030200685984,2.7547944921214595,1.3483095839700427,0.4004177199026132,-1.120310450303949,0
-0.092740253849938,1.020507811606949,-2.4315869352367936,-1.4039279148423407,-0.27286915677784074,0.5240364092843902,1.181418176528796,-0.473181221861942,0.4718769897905612,-1.008074306380936,-0.48513820584232015,-2.592007629798502,1
0.9378264363581981,-1.0392345895380484,2.577181152157549,0.24257787488435406,1.5485213099498312,1.4973143570356013,4.307372640669074,0.07508811007203264,-1.603462904029718,0.28362966570290343,-0.7869184425339222,-3.1668473758546467,1
1.4191594605328663,0.9592864070350874,-1.216173182865961,-4.291749572114836,-2.112344701968685,-0.6106865345408119,3.9175318782283055,-3.3201586522614512,-0.10650451362889171,0.8284934091069035,0.45326761748306776,-1.297950845422484,1
-1.4587143281739747,0.5118567882706724,-2.3718246895678394,1.754395013156489,2.1976230818961504,0.7796446759892008,0.6262683037206884,2.35050619645405,2.2559535460000557,0.201781776326979,1.624424542106096,-3.1324884276971887,1
-3.8462796658346976,-0.49219101561942963,-0.6302308573478181,-2.858564764314926,3.7562707836568565,-1.0869334346247663,3.2779237226235667,1.4644819586730022,1.21162885586012,-0.5175416801267982,0.010285957190757422,-7.639399573156705,0
-1.869310255246067,2.1067787887670137,4.012720507736065,-1.0082027403178382,-3.8478159037080744,4.0323502415350365,-3.63938562617291,-2.4551474813743086,-5.81380734782155,-0.3745292031567242,-0.20250692616287813,11.569624310100783,1
-1.0180196001162483,-1.2700289118594528,-1.2119562802233355,-2.0511848481166024,1.5853000481470327,-4.145162580388463,-0.891869080927773,-1.7223750925165975,4.751764438618567,-0.6030123230769716,3.237733860740274,0.683959220131272,0
0.6057999149641553,0.15421518307301632,-5.035100270827343,-0.7314492178071114,0.04941797344351828,-4.533455417808123,-0.9439337894654993,-0.2941184509638418,6.257725206415809,-1.4204411601518236,3.500892795456542,-1.5249197458269717,0
-1.6622905800891958,0.38290228412485144,-0.12029863999701051,-0.5049637949908362,2.349428461233605,-1.753967437560807,1.2497024247735589,0.6058187435373891,2.6217546554371647,-1.7811975782244656,2.540147033813869,-1.8129959718517357,0
-0.47077540957243413,1.081231594242771,-4.242025088657633,-0.820940457506549,2.2725795358966163,-4.2366854776984635,-0.025117143951151055,0.7157373807706555,5.804625328615105,-1.1959937592503136,1.8218969035991797,-5.237382834419138,0
-0.1767024735131435,-0.10611739822922521,1.7745491945131424,-2.2446485741665265,-0.2552010725027458,-3.3466337516978237,1.2604798024391055,-1.2133204318562176,1.0403081769219429,-1.1462427900928298,2.179220479599673,1.0716861546720673,0
-1.4541809070565632,-1.4092597465956416,1.7240764075354287,-1.983034451663732,0.8564737578939368,-2.2468661995821146,2.5203412069508238,0.17450623206717153,0.5278948945231755,1.1899037204545329,2.045763432115642,-1.2991026816884055,0
0.5381952420947409,1.6287133529720277,-0.8818258828152876,0.07848492143685022,1.4936946663049522,0.703597600835492,2.9274288973113,0.371603839623862,0.7100687610153243,-0.4025668650642804,-0.2603774665507572,-4.341396926532366,1
0.54364834037292,-0.8192709722322274,1.7066553764424301,-0.05757683287590423,-0.5002921646119396,-3.0623767963415394,-0.2205941506767779,0.24120415874914491,0.7254131424433372,0.7826500463496351,1.404568872677955,1.3477121349511179,0
-0.959624472234811,0.6571737758036867,-2.3464503978136912,-1.6810566698764453,0.4065468029420938,-1.6129521907188649,1.4979478091501426,0.06360324232380776,2.368452148973849,0.555118846730608,1.9309776171228543,-2.534325535406301,0
-2.518069884482936,-1.7532824766553456,-0.28262371642161566,2.543663544601337,2.8207342693964677,1.4245178684124007,-0.9376488605198763,3.550881818608712,0.13802399235103813,-1.1867428136534905,-0.4840186065166232,-2.903551221905363,0
0.08655800738201225,0.37395276857885484,-2.4005930744786816,-0.6524622265642036,1.646209713501531,-4.607461872227608,-0.7780821465875296,-0.4806095530781259,5.57638014589546,-0.17040654875985545,2.9152254768106944,-1.3483554256629857,0
-0.03594849611558759,-0.8093197626951638,-2.4790737282588475,4.550865570647694,0.24323681793157992,2.6552397814471895,0.63822966040568,3.4530563304820427,1.4094929491941333,-0.3290854910271677,3.2762894580256168,-0.005875856086082747,1
0.0383947444639654,1.1991642683180308,2.5758214780033337,-3.268238358784008,-2.9244916147001354,1.3831005981277502,-2.620869191864524,-4.906267978568234,-3.310717212242956,-1.0497527035459069,-1.478320045469368,8.063304870838747,1
-1.0691582053687079,-0.8431251725532627,-1.8218486040883035,-0.4914845832710047,1.1245065352240506,0.2011706297239234,1.219044745775212,0.44144019338487905,1.4886956063849033,0.5142934510926954,1.0560919920829426,-2.4181438290107535,1
-2.716280477941852,-0.9615403436271207,0.558606054460446,-1.604783336923865,-1.128238240147347,3.241662029473285,-2.6601229647000277,-2.128861938914176,-2.252688912637288,-0.8564618069156842,0.17304685855204704,6.251885009713436,1
-0.8898306368241974,-1.1210859587610038,1.5945654294225353,0.210367839998733,1.2142612945946578,1.8186472949498995,2.1484199681248786,1.423123410658359,-2.329986167604367,0.5837575882260555,-1.7584916122988068,-3.225475362244016,1
-2.3436614307285817,0.7794590007070491,3.279996555642792,-2.2201647055884624,-2.697994321061228,3.961448350157995,-3.5271277274494572,-3.670056723018261,-4.776952775887354,-0.5820787431340788,-0.495733381063617,10.550265978489831,1
-0.7841280810314947,-2.6974789030829847,-0.6252952433570782,0.41857860441705236,2.5387209143914826,-2.1375401842209656,2.2528689782051927,0.9710686348979742,3.8515746318559576,0.1397350092984205,3.904018816900268,-2.2921666628311534,0
-1.8344086073455297,0.7592424842411185,2.8025285463592544,-2.416093188261524,-2.502279279092062,3.573070477684955,0.06732935804171047,-0.5776681673253254,-6.665404816538086,-0.4065926793687641,-3.697178664032645,1.9486320416692287,1
-3.065575452113255,0.3037316216673265,0.17020119544851386,-2.8544438843824493,-0.5756527223715842,2.1089074529869567,-1.790257824899352,-2.229822984325915,-1.6556332092673762,-0.8046088192413227,-0.09590155279590484,4.003187053617527,1
-1.771002457094776,-0.9944994135258003,-4.063687626189105,-1.620975320947696,2.4585011724745423,0.3326558798466328,3.4731526222286755,1.9588781612956698,1.5136602856558603,-0.4244799326578112,-1.3520362500283218,-9.95943512115135,0
-2.8638734654154767,0.9978276075922758,-1.4868422528680785,-4.171949034815146,1.5575569156968585,-2.200577462577481,1.20140450922646,-0.2926722022564662,1.1474877617899422,-0.02582460900507642,-0.7093899785834453,-5.0763216929960375,1
-3.6136750753777545,-0.2044892336664296,-0.9865503566772212,-6.377313482243303,0.8245414919007377,1.9143971195613763,2.4516607369329853,-3.3057206145564937,-1.4537751836153658,-0.8402254228726305,-1.4751871947939732,-2.56582553527076,0
-2.214878779194542,1.4229586831898242,-0.5429512274240786,-1.2896691462145478,1.2129994361983327,1.4367604234700122,2.3148823069156386,0.249090566791074,0.01779678227104261,0.9383821602025652,1.261366973864243,-1.854632539157658,1
-1.0330098886142285,1.4639007476224009,-0.2233071593748488,0.3807700279616915,2.658627268555489,-2.672413425711036,2.0922382444216563,2.041654163166764,2.970735928375482,0.2691704611422479,2.336774495881551,-4.226671969821011,0
-2.435564257821362,-0.21343116188992675,-2.598463923460634,-0.21612040903882682,2.032617444858053,-0.36468676069548445,-0.585587399926528,1.8397834150160564,1.7967033165249586,-0.7466247827309865,-0.13052393690501107,-4.0430027840772595,1
-1.1134122552295929,1.631477335124799,0.8270215515552122,-1.926963455865819,2.360329926322878,-1.9772932112571622,0.3277573774830229,-2.552307712900275,3.1348849732554624,0.9925754636964934,2.783485791886527,1.5847248337816695,0
-1.211831783086494,-2.119665623140365,-1.0984605234275597,-1.4883352863308854,1.0359241283081857,-0.25845049967854994,1.4255926416358369,-0.1689886197070707,1.029924654789925,0.2268278422118345,0.6332245373912546,-2.3697579950080976,1
-1.2195294741010922,-0.4542792457131221,0.7401426221336783,-3.18325408780759,-1.2047128919048518,1.16420316227264,0.2059689374485798,-1.4630315876245166,-3.144983383574337,0.22576126114433615,-2.7824267877654085,-0.25151452695620485,1
-1.1779866730347017,1.0351576823628528,1.582006930783669,0.7447754253173657,0.4868382536663989,-0.7236591257931588,-0.7974700101853407,1.9880057133004028,-1.0530247281846485,-0.4994241457319339,-0.6294240798648931,-0.5694316092016054,0
-1.4822996878176151,1.033501980602031,-0.37291356191236946,2.7147341840348465,1.051241321389968,2.411255187023831,-0.1775194854420461,2.3001641215997144,0.09314011159381808,-1.0676317057846083,1.7769445677310949,0.714396154916148,1
-1.035801465732852,-0.6912073590737279,2.1588682054627744,0.32097435609584674,-2.2272390422686197,1.0115637874585504,-2.856325763977896,-0.3961287732791886,-2.3838837136192383,0.49900263076243145,0.7995741548562338,6.919678600512976,1
0.6565620446474407,0.6368884451597749,-2.9766292512038746,0.6552116454729399,1.0460896661163335,-0.6772972451532167,2.2057054826127773,-0.47195554542605334,4.634265206707464,-0.6086590651777424,4.804641929974381,-0.4766135720999419,1
-4.176004505654072,-0.860507830160301,-3.2759571776097873,-0.44843929504146923,1.67671186759022,1.5611955942729718,-2.623019495654165,1.496417954747177,0.9923367352622482,-0.15571016090547202,-0.2316567313664064,-1.4719070544797497,1
-0.9490099668136556,-0.25224735330835657,-1.1162259602627282,-2.039354140380647,2.6495237586318616,-2.7868557400984475,-0.16938031936020836,-1.9272678696117485,4.110670515613811,1.097925715235262,1.6270530273970407,-1.2371611401812506,0
-1.5847185278836935,0.0373247663870283,0.5501607053131474,-2.6450196390154406,-1.444272393289599,-0.2776026318844331,-0.44223574571875157,-0.7132613150928401,-1.8734011065141,0.5580151256333936,-0.782644032479478,1.0196833511053836,1
-1.3787321603252196,0.1559734944545423,-1.2246274613041468,-1.5995131633503563,1.9197311176253637,-2.8465752625500134,1.010857801668594,0.5673896795187199,2.67739926897724,0.25016840363366183,0.9642517987624608,-4.023552494610115,0
-0.28933431843390367,0.5021602520263256,-0.4418856922674905,2.6055720142753054,1.457507968379877,0.3343086396104351,0.4486889292181062,2.2613766854960096,1.3991872470315208,-0.6344425894318096,1.7051652772034616,-1.1424839547675745,0
-2.8006562361621197,-1.60065393569538,-1.7302855663911565,3.611740038017783,2.156282590603672,1.475487493654875,-0.39337095162971103,3.432054275381665,2.8769125969027565,1.069892880851131,5.116645495747128,1.104504041057532,1
-2.751287700080307,0.6241467681673727,2.388770385519254,-1.350304121863708,3.971226773258982,1.2876736520586478,2.328346625557638,0.07470083950323558,-0.8217951843675024,-0.4485857525693494,-1.1038450949899665,-3.6862696746687544,1
-2.129481560870931,0.9650050713526389,-1.5619654782954067,2.4335692422293564,1.5263325404410037,1.5523239632273986,-0.4362340927602615,2.760875554022502,1.319473324888365,-1.7478673672780605,2.266586673641203,-0.4655949525684861,1
-1.9991717529180466,-1.2896007746073543,-0.48006611678985467,-1.2334388528766012,1.5211833520889706,0.011332354098795072,1.3212529298519102,0.684824576526528,0.3634946384828649,1.133204717761554,0.1670333159252495,-2.9674225991728482,1
1.910532017029776,1.5775161516575131,0.6757280708603417,-0.13469663767158235,1.3898917901714731,0.8780169887790146,5.901100867451056,-0.3029078289218481,0.1203394239163821,-0.5907288248442353,0.3625070179143679,-4.880676582216733,1
-1.857038948233427,-1.0788678231963138,2.9170181674175932,-2.1163046369450655,0.4828601795247659,-2.072505812950175,0.8375465229801873,0.4337835814392448,-1.3700993517409388,-1.6044187796171596,-0.2758543061636942,-0.8299253207912197,0
-1.0356442501339602,0.35227375431808144,-0.1011445166370577,-2.09827793885261,0.1629335580216451,0.37378648276680326,-0.10272477232561683,-0.9682374352798326,-1.0405507237634528,0.8952329694536685,-1.8757243388184923,-1.1862473572666543,1
-0.09204838164025508,-0.6046413153155247,-4.026695295024828,-1.1845719710015414,1.5514203057535716,-4.8615075001660895,-0.8598910994968654,-0.010174809177632138,5.8271206125837685,0.27660387067592,1.876955509383607,-3.685790477084715,0
-0.5646402499439119,0.46674290084567666,2.436537739474584,-0.8096160336001949,0.631481340823803,-0.7502466564133865,1.8307489048385892,-1.5174016849092566,1.0039625539739057,-1.021744179120528,3.8840366872356,3.4348914234381316,0
-4.026675474387208,-0.5423371518784242,-0.3807354349907359,-2.4638610079653382,4.405293438017877,-1.3342202084537855,2.0100656041625538,0.3278417635934723,2.771210744403007,0.35045472850934,1.7879993350684704,-4.565146926604802,0
-1.234098176813989,0.15718795560349325,-1.8646474536240467,-2.958574651651165,0.10681042638262195,-0.1147893624039007,0.8349295368240943,-0.8134552552025507,-0.09173045860337871,-0.4224593359786513,-1.5253768256236475,-3.31678901311477,1
-1.6045357649199823,1.2113300302379353,0.21718448484746533,-4.515078107378662,-0.9108575596907746,-0.013692019600840766,0.13236014796096485,-2.4578882344179656,-1.9246087753179744,0.33340248352379087,-2.127257367022293,-0.24135772784268045,1
-1.1936667187493335,-0.306837759362328,0.7579054362407305,5.40425622406661,2.7116133582444957,3.5971016703335508,2.355408972082829,4.360319253816684,0.40178211971099315,0.19892287690485277,3.5061721210042274,-0.831211028254197,1
-3.2289887337078795,2.6863977834830366,1.598139589675198,-3.8600020190402162,3.4408332115523894,-0.44516801018534946,1.6427837521690858,-2.954571582408633,1.568581362454882,-1.681588723095799,1.732451562687349,-0.0047477873500107095,0
-0.8442779518805246,0.21310019004321817,2.097330013865162,2.07365916173475,-0.3355642164591598,0.8474391005910658,-2.8401472918102932,0.795466197357185,-1.1188293267223932,1.4458180388775228,0.8110068628131015,5.033808905143619,1
0.6966981715323772,0.7193735610598705,-0.7644495695609614,-0.9944123829498053,-0.18469618840444246,-1.7710335502785584,-0.03299701584733383,-2.159704369756676,2.7667873955214533,-1.0290389756921567,2.8170440713934584,2.501363996539808,0
-1.3953791668730133,-0.22654826624496904,-0.3103582311078563,-1.242637757607131,2.1319802347302836,-1.9757236399165916,1.2471878504468474,-0.40877431899923966,2.926705895417725,0.5563653889746749,2.6299197213900687,-1.269340187187604,0
-0.6694595430703584,0.9995966729200259,0.4258989220273961,-1.3302004629278144,1.552967770205355,-0.7420240127365783,1.5721090816585948,-1.1847768287573923,1.5043300415144507,0.6316708696348552,1.5402305313647482,-0.5803421768309847,0
-1.137862258643672,-1.2414435184630914,-2.8603951702935766,-1.6841354135219442,1.7262381949886683,0.2098562139102127,2.4745121392935197,-0.10641384602174786,1.9999432763813214,-0.9705260509107044,0.49999751844864515,-4.925473755016101,0
-1.236822666001788,-0.399883788694051,2.2471572914059,-1.3139109305806442,-2.2250213353704265,0.5820355182898506,-2.136932445734381,-1.212062658965949,-2.7277890492185057,-0.19363343800038177,-0.007799107357295165,5.748266126279784,1
-2.4176427654530586,-0.2457088108833181,-1.3894096116039367,-3.171412658283367,2.70909555072231,-0.5253588874609708,1.8058466152574897,-1.1883231312168874,1.9012821945031662,-0.34761677944812863,0.23583419569074693,-4.0413412749858555,0
-2.1485607175255454,-0.025305515106351126,-1.8721655291694674,0.5331957171915683,3.5185015987888306,-1.0299236208639928,-1.723281585348554,0.46678182241101895,3.9756805867689304,-2.177231048683235,1.606223189035452,-1.3357758402475237,0
1.1313458433886872,-0.38840329401655876,0.016639903241332688,-1.9678340666570073,0.26953543683260883,0.582258154487824,3.422726764180151,-1.761672953462955,-0.44515437629567767,0.04815000902508976,-0.9611085267579196,-2.9432861971994573,1
-1.26960187597087,-0.12348046310135699,0.07700229002707903,-3.4897545921583073,1.4214617494235062,0.04251361105826845,0.8226356557795985,-3.1877883206789743,0.6815812083634195,0.4354836197852848,-0.26442951861281583,-0.2605240942384727,0
-2.566254624820028,0.5700883242207494,-0.16006719061411712,-3.115239429580264,-0.21316993168646425,2.1403176596773896,-0.6285522918914183,-1.8788351581306153,-2.011435357900066,-0.20669335359411856,-1.5244728352345671,1.0294953216927172,1
-2.7380473444208815,0.918181178308778,1.2937887700223467,1.5539234849382908,2.029384980068075,1.1015454899621917,-0.5988036673228163,3.6388900542650564,-1.8263695037400027,-0.7631789014897544,-1.752894370566788,-3.0464956475155933,0
1.1202250025061107,-0.87175298568194,0.24050962630111394,-1.4427383496166548,-1.1336961758962076,-0.8454044468746142,0.05813818911842117,-3.2134954265805256,1.3706103578850595,0.6423601656972574,2.414429903872049,4.403682709958242,0
-0.5717997312011992,-0.9540652522851312,-1.6061592489926948,-2.247421662727681,0.3405827089326947,-0.3187116006515275,1.5544234155285876,-1.067558929474371,0.9280847665302095,-0.6842343007625413,0.14717971281223186,-2.3427090537066935,0
-2.661782081422415,0.554343296694595,0.2836040313917224,-2.852163088995068,1.1723431383983833,-0.16954715808148846,-1.4071394843251852,-2.1477127397473095,0.46680280608965014,2.843449814423225,0.18338989347267587,1.7554922466406089,1
-1.943463775255211,-0.6482134677302478,2.0439186658212636,-4.678375628005868,-0.25201475628173187,3.408445969237623,2.8982692134558676,-4.083476513917291,-3.2268326563441345,-1.1519248546075975,-0.5415890909640948,1.980567508581135,0
-1.8209976092895515,0.21039122641408478,-3.276516804946165,-3.9935324867152304,1.142813794464733,-2.03263913865163,0.36479836917313746,-1.8691257107862584,2.9973826253228877,-1.037625385269299,0.4905899370796105,-3.124158155689778,0
-1.8445742115829473,-0.5923238546438637,0.6285461736605806,-1.3851963566544658,-0.5284053880573482,0.5345354107612741,-2.7708301126795174,-2.0588949934933893,-0.19017878074727207,1.2866773277843486,1.09360288305273,5.566440732829171,1
0.18866950135030414,-1.0083629217484218,3.0299160268594356,2.038262478616164,-2.4664426474596564,2.268474900439526,-2.3042991954788907,0.8176568069492116,-4.11432331714855,-0.11905377252022194,-0.9287369766349074,5.707518191922666,1
0.99874034564906,-0.6795957669053525,-0.47046722968872356,-2.0763870749342614,0.5222500956743448,0.276428561535614,4.085755004230827,-1.3688735574377071,0.020881171506535175,-0.6738474472350792,-0.6374836645110875,-4.159748862446062,1
0.39484985647761883,0.9042146849075274,-2.227756219430969,-0.6288524109021453,1.0578482747446165,-0.7876019737195712,1.4769008297640696,-0.04952714123460211,2.041168843099347,1.0975676076271672,0.05933207811007124,-3.880140002961783,0
0.38945260778340085,-0.9763272474293825,-2.748678675010086,1.814213021783984,1.9776307605836139,-3.0740449039607523,1.824457936448642,3.148591505729427,4.318621231770525,-0.17456330627512204,2.391136477404284,-5.890470354224571,0
-2.1554813687805066,-1.6548941034258782,2.458846515411956,-3.9714293525109525,1.5507091053819924,-3.589697027092045,2.8212091388301994,-0.955464380050935,0.8329675241587094,-0.41920406101641394,1.7332852585153926,-1.9442948592519897,0
-1.7473573030266853,-0.8578028261655085,-2.590503437694024,-0.9722980806058018,2.799783985131139,0.5309789289882592,1.127334908540157,-0.25089029151360864,2.6769633522874625,0.33673436468977597,0.8203902632995843,-3.6299220148653135,1
-1.3230662297535665,-0.9922018895186924,1.4505175479044043,-0.4095571938922299,-1.2934013216876536,0.3284952243526339,-1.1936952988265739,0.5899025486181899,-2.201053579010817,1.1323213597806034,-0.3258848020857894,2.3351223738102385,1
0.06379912501118712,0.3724955488311897,3.58779996148332,-1.8165006508489052,-3.524256099752537,4.000966378300852,-2.8751725655367038,-4.160882888060159,-5.6939821243055375,-0.5252029346605782,-2.492316145520734,9.391858142374131,1
-3.4250760716065534,0.004540704911317819,-3.6406561479550623,-4.196145322489975,3.1965090352072876,-1.1707804099830639,1.813400432918154,-0.6318525849961143,3.0118172127317226,-1.0719759253298915,-0.14429765476316958,-6.996727145704817,0
-0.7799672187563136,-0.8497348340549254,2.2654119359100457,-0.7257343207718431,-2.052046271954245,2.759253977035131,-2.624001275306837,-2.157836824509081,-3.485061610350594,-0.6185519192865937,-0.9891479685171706,6.904526446321447,1
-0.9734679260329203,1.0089966784253375,-2.9108156366411038,-4.619069683155471,-0.48407092652656303,-4.199200013234616,-2.3327041251946916,-3.9371897242357763,4.2294651978041164,-0.6659576412688019,1.9986147236071998,2.1747291524978367,0
-2.0379236608641107,1.6624349383336416,-0.7815992907531277,-4.322253477928059,-0.0820238529667563,-1.3066866492466975,0.006536439973896968,-1.9647468744843002,0.08755313853554762,0.334713710417079,-0.6920888084702462,-0.9858012685617936,1
-1.5399935358223844,-1.2015981118316312,2.5800516006188996,-1.322885186724755,-1.3675640820804533,1.5088350661539949,-0.989025757388933,-0.4634420805223577,-3.8043078913715918,-0.6594589432149472,-1.6079143721928912,2.943198629124746,1
-0.6063566759223882,-0.5545629098125909,1.0146075208268652,-3.4536740449028227,-1.0994763195190194,0.26942530881040594,0.8572012833024434,-1.3397388574141602,-3.1600852354933164,1.2003741922691136,-3.498751734058547,-1.8499217949964888,1
-5.261827612521082,1.3778627473584037,-0.6034648782075867,-1.880421461765543,5.17371684215785,-1.5263370293869105,-2.5539963979648226,0.7919360341952426,2.5176572003252162,-1.0061078914983084,-0.8902830332518767,-3.7142744468118982,0
-0.6228697264271801,-0.005826106807666052,0.72732530620945,-1.9039925952164287,2.513378107762767,0.6394846952302536,3.2345241568589858,-1.2582717314064051,0.20503529654280286,-0.526299748986279,-0.6807219477693927,-3.8149297483375864,1
-0.6243530165863459,-0.6850073147097533,3.680402026902825,-2.3660892979054684,-0.670606747546846,-3.0535578417120917,3.339844027981848,0.18308663152834348,-1.1410001606512805,0.39837841938739627,1.920761245153975,-0.23899161326696886,0
-0.24098363889093577,-0.4631279537074855,0.48142263830957854,0.03452448824762848,0.643008092919221,-0.3125617495498959,2.8675746648831923,0.5310578705223842,0.8920265628279539,-1.4350924242019365,2.62568224173165,-0.9018401757649025,0
-2.2952954436356805,-1.401233626293016,-2.0571310826063955,0.548044472126191,3.5283994057389574,-1.1362981332161886,-2.323138958004609,0.5178448534286767,4.030120213327336,0.8532506845803646,1.3282467523347445,-1.2442015917276985,0
-2.477956133103322,0.3096646130463913,-2.0091069669279875,-4.289310993147937,3.0141103553446644,-1.7329446902656112,0.3002725442829436,-2.6950939500602082,3.2207149816928973,1.6742149712084669,0.054189055309087575,-3.189665948028306,0
-2.5484296598325793,-1.1529341004124838,-0.7222343067899089,1.1395933004685008,3.6276093022723215,0.18619859657556304,0.6839717352728152,2.1888017188079063,2.201005772374822,0.02463555220994893,1.521642768369008,-3.3430851114014852,0
-2.153712028159976,-0.7878432005881694,0.48754014912333876,-3.9984486319080657,-0.7271179385389783,0.5259215145851955,0.5865748502527244,-1.2255249377403528,-2.7052006816501497,-0.031573862656833825,-2.423149301657621,-1.3182802450039384,1
-1.8813522072566773,-0.20407267143476354,-2.3270018187936365,-2.6416182784551525,0.924641277965552,0.6297119319267404,1.4774876317930858,-0.04322135299880148,-0.01920737125039708,0.583164870963474,-1.5622204452055668,-4.891314057424983,1
-1.01605908726377,1.714699376148583,1.3327488640097933,-0.7010412941188455,2.5709973080431494,-3.262080136501683,0.43331786667378136,-1.0972873167098163,3.8923050957211127,-0.09127911415638855,4.0795077403239,1.4622591513098027,0
0.1316484792686421,0.6142185131449113,0.37502221496712196,0.8569772018496757,1.8561124868773864,-0.8464687141934653,4.887441543210365,1.3549198734390788,2.341189380079134,0.500947526787925,4.1647202733015956,-2.9222538234787874,0
0.07102694577164859,-0.15308878262705,1.382843052569103,1.2344685571996685,0.5388955467585607,-1.286950226559739,1.6800437708623706,1.7675922287213364,0.5447455767720875,0.043675284344838514,2.003978166178775,-0.7549115552453035,0
-2.865748448883008,1.4828954852674918,-0.453987143573478,-4.11239558680579,1.093805444854651,1.195531208892094,2.8810494925013055,-1.489406016040702,-0.6971699191220609,-0.6537820989987373,-0.03801280020377651,-2.7157801417968113,0
-1.4655208564515734,-1.0101100254622986,1.673594246442862,3.2267721343604663,0.28037123695152133,2.8777439432431393,-1.8000216050581759,4.109373884826804,-3.962622975849184,-0.014437588571757556,-3.209898841707437,-1.089272635177173,0
-5.171284014101358,0.4346543537092382,-3.3938322111234536,1.6438826294292799,1.8300397848072925,1.2918073836853352,-2.7113363027109356,3.4503432645386285,2.5065568811638337,0.3780820682178645,3.6914670505607443,0.6981836081441064,1
-0.008971202011098578,-0.9439779718971611,1.0165930809181525,0.4216442755067396,-1.177332795785744,1.2280095945030638,-0.9553044201420057,0.4323136733352564,-2.4039424810185697,0.6576313589972218,-1.5960456087360806,1.2809660009822672,1
-2.8051107864975307,-0.5514111820985096,-2.4699119300221666,-2.8844986175530756,2.0519957030985476,-0.2371314198120218,0.7468028061060359,-0.7176839718575208,1.9489381161528296,-0.07623631327830173,0.36250433259363324,-3.4123945023477384,1
-2.023044064448621,0.5000940631353671,-2.7203479038273013,-2.7507735505167648,0.29977182127432545,0.0976831825486899,-0.23312175174916527,-0.31824255304524196,0.20495468484482132,0.7571281394081739,-1.6204472004487178,-3.336036843593928,1
-2.0959917748604933,1.2832979266578857,-3.345408627470814,-3.4947824247636694,1.0068010749836576,-1.5285449699532832,1.3029867661782863,-0.43408102977396656,2.165537324489927,0.4682849091599702,0.19818683896412748,-4.800240553813433,0
-5.233100265617577,-1.2933265588194252,-3.244836515829035,-2.4606366829659168,0.1722288063884425,0.06733786642874562,-2.6888544886243606,0.3446467544065501,1.6311366935452174,-1.8943511954213832,2.5586540160822446,1.7795383305363528,1
-0.49719588761019884,0.22500240315159148,-0.790791999986397,-1.5628086973034703,1.7982133792052575,-0.8347020589013248,1.2351585383743462,-1.1798781942700092,1.9086197695717353,-0.5745668281452552,0.42171579582160956,-2.2931037262820833,0
-1.1347782357988805,1.2999976074782693,0.6059561484561575,-0.4480604305477839,0.9989519750913856,0.38182536249608146,1.40663351020782,0.5100309873080896,-0.27323599738603704,1.1360802444949722,0.38881438508725286,-1.39443490199789,1
-1.819364190850527,-0.7137189653740464,3.252890369745276,-2.126291290661195,-1.1291652755269659,2.48408393558488,-1.8037268454256519,-2.390041183798002,-4.10104052009531,-0.47821800222030914,-1.8076703727810508,5.362753417315884,1
-1.879690005181938,1.5441834539565222,2.558637148066653,-0.14882949483695102,0.7495034641798406,-0.2363797905699092,0.3316657884203362,2.0257844500115714,-2.290416255439759,1.2627046168728475,-1.297398381590605,-1.5967886231579558,0
-2.532408641264121,0.9957719760979195,-3.558829959501584,-3.2681178966995357,0.3890111503557647,-1.3448993129009197,2.334817549801623,0.6806735999665583,1.8218555281684747,-0.2582281181439892,1.2855676499298407,-5.136094592907274,0
-1.570892821270001,0.2242419768291408,-3.672244518494348,2.7419286074111975,-0.31987877772989126,1.6895301556983708,-2.099683408715645,3.1723864637722845,1.1193122762919547,-2.882481235261666,1.450387422718323,-0.04198005685623787,1
-1.4435621962472256,1.398540159154591,0.01916679558310075,-0.08464285765551098,1.928964377171743,-0.3608226015901115,2.744446285195586,1.0853166415181952,1.5919481279777186,0.18477661218626903,2.695423240003482,-2.2798427018821887,0
-0.8020052272293876,0.09585688029944986,-1.011055963705812,-1.2946279396140254,-0.5689717517823231,-1.645320910244563,0.44836902186418204,1.2848992752148443,-0.14116724169542244,-1.0561046492480661,-0.6946753647912517,-3.041229183481661,1
-2.633730839929715,0.8036466788807705,-2.0556232090976243,-2.263122312861615,0.7676034677100848,0.6578926231425689,-0.3201044597671636,-0.005196928616045593,0.002697062025226303,0.9206090933080936,-1.0907843405337563,-2.5463751055543726,1
-1.7257266820166348,-0.1729117884980141,2.7699952676997244,-1.0844304334305694,5.019576793041154,-2.433602454760053,0.6848248110602065,-2.5201974559297406,4.343597241196198,2.08064061246628,3.8485612920177363,1.6313022449334966,0
-3.2901769850436953,-0.528379110451363,-0.698024289359806,4.18547802874417,0.8491444787899736,3.415874394966555,-1.1192440841617606,4.414934378925568,-0.18820725600902188,-2.8253584110314343,3.445995613323886,2.1981680954104257,1
-2.284642398274685,-1.9263925698578797,2.03504073616113,-0.6398846396894327,1.6516894379925287,0.06922388310165672,3.866141223312317,0.9461255567030531,0.31533628685823134,-3.182281248535179,3.838639959777299,-0.5609313474805014,0
-3.204821752220287,0.832718244943051,0.6263723699841833,0.09862738385394068,3.4284654455999624,-0.27627278688625556,1.0885651484555778,2.486882451599645,0.6941730905484557,0.13724940288273335,0.41579084441415326,-4.151762002666204,0
-2.2740142166840815,-0.619707049867834,1.8838269876053846,-0.4352039640917286,0.0006263535232391426,0.04061381180442081,-1.5675989546978584,0.4770351641135686,-1.3266863647258915,0.1490384224009214,0.4168324352392254,2.6901359347876235,1
-2.1826646947731567,0.12168342713320474,1.819352368044595,-1.6537178017922478,1.7202641194683337,-2.0685468835000673,1.0570655538680893,0.6627224916376696,0.27495070587298964,0.4047260149337088,0.6331111197404788,-1.8837809759381623,0
0.7649926810396115,-0.5378255895391081,-2.065919145704618,-2.0330649660318203,-0.20131844076277705,0.5398007480379059,0.6053125727619542,-2.838464415680882,1.186877651632352,-0.25489250888726395,-0.19696413127460932,-0.19192035046289044,0
1.3666148290938132,1.8587151905271606,-1.1171228247697071,0.04371530329581102,-0.12674526403820074,-2.9104832663337628,1.1242939437271127,-1.2422990772181575,4.316871918515445,-0.7094198894703266,5.014420942459903,2.109918753293576,0
-2.6655558404938997,-0.10980746717232684,-2.3922198920830002,-6.805839719364215,0.14634889943159957,0.38493925064590073,1.4027224142977086,-3.3716670568314644,-0.807508967726624,0.21557115552677014,-2.8639093060647616,-4.015844126673271,0
-1.0866878840979355,0.9428421753324889,1.3477793065688017,-1.5713313982575556,0.9959895716234446,-1.4147518339659655,3.1659649507691414,0.1409778389381815,0.578986419486747,-0.08262319786215547,2.141346805293808,-1.693222075586109,0
-1.0993259716172894,-0.17737775982940704,0.8525641848294001,-0.41054812435579,-1.7917923366967277,2.085957227335861,0.11389938800220034,1.421432967231244,-4.077182934751982,0.37464516691404465,-2.3391062239119527,-0.38576086356110517,1
-0.5113241780263932,0.24042441869480916,-0.8662195671788249,0.6207015333022983,-0.18523751581107928,0.5399885529081261,1.2799780954661082,0.27779935010995327,1.4460346675628708,-1.8432883382715144,3.7140315759900213,1.7139943830007,1
-1.9345898290911614,0.5109614574513272,0.6148044746547963,0.6731519864559851,2.0807771162578446,-0.9490360761995043,0.17324900922246766,2.133722595610443,0.8444827960386824,1.2175763113577247,0.8206817765974315,-2.1030144325640285,0
-0.9869987137033107,-0.8704506655280669,1.902764366701281,0.10772351341140783,3.847723307211713,-1.302335830119405,1.7814304051087526,-1.1742786322474736,3.5472109695077805,0.38824458044028504,4.050332966530981,0.8087464880632018,0
-1.2991687691812042,0.1890194669650726,-0.2529891483123211,3.430056988275327,0.8032141951451299,2.589980411284901,1.417857741458842,2.8894744474402554,0.5516942274406493,0.29701261314642907,4.0011245900968495,1.2280052349022397,1
-2.0579332360869795,0.3456479372200812,0.7592817294705531,-3.758181030588406,-1.756300620330484,2.1593349901390906,-0.8674674170829644,-2.6751275600267235,-3.349276280566277,-1.7570954359695912,-1.8258278573726672,3.05018807290688,1
-1.9988872305092724,1.0439074078642916,-0.8139708034473612,-2.6017959943960682,3.0318207304738483,-1.8247085745810134,2.1164724113105255,-0.7465722102371142,2.7972759387181463,-0.23849575819289182,1.2692939493473583,-4.046304288827073,1
-4.375321648960512,-0.42116157303967805,-1.3480914939992967,2.4379573914880033,2.5460210810132815,2.343347611110688,-1.6474734565757096,3.748361790365518,0.7413022233065962,-0.26560385021951655,1.8367371952389702,-0.5473096804692016,1
-2.25085639801516,-0.35854763411402907,1.4061948426874193,-0.8224236936002065,1.8522567484037364,-1.4866647513395665,-0.30863774719764936,1.038180732956925,0.15306848235959486,0.2890821861814961,-0.15660401138148305,-1.5648497250997864,0
-1.746422507635657,2.3073470159066436,-2.192693564211247,4.119141308527446,1.0655891532861628,1.1656672094349338,-1.824217304546922,3.8359589296231773,2.0695086503291322,3.902798717621925,3.102826314280222,0.7419545839238941,1
-0.862449220447333,-0.2795150390932041,0.2691068897645075,-1.0555713459250406,0.3737332063228469,-2.111667366917997,-0.4946041992955936,0.32009419923809057,0.6199762125129515,-0.24091878118736829,0.000734858915442782,-0.9118149971193269,1
-1.5875509705919066,-0.2879608015250763,0.567919138762513,1.5063452001225772,1.8617495578771877,0.21451688569850025,0.5169591675213203,2.676683057919619,0.0669860111933263,0.2483509978696359,0.3589781689885654,-2.4087701374427533,0
0.7857501085291498,-0.23097968042566608,0.16075377774380528,3.2185046897188405,1.9626319595426667,2.7052156255787985,3.554219682414815,1.9880008977669394,0.4073504585089634,0.48748916088388805,1.60304051859648,-2.6264191414390567,1
-0.8218456831215288,-0.7924923223254668,1.2719067037402405,0.17395442530645752,0.11532899459021895,-1.1601879865178224,-0.2464968836739887,1.1629459025800588,-0.3376137562906567,-0.7247646807197686,0.4575640362478881,0.15569368196334452,0
-2.146029306066691,-1.632297921343668,-2.6420864374967454,-3.5353054179169328,0.2300721942759898,-1.2651636580344567,2.230359807683964,1.2131373454785506,-0.18326984262208076,1.421460382726781,-1.8368916378962248,-7.333606861622803,1
-1.9825085499335064,0.2588407081269144,2.3900010222714134,-0.05905628808116251,1.2357110213425422,0.29219068824925976,1.7228888209042503,2.246770039301997,-2.0578506800530056,-0.08061630526081416,-0.6411725153577734,-2.6109563416870674,0
-0.4197574610996553,-0.4791458140072504,-0.14509511443203738,-0.8990789389306604,-0.8747812060420663,-0.1370819633382072,-0.8374730434589779,-0.2978763740336967,-0.7510503651909987,0.5085943130667105,-0.6974290042873779,0.6390360656998703,1
-1.3800325763339956,0.8195008174365326,-0.3674665667738286,-1.0932780731664435,0.20834482660931875,0.5140477628609248,3.72654829369276,1.7561082374581238,-0.9297279503611733,0.1872473816187777,0.5767233031585504,-4.282799952697015,0
-2.4084438883885886,-0.3468541890593911,0.8069683359108617,-4.929280450793131,-0.6916079366793072,0.293936190035867,-0.9892976439861022,-3.712462288982005,-1.5388968882159408,-1.2164032556063074,-0.9831982698662536,2.884735548801084,1
-1.6440185981679196,-0.6038758404861382,1.5725020436692365,-2.039827582567457,1.3276927991023804,0.11947808474229937,2.1670368893087,-2.0141854282654807,0.9010853172919953,-1.1203983467503817,3.115923906466187,1.9754905164768242,0
-0.7878755825554102,-0.45293633420083695,-1.0145236148843555,-4.073630479278168,-0.17938195908503296,-0.7210314070602315,-0.05810597200568157,-3.3810439870711715,0.6022778652200035,2.737700468240538,-0.6022211720767374,0.25848850726141454,0
-0.5760591433072249,0.2362171049562352,0.24268047076918087,-3.1512658026087474,-1.9848343360891003,0.8448151690547983,1.254026752138212,-0.4463485419138199,-3.807219697519858,-0.9084095134749577,-3.603579500879751,-2.5095878459813084,1
-2.397308198765447,0.41915745689591927,0.2898014132346687,-2.450740075057115,2.589178142767346,0.35257798445280475,2.8754544645117748,-0.6958826678271332,0.6804839522413786,-2.1861723641565196,0.8155680224162274,-3.1190512742343146,0
-0.6632778020684973,-1.748468667464508,-1.9634794782380063,-1.8341536034982164,0.8682001092356184,-2.798526938223884,0.06095897678872508,-1.4623959453618238,3.9893140263905194,-1.3500112987265378,3.0308929824958097,0.07970528049735971,0
-0.9105370181049972,0.4316765262018897,0.8130064275115576,1.5417205681198067,2.6118981154698586,2.655576143789389,3.129766113881974,1.3282186852111695,-0.11590046500078352,-0.3514199021007633,1.0599736926655008,-2.523235199058006,1
-1.593343092151544,0.17169993074183026,-0.7861582831253542,-1.781911473021515,1.5638971822226786,1.3023201137090126,3.5630487215244218,0.690130209847188,-0.6943956030638558,0.7687504752515748,-0.964272299844448,-5.685272409927881,0
0.9948898158112478,0.6975504488779319,1.3251526791576926,3.853455980993957,-0.7357949574915796,1.6184921097351557,2.245192404186357,3.8309991334405407,-1.8556212949166653,1.2475465403144705,1.056151412552067,-0.9416930484362296,0
-0.46188534898337774,0.5794997285552059,1.5730371814866269,2.3835350979488155,0.9019637853584491,0.9494675898440701,3.2788606418486967,3.5431005733110768,-1.0805220101823176,-0.10236806961036546,1.4203357755194308,-2.781048466814636,0
-1.6070744180825616,0.8839431209287274,-3.7701151752173896,-3.418817901526778,0.9484607360332082,-1.9440080721173358,0.6159126094116028,-0.7703845586792585,2.648825614253369,-1.4644482749692205,-0.15877566668870258,-4.696938399522024,0
-1.2746157096309574,0.3731556005650646,1.0843890153530247,-1.6803673068245106,-2.4222537984884314,0.8828465669110808,-0.6668098616321967,-0.059218791805460747,-3.3557400376015742,1.2238315546679015,-1.1716611898730969,2.122376974696589,1
-2.053181601130367,0.8539489565330354,-0.9723150431502476,2.6140953826916378,3.1605362728169517,0.21827283847920032,0.04549214095482368,3.399325127346394,2.105700926779731,-0.6563685326459759,1.5348428591360173,-3.180616424934209,0
-0.822490971677858,0.8985964491043769,-0.8584927335623758,-0.5015916508650299,-0.2741249838545836,0.6091817666131035,0.516154049124022,0.3120845912729704,-0.1603828445922294,0.4536969731465303,0.4455168723922871,-0.47721692297422347,1
-0.5443164220121608,-0.8049516192992897,0.8009924213054409,-1.3683819372975135,1.034695685510546,-2.896108833425717,0.12357533385165653,-2.0079935719515576,3.3314503830546753,-1.0045613280149355,4.077557018607003,3.044428842467544,0
1.9149580720568438,1.2301655972419672,-1.0917546835661927,3.637006885265154,-1.6824948941062206,3.9238979822399465,2.2667082205142606,2.3743038694961873,-1.8374051220367185,-0.38377078267040765,0.5023636745799918,-0.5098448204600637,1
-1.2641142090136688,-1.546435533396997,0.2294383507544866,2.432914568612541,3.3262239718824027,1.8376914887910982,2.154855596292259,2.125211420344298,1.269884239147666,-0.08057763518009374,1.8646705518226132,-2.5759970655781546,1
-1.6536235491914977,0.5700300937544073,2.5633011620627304,-1.6803731595394658,-0.8733243915876516,0.684871830525281,-2.2495699812252195,-2.032459385424262,-2.0591791488569657,1.0203943492157874,-0.11171995068698992,5.608378618178075,1
-1.81793191077483,0.3059825521578638,2.1286886370446827,-0.7105512703206509,1.1811404629534872,-0.820679924977676,1.636967873197016,1.448345415324804,-0.9362919798271334,1.1249094429228372,0.30630491704689655,-1.9386014735613877,0
0.9868182263915932,1.3909455480786268,-1.1713056989592838,0.6942262351976984,1.3191359398523663,1.8640173797284976,3.026175324296611,-0.2565743133008218,0.9719383597569871,0.3618447434762275,0.6372640726089573,-2.7374604234937,1
1.3785222109870408,1.4767127570318264,0.7628827015643798,0.7839593419224268,-0.7999143639131623,-1.534451366092408,2.433488708472044,0.47387491029016904,1.1516348818213997,-0.9481409938130014,3.322196641355432,0.812777424539607,0
0.24387097091574117,0.6499337326903825,1.2842950202235768,0.6385538461728489,-0.13265669124919555,-1.3252538855605223,1.6998264574069302,1.2186891085026812,0.26894056238117897,0.514074698612494,1.967032941300292,-0.17681384310556345,0
-1.1252565894416027,-1.69534519158956,2.727721113444614,-1.7685608225685023,0.38955747013167774,-2.34478084054445,2.068583490015616,0.39650092125581693,-0.5780829837870001,0.09496429123151949,1.0522235253090857,-0.9167435795357911,0
-3.8711761119479453,0.44546092408622306,1.3274758127478827,-2.14745037964731,-0.623660421687565,4.329596519834036,-1.7528845715087837,-1.4288894828677414,-3.907502151707701,-0.4318760465588382,-1.060699468548615,4.5332638757334545,1
-0.5779005628140946,0.47282715492940086,-1.3159866516340242,0.30213242706478655,3.1533899529042655,-4.392536475022929,0.41824717680259094,0.6551008350100871,5.830928823848897,0.4618882678394233,3.868950705404041,-2.365503671484484,0
-1.6130941517308819,1.2178748035624516,-0.3233403705480993,1.1900329514069656,0.6937009088733539,2.707206401017971,1.3050460193243807,1.956499008479807,-1.0944759060381741,1.583301654361811,0.5734086991535993,-1.2347713851895876,1
-1.7112460660661495,1.3569915023901475,-0.37657406586886166,-3.017004451923622,2.3666309866464807,-3.027004729740834,2.608025540977886,-1.697839182199487,4.017468164380877,-1.1864669062779618,4.066397976990841,-1.3475888188874072,0
-0.528759088700052,-1.565765850121184,2.0105027269924034,2.0689651700840135,0.30835712413775573,0.8367643265616469,2.4371823771650036,3.4770187850383634,-2.0034757501665914,2.732362132825292,0.42296691592900104,-2.2444880604086177,0
0.1293297477912847,0.4804548866118028,-0.30480996575253616,-0.7534368115161217,-0.1787655792282592,1.856041462788667,2.5565504477730103,0.020282238587675527,-1.5570315825494856,-1.4382046637251211,-1.1323284854360887,-2.63994231151474,1
-0.03058151102210327,-0.5074710480488397,-2.7379712727573056,-4.360513070711365,0.7081349777736607,-2.9171527649884315,-2.645012190651176,-5.546982526761181,4.417759701658873,-0.2587171331767934,0.5720473004216706,2.208040241912142,0
-2.418539193364579,0.6751315383178106,0.7511865733940022,1.2327288221075474,1.0210507663498587,-2.143097781016186,-0.7852729728956429,3.5594979561866547,0.7411354854782897,1.1634860795061002,1.797230823129788,-0.9893977937609987,1
1.7668715393811352,2.03041629208066,0.8119832506824759,-0.15194127620337536,-2.1389772536354363,-0.018132189252277442,-0.7696499390546769,-0.63200725090498,-2.08898617695494,1.6152966716385595,-2.2074449403911,1.1294752068238416,1
-2.131799131233851,-0.27468082215585227,2.331315763919256,-2.9826395960219605,-0.918393897229353,3.5805084323541703,-3.4176646174979997,-5.2316712770260105,-2.7607136674172383,-0.034732262261513734,-0.6701696647237427,9.22036083354141,1
-1.6698120588318923,-1.4765843505483682,-0.09485167827547714,0.42792064559237636,0.9677585089385323,1.5221029398771093,2.135006806145972,1.296356741953155,0.07028892894130925,1.5082546386334983,2.1446003688623563,-0.8726494334332499,1
-2.0533301684931002,-0.06773563371306675,-2.2343471631092537,-3.6440382808937666,2.868956853570805,-3.2120111373230973,-0.5698379919967227,-2.651226865369011,4.798573870914409,-0.7875615963342825,1.6524525273529491,-1.6987074976731027,0
-2.938291792876244,0.19190675557491207,-1.8030640413456291,2.142722781378873,1.6988106476590763,1.056482319661174,-0.9075884997235255,3.603611518791303,1.0939583165033402,-1.1011522753821086,1.5596236141892816,-1.7239140936057264,1
-3.6415754609840336,-1.0762263071132285,-0.021000927020941473,-2.198111595084427,2.8441811831420267,0.16708795265536236,4.50426558497579,1.9345255333805171,0.1068592829905982,0.7079508986163925,1.0240184548765738,-6.514198617624745,0
0.34399358988385487,-1.682726844900127,2.15445498323491,2.7894601440978506,-1.1785195472163503,-0.3909850491850395,-1.5639783900865487,2.679181178633799,-1.7589668344251175,-0.29090345890362757,-0.0013085537341313014,2.1202356001455818,1
-3.331842366135822,0.1492357331804117,1.7756302244395092,-4.91239083027309,-2.0927188531772316,2.956652793344575,-1.6185546858139213,-3.8524842414320926,-4.316754670681474,0.9762921867103924,-1.4375257912434978,5.918013493183012,1
-0.8541010264470157,0.46954955242779745,2.815457294677109,1.0064257023117527,3.9870601727765633,1.1398668871881672,4.184550285077735,0.9326507603324965,0.32932100994145447,1.1949982892375066,1.270867360869225,-3.339592505029626,0
1.386326545937955,0.20434943003648348,0.6680295158066063,2.279490479516041,-0.18220108712349115,3.8672886784688094,3.453949719886791,1.7153771951852994,-2.7895156459981347,-0.019301475301826222,-1.215673968136181,-2.6323101283682147,1
-1.5608520839550626,1.032980342754392,2.5218361796892,-1.2516840576715598,-0.15886159826351576,-0.00046744621199223957,-1.2576760108049596,-0.5665334356278459,-2.0285479816617706,-0.7819564447536247,-0.8910981785485339,2.3660106986219103,1
-3.274161850087764,1.2413702982244095,2.868646240401712,-4.008840231998852,0.013285708171339117,4.3597771005254655,5.261256506261976,-1.8911589886243705,-4.257208360363047,1.139961145949,0.9578413637834367,0.6360097009604838,0
-1.4532687742719923,-0.9338586473144763,-1.8762877250066987,3.9554188085102027,2.451537868576539,1.7228106301118236,0.2790100570414201,3.5596252458438578,2.33827184150046,-1.223907653940287,2.9177687872859686,-1.5986042832512986,1
-1.454451289899166,-0.41961062626631235,0.7813715404369324,0.7293555521827163,1.283694585623014,0.026647862869124683,0.5705956823649635,1.950862218202253,-0.25213985582162335,-1.4508106725430994,0.30594517426666834,-1.7039491071075292,0
-1.4876847357400145,-0.9886321506039901,-1.090132310477412,-2.523537918364638,-1.688370294074129,1.0455350263362808,-0.6007063406682388,-1.068802243988727,-1.6045977238213387,-1.7712617079943405,-0.8688105203192477,0.9779299973792469,1
3.510056402603797,0.26669767988391396,-1.336740360560124,4.488472752840666,1.2801515882181354,-3.522220088130637,0.38125238013389806,1.4063507034525082,5.951033269462179,-1.271831053035842,4.798044775305675,0.15525087798821657,0
0.23637179514672413,1.2675330669268319,1.086952152820226,0.4476390906008792,0.017902704646665324,-0.8873585006677129,2.2683152794400177,0.9139206592984421,0.368797374467305,0.3707798575061537,2.1984065924398557,-0.3564762203907154,0
-2.114841842876606,-0.30389788593002803,1.801666163832759,-6.726032357033233,-3.2089217576326963,5.799852345357988,-0.7926539741659591,-6.486567553463194,-7.091383104880903,-0.7554075404604715,-4.906904528350825,5.6684494435804424,1
-0.514898306291703,0.15066649769517115,1.7839312990025982,-0.29069860717612334,-0.662550903108019,-2.135543961321713,-1.7168244906184686,0.43641469300125957,-0.5378185680462433,0.06121307206674737,-0.0031313821557574784,1.9042198767435532,0
1.536285218989385,2.1345955514222443,-0.7072650307262149,2.7790916911488472,-0.47201020524020265,-1.5050358743147565,-1.8714301299284906,0.8531102287323202,2.3767868932813494,-0.15936628595244004,2.326727949370765,2.6637109168565467,0
-2.020826261691173,-0.6782779912211062,2.6277121819340215,-0.7755282961792528,2.0550152648621527,-0.5689110806196541,3.4036782410398363,1.8425948918181025,-0.9921322679288467,-1.215937250509207,0.565117489040911,-3.6900812838832207,0
-1.1529288223859657,0.7009082539536109,0.04161037913694021,-0.3047125944882753,0.5309114145669094,2.214177278763442,3.1654069201496187,0.8459870313434021,-1.130138373174596,0.6506408423972025,0.7689806076607393,-2.098927915423184,1
-3.665415327817678,0.0928073532422712,-2.2004862156564116,-3.1670374583900527,3.347647888683012,0.7895436396671842,4.116169514722136,1.3151335271355917,0.46556227610215273,0.7090557887894248,-1.1336487725575488,-9.269905241916883,0
-2.1972899786425053,1.8081836903960395,-1.0290284282525601,1.6842980864893193,3.1178153295189137,1.603903072104795,0.7534337328170952,2.3487752403143474,1.2645898780403135,0.24676367385591735,0.8321466053027002,-3.26219071938479,0
-0.7176983529284736,-0.4086682859202669,0.013685802368530675,-0.9505786333043096,-0.2688598048877682,0.12961435443559965,2.807194994083976,0.10214126533473222,0.22176188105421454,-1.2321947806652311,2.523477186297711,-0.3136200152677102,0
-2.8176986723004998,1.3548402360837026,3.2667823919344583,-1.849348183742816,-1.8258521472264786,2.5852310798384286,-3.175086584879434,-2.501773601395162,-3.6649939884613447,-1.6721712877479982,0.3762181367282842,9.085581153653225,1
-0.6057738877097086,0.855166573781354,-2.9298850664098364,-2.161521413431463,1.4495775841210987,-0.923549734361276,0.8669642752512554,-1.7187466703839558,3.1883358800485033,1.1405368626974044,1.0407628723315425,-2.4230532494265344,0
-4.937217856462412,-0.17330984789955267,-1.5233593613735554,1.3654354021450779,5.560058279941608,1.8737898352139124,-1.673137802429418,3.3169307868795297,1.416188358518057,0.49247224661428807,-1.3507047997658688,-5.428317603993957,0
-0.5663504499805034,0.2475686916085599,1.3170674248949954,-0.051769306086889316,0.8039314399664647,-1.402495751027837,2.136946776545343,1.0725651688944113,0.5901960364360898,-0.5739646090287374,1.962530509119819,-1.2007418341374811,0
-1.672020875328331,0.22833925728432655,-1.0782782681499194,1.8050954468878624,1.4926425097650255,1.1805580548636971,-0.45852876560617273,2.0454131079153326,0.9807597942326587,0.5868237701241104,1.291336499516227,-0.725568373067307,1
1.6789010803059796,0.34156281397528726,2.9844966379883626,0.7420004203014384,-2.611608038344232,-0.48975601156530757,2.8898493407642176,1.212462149866113,-2.6087678532458587,0.6652505633025415,1.3114670327856264,1.3583987080697397,0
0.44314376244283493,0.00015979704103645734,-1.8996442671723408,-0.4073343911301194,0.6724822863386601,-0.9811493973508101,1.3737884954649133,-0.46711676934401114,2.588538967276592,0.09368482867352805,1.7833986089537417,-1.6265952693538317,0
0.9285884079345414,0.6261570720985867,-3.677937456594738,0.3739710601788996,2.723814689543933,-6.5941070952853,-2.070637770852544,-0.15784483299998486,8.250304289878127,-0.9410534618881794,3.2040953493479547,-2.464835345842616,0
0.04496206318928575,-1.1070048231036829,1.5562308329575385,-1.9375323705620928,-1.4049904118992584,-0.2439378926975453,-0.6514474145929726,-1.4633888457665924,-2.197114421782234,1.9293787639710507,-1.8622060920163173,1.5280706834739788,1
1.232656752840873,-2.058842247252665,0.5018697440712753,0.717002272312345,-0.7537763165679368,-3.0057636933684133,-0.535784683937941,-0.12042393006970586,2.1757964888612453,0.7539356049834559,2.8805922597305003,2.609834959680401,0
-0.7695565629352175,-0.29984723749851216,-1.8589843423236143,3.8727231440866015,3.3101567112278767,2.018189398537947,0.00020661316906256388,2.638504439633765,2.5020040267219494,-1.474317884283255,1.4114005561180012,-2.478569663065437,1
-4.016358342858322,1.6709168053710197,1.9410784792164872,-2.320499809873261,1.6438308680433753,-0.6475009917776402,4.324336737280653,1.4714528810481953,-0.13590513046899272,0.6310292023085858,3.7921492880762644,-1.9560485286021945,0
-2.083706172927149,0.9820245608988472,-1.1055710900949036,1.6299352403814862,3.426321010482341,0.06520855374963852,-0.2988391582075367,2.0736770241800495,2.5232091699912647,-0.2919433019409618,1.2715934460318639,-2.714299540065369,1
-2.598760556420725,0.06973370216387892,0.5595860666273821,1.3742406070594464,2.9809580962352067,1.293829505769598,1.8386348980548672,3.320050784281695,-0.29105707073400405,1.0915608419868654,0.1809854416154666,-4.435768906772227,0
0.05533821278620388,1.3689549069789257,-1.3517600757854247,0.7996248431908448,-0.45646132208661916,1.7975983494396874,2.456063857598786,1.2657673537961072,-0.26741969230112284,1.037523823136868,1.224023752582413,-1.6694596143974403,1
-3.4254534653781272,-0.8917090161545982,-1.8554158365770295,-6.479296729584772,-1.0643895399481431,1.041334037261626,2.020928736067848,-2.6108616919586822,-1.6201768975895998,-1.1835570145570518,-0.7860748226845118,-1.7850692645242332,0
-0.9048359569640059,-0.8338406703834248,-0.23705743372055843,-3.3597118961827994,-1.191925857105114,1.2606663256303634,0.25662985602331867,-1.8944946163044625,-2.5147755058640113,-1.706879909300111,-2.779115316519974,-0.6665828902445292,1
-1.5895552303853173,-1.3546938684439978,-0.9494420001270496,0.7396002281236692,-0.13040292201752957,1.559184910749335,0.3716980179106304,1.2526201347022081,0.07301646035179167,-0.13802859782955618,2.123367386969402,0.9247598770982359,1
-2.0538435441382443,1.1141656488757437,-2.2183459380443646,-0.3366510310234459,1.1496933502631703,0.3895170956782157,0.3260006488862659,0.5318912257373787,2.0683356063732248,-0.5695996571473055,2.356675772498946,-0.7389042718930746,1
-1.9507515665582864,1.6903351793201724,0.8824507793950932,-2.2920973846011266,-0.18477816330160923,-0.5238619562551294,1.1290610716665246,1.1599900232412634,-2.3693228477621764,-0.43980899491309555,-2.0716504402621285,-3.359632933735592,1
-0.7818407489140469,-2.3888930729463076,-2.019679654886493,1.441240185097887,3.6616872263544096,-1.9150043274003523,3.137316675851437,3.453278575148417,3.6786333308748445,0.8827130611608388,1.6647666383195836,-8.032260327484368,0
-1.0616583926038305,0.25192526200925935,3.3467255437418837,-0.8684123106088755,0.6053318268117902,-2.087703277962261,2.31802407030405,1.5168493249869237,-1.2779032333673792,0.3173843681379271,0.5069023575875844,-1.811555176407586,0
-0.3531721918575691,0.2720116500679925,-3.7708809583050575,-1.683343667589433,2.6911999135131177,-5.461046957830127,-1.7902780286886661,-1.2752119375453248,7.026783636091522,-1.650974968959448,2.0679598363224696,-2.787594235216678,0
0.5410327022644095,-0.748828625700889,-0.9423529009761689,-2.0682986657507616,2.156014130311871,0.3812781213041089,4.250037722675195,-1.4557685432991885,1.0766316351517433,-0.0017536548817415178,-0.8207570910448994,-5.751101770906808,1
-1.8107371221236683,0.0517233847667108,0.43004721973760884,-1.8769711594007616,2.037817700242446,-2.963349627241239,0.18616626420175586,-0.6042938685888497,2.620262461284115,-0.8020832991209701,2.015860249139217,-0.6829625672507926,0
-0.6919655519094751,-0.7446498230795249,1.0184200962071002,-1.4424219805862337,0.8720818636748013,-1.8662029194268612,1.4437358814263972,-0.5971422193965545,1.1790923718834303,-0.896273768554371,1.7692822460846869,-0.31683577158863385,0
-1.0974265549032978,0.7258536517940778,0.09616647726089123,-0.14188234876390549,1.619192831802451,-1.65100734774578,-0.8165863714502366,0.25464531266250623,1.8057613756180921,0.1246275748534001,0.9150946349993125,-0.4015654170584058,0
2.030946072551888,0.34321309794711236,1.2495883247569373,-0.006846396482104739,0.4201195870298283,2.0361740523634135,5.999103522740204,-1.2418871422937616,-0.3712325028835579,0.1340969589129945,1.8686225081401855,-1.5191256865074854,1
1.7866918440285093,0.4047248085332612,1.2875907876626929,0.5878241628784953,-0.7232359030007072,-3.1975110165826295,3.502094379589753,0.47493953730392413,2.230602891115533,-1.2712898696025816,4.917124882510555,0.7497956189916433,0
-2.1933496834509008,0.21956323716708184,-1.7347917898893264,-3.5659497561236226,0.5413312094056172,0.07974417650853893,2.266677821023112,-0.9806844544562745,0.4684061536144856,-0.19048463176086694,0.4668928467473713,-2.9840174214694213,0
0.2634479295576069,1.3600436152250617,2.793635679474503,-1.42765846328702,-0.4033064671683628,-3.8626204770641355,3.177192529876367,0.2704270391945137,0.6038156334150501,-0.5762409695503379,3.01753025437866,-0.218337189023664,0
0.9902109643172634,-0.4462813587574465,-0.9712548597207588,1.151315313189847,0.37883698315568015,-1.2461795713027408,2.0951767197811613,1.4242249606663562,1.8518891135346311,-0.42943725936615024,1.9001092034726577,-2.4736458377104587,0
-2.921299233922334,0.07331068378816233,-0.3405996106898732,-3.0653730135956168,1.3415132237027945,-0.4538322427033452,2.914768253664496,0.10419412306825548,0.38461877383890003,1.6034139150493707,1.3184639286948978,-3.287156436480387,0
-2.336633867916651,-0.3790231557496025,1.2148587366965165,-3.799851258997965,1.648929928132672,-1.3347313357689223,0.5819527932483143,-3.6311321786416597,2.041488007849412,0.6327465191965413,3.008798981191932,3.001567156388507,0
-0.6325538884542583,0.5242087895059939,-1.4941746769268225,-3.233300555999042,-0.5671432001283807,2.7586559387221845,2.759445619165444,-1.9792082109308606,-1.8455364806532393,1.706499079163937,-1.7918091714722013,-2.587265567747459,0
-1.710452894284121,-1.2246357248860855,-0.40605117911483024,-1.4964983754283652,2.1001114435898627,0.8547445579249868,1.4282374987746547,-0.3289234018820477,0.26591111482741564,0.28338682774395885,-0.6292575256949877,-3.084407953864947,1
-0.3745146874143134,-0.07415669128212113,-1.2196575454710616,4.33063318481683,1.0658555523536435,3.4022432329524293,1.0731464854430113,3.498921966786929,0.10958451607259925,0.20041591220481667,1.6676169961492364,-1.1886687842722699,1
0.0358483274928445,0.008342529107693416,-4.843640258072365,-3.9437831431232966,-3.272946173058587,-0.8355096372659776,0.21269469214610814,-1.979088062661551,0.8537429508454291,0.597468116659135,0.10712567328106459,-0.8627161370603392,0
-1.2828248357842966,0.134728459770038,1.4032695741185661,-2.2943525781654897,-1.2856359095477934,1.6904797292742517,-1.6531548470913258,-2.4961738756060794,-2.555275742919437,0.438875998563543,-1.2503171645155196,4.249036836140045,0
-0.7209867103766854,2.1321785240940456,1.0874884873869122,1.2620602923481603,1.6870297456310341,-1.0802389558037706,2.2329409827927655,2.4217248220270857,0.904143375906805,-0.5570475524920351,1.9098356668629801,-2.607602760504289,0
2.8517112118542896,-0.10305916279918882,-2.3917251519058187,0.25690100901185225,-0.2945832250874969,-2.1333404331090353,-1.1327646212484892,-2.52025866078117,4.076993392316386,-1.10676929612575,1.7060360719676244,1.7513532095841664,0
-0.8877183908937951,-0.7946225092256443,-2.388056083905961,0.4490090669428582,0.5534502297898181,-0.6458077730084346,1.3347630333539358,1.0032454786914586,3.0175561938419775,0.9724055454085075,3.957117258030128,-0.6572309861251404,1
-2.435045206409987,-1.0528081132517997,-0.7504581771858903,-2.654363222524705,2.789145623900976,-3.2826369307333394,-1.6922608552724505,-1.925537784544985,4.079780919371233,1.1384642577324053,1.8706156716762794,0.18869003066617496,0
-3.3029298006726195,1.1281251307292286,-0.6875941259461227,-5.350837106757104,1.365704132838408,1.8559157609968693,2.6150641573444617,-2.9322305615254667,-0.8090120495578887,-0.9052645394678434,-0.6508751913878608,-2.286332274377199,0
1.6984251274678457,0.6892253044205836,-0.47145498949345976,0.5192633090080876,-1.66228384570633,3.0537648036708145,3.08856947768863,0.5481960081812869,-2.8065356877964254,-1.639200665164182,-1.6750211569661888,-2.350733201902475,1
2.2824503429652783,-0.5611154901382508,2.524161214000644,-0.8654631444016817,-2.394612083733035,-3.394766777714273,2.424202903678194,-1.108489787106955,0.38184405804084587,1.2013885715521933,3.3592814548166343,3.0442479850004305,0
1.1477551059235462,1.1151788563886027,4.2916089756302265,1.9220696603739713,-2.6782671622299716,0.2697203861802615,1.400204232742721,3.0414128718632627,-5.008619550749139,0.21223377958116182,-1.3129577600032103,0.705723760694477,0
-0.842904389245833,-0.542441431135824,1.718513936619846,4.394736586301095,2.779329911227637,2.7729708409998226,3.059622657604539,3.9015525007921283,-0.2105115945683109,1.8833156871845997,2.395884676529617,-2.022957690979518,1
-1.5884615169316207,-1.9764598181488282,-1.0697684396952798,-1.397778096462628,2.8923716029902082,0.3189414351266442,2.6443439820220274,-0.9305080439669504,2.5740313362234644,0.32402324841161456,2.1824388631734077,-2.5795544342734056,0
1.37793726436201,-0.643999442841971,3.687888860360996,-3.172948812261627,-6.763160076884051,7.551715673818842,-2.337604309439856,-6.00323635233221,-10.077699890221961,1.440680529117953,-5.644642665516309,10.987565535711726,1
-2.697146716972033,-1.236793539871822,1.7884673170650167,-1.1341565578560762,2.3534470349073002,-1.027009962517852,2.1808015546332618,1.6888454572631098,-0.19644477102616106,-0.09599526618925949,0.5566900923508726,-3.5156875621942993,0
-0.4417515895449964,1.4321234539798284,-2.388940261157721,-0.9181119519171851,-1.0350136696961794,0.9971639506725584,0.8844266910040128,0.6449992209950931,-0.6383238057798821,1.6069270269180334,-0.8653975190008196,-2.559838483543676,1
-2.9322065648316293,-0.6828914221094988,3.6107625539933705,-0.8825795766470432,0.40419896750478634,0.7492368309416249,-3.455648716095504,-1.901013448634616,-1.2749073908698811,1.3653977983233603,1.3929085847613034,7.90179974048373,1
-1.1830487529145852,0.5530975887870563,-2.564994454075621,-1.9961386442297773,2.4166291867079717,-1.6701506954072105,0.9853548571004691,-0.715965618490289,3.3827888773908676,0.8430719543469527,0.6490520190589412,-4.2067426364370935,0
-2.613250086011376,-0.3870870333443783,0.2321091463712346,-3.754381069089769,1.7247381038575649,-3.0401887847258164,0.1480499825288044,-2.317166454470216,2.9358052506722387,1.5932765056743545,2.8896473979527473,0.9783656064584888,0
-0.5518470190673468,0.7591359143960578,3.0534099715395833,1.361805220939078,0.2345383495459965,-0.3594112665768828,2.2421590197324353,3.149083568478385,-2.206601785043395,1.4309684579048882,0.16756396668939932,-1.9570773378504753,0
-0.49006004988038454,-0.08978903055522079,-1.2359281809966205,-1.245601696867828,3.8919115189358715,-4.202359923606374,-1.2110614654075744,-2.2729698795992666,6.338868714613109,0.6693077294563347,2.568244761112816,-0.6957225962349902,0
-0.5330690518012812,-0.1494350994261376,4.611561434429637,-1.4377029503808911,-0.5368358754914659,-2.299494148301549,3.733371088564102,1.446422995099337,-2.619624204079428,-0.3046743368548011,0.6287419084697354,-1.503304519883337,0
-1.407725232781092,-0.12290973351843454,1.0661975633616587,-1.1265861238387889,-0.795480326628121,0.8705206180085088,-0.7138584914715655,-0.016056131701625675,-2.303304348482919,-0.7677174533650679,-1.2154381924345783,1.0894964978399242,1
-2.764186924060322,0.9937940009097981,-2.2698470773331945,-1.8490224512532658,1.7033869262537102,0.29777462983533043,0.4376388386061161,-0.5971487915206912,2.2516728483640445,0.7082734416359314,2.0196696393365166,-1.0494169699607523,1
-0.8410371368205873,1.0513996442549824,-2.2452587888812268,-3.0595293652321116,1.7619028299470663,-1.7668431607072088,0.03590785968114263,-1.8228779958366885,2.3865924108552687,-1.393055612194807,-1.1740192961571891,-3.7476569174640826,0
-1.3236418993405752,-1.2612164017527225,-0.16099227217201317,4.390103807127871,2.7923752031018827,1.9062062677019618,1.4801981970733031,3.939735171748474,1.5617050587811903,0.8926561575263238,3.2308938937550478,-1.5785359590619903,1
-0.6668998419440487,0.6421787163118857,3.267316053551686,-1.2089542938426534,-0.7578300943732388,-1.8123600131924826,0.41607005362776595,0.5677095299048065,-2.1803994488440592,-1.2670512290141405,-0.5852924736682166,0.4883861014919428,0
-2.8106880962611034,-1.3436848445308107,-0.8923563868376245,1.6593821577852832,2.216900722990986,2.7186324975636014,-0.3539980796310471,2.479374687781916,-0.19771608874346852,-0.12697949340813428,0.07834474767518307,-1.8168701585171352,1
1.155096804872582,0.8308799605613117,-1.003505846536304,-6.668911898575909,1.0915738224369573,-1.6768647038514788,6.689944169545587,-5.039384933776966,1.6254775759356472,0.6383169668256753,-0.3798855986426055,-6.160968926782633,1
2.415780020502485,0.20237707756390258,2.4230543096069073,2.275283488106362,-2.1289564503535994,-0.5566534397168637,3.984738002592274,2.220593785624579,-1.3908532199305381,-0.7341351357057209,2.7347325016117257,0.43000591134802635,0
2.3029338565479573,0.6110804308939565,-0.7030433034928827,-2.220379848775189,-0.3998480239954876,0.29992537043811085,5.2673303370499385,-2.1037063733292616,0.12267568439385626,-0.5498520281060788,-0.03891770452070942,-3.799778251680273,1
-1.487834383359952,-0.5251608184668627,3.5701739552075296,0.17403615774258235,-1.6259253852675535,1.6567296456924185,-3.286763751011737,-1.0979606301598825,-3.076167229802561,-0.20810873404865554,0.42172142019888303,8.258942296367923,1
-3.3560494807806407,-0.19982165103577562,-0.4802991443046509,-2.0591117459444153,3.4408787762182698,-1.7439370871237354,-0.3368188902742941,-0.306510744638262,2.778978493263851,0.664662568209133,1.2572626710416566,-2.066890663838994,0
-4.063230865374933,0.07473318053999688,-2.502998185287397,-5.81740008272142,-0.1702438132656583,3.282372601811818,4.801239460138948,0.094261956649069,-3.656559812312855,2.4750849056284,-3.11823741565746,-7.942808072346427,0
-3.832717569461371,-0.9412916705372828,0.1344976519410659,-2.599898788107443,-2.140660290613188,4.953728318454528,-3.4182807798622425,-3.258661991371225,-3.1780641539635464,-0.911777974174617,0.65833819592207,9.081207075070044,1
-2.187214847268966,-0.9446876558050762,-0.5053902439040143,-2.9494306622270408,1.0493021750421814,-0.1712270669789573,-1.1790324973738502,-2.3236319052286847,0.7971095232586057,-0.3101019540584052,-0.0948486759601328,0.9593030133615996,1
-0.8624696621690049,-1.031382165059387,0.2924056124963954,0.7689550550547894,2.7881464174515593,1.563440689104671,3.5569200604855755,0.7993574079271735,1.0550201758892943,-0.6136853668764732,1.8669344162280195,-2.9384633555288238,1
0.6127221932913656,0.9385753664092114,-6.101223160202533,-2.067972470008356,0.737174793288213,-4.180789323892414,-1.8371677300449447,-1.5333861953017296,6.134955980070181,-0.28316970787620604,0.660706610167109,-3.554339733936994,0
0.1710360539155682,1.521268103873755,1.4730876923963439,1.23415603382439,-1.2509087236165943,-0.3235779322080641,-1.4385473492913403,1.2273408772570986,-1.5016051998914606,-0.39462019366723455,-0.3116126968652627,2.07802826914533,1
-2.9613873353052336,0.3022229904907873,1.9659161625121877,-4.616268821455672,-1.4501305011182661,1.8704828285110833,-0.5611379375153791,-2.6652353050130673,-4.125983131038306,-0.16825226177893604,-2.0816281244147405,2.917116241956829,1
-0.24605241827453594,-0.37665957180917253,0.8248408826418855,-2.133652106604855,-1.6804816753415412,0.7922158091803849,-0.07098789330597577,-1.065414160897834,-2.9352810189351706,0.40942221154448116,-2.504618016699749,0.3260391371966184,1
-2.429893170805995,-0.8202324739942018,-0.07429575218248408,-3.6388956223109474,1.6260579509963002,-0.16253291083359822,1.68653669472062,-2.449924165132958,1.2436761202402076,-0.09589907715840262,1.668668384112292,-0.20294286021647504,0
-0.9536689376790377,0.6833000765549301,2.4102641286596764,0.14358598447974627,0.7960057493603071,-0.25076782956174437,2.40250253891128,1.8497980176379034,-1.4562666130594455,0.8794519557270544,0.2843950070577558,-2.088605470690946,0
-0.30206253199710176,-1.4274521988456084,0.6048981304239377,0.328671170887463,-0.4533545661538291,-0.07685284035412576,-0.6559456432964599,0.9326059683469283,-1.1029717177187073,2.0317934172924077,-0.8361297598512929,-0.007348083767447182,1
-0.6457165028806355,1.1612581733099088,0.5649072390592251,2.2593991254804098,2.9954758064376925,1.4701522459910132,2.236879347875621,1.8987247784340382,0.9164677249861165,-1.1777139203281193,1.202504120027686,-2.816182748085359,1
-1.134049534543091,1.1992935148542776,-1.4311135696119808,1.7801714283888732,2.9622340724537333,-0.02844587103536944,2.530878222873886,2.1331679887382182,3.3118803496362688,-0.08966986278592959,3.5706350104150566,-3.26422458788648,0
-0.6069275682474999,-0.6808625909549292,1.2360468509048503,0.3140456726544803,-0.3851679875542523,1.9092708005882388,-1.4128270348160368,-0.2292988838205784,-2.1672177585484533,0.15475130576840912,-1.4310947285621247,2.175472069705802,1
0.8576081420448534,2.310100879014986,0.9241270776818926,0.1500426171524969,0.29708565794171693,0.9315766071539422,2.2924165506186966,-1.0532803362866,0.2094512985874561,-0.7707036615980074,1.626772434843745,0.872489857956446,0
-2.039866931685453,-0.9131293062833469,-0.014357741821037662,2.1293355158354315,2.419666914643201,1.001293845379505,0.10825706038681782,2.3060418659848003,1.2131745848412285,-0.4162342819624995,2.0086682372257485,-0.7143444458923023,1
-1.5520687728332885,1.772805465920266,1.8841335259148504,-0.1455635942975943,0.010771397756058176,0.998775567999018,-1.1096747361189245,0.3855391253072502,-2.112526523370149,-0.06768120062793911,-0.9102520957252369,1.6628715698831067,1
-0.911302897783821,-1.3463842468827558,-1.5064523567088361,-3.3934489869214772,2.056448492977256,-1.9144342488525674,-0.5631016950705889,-3.0266707698846864,2.805084499434708,-1.1178078255284012,-0.5593152272134694,-1.718599963701698,0
-2.328582220119188,-0.7136793374603376,-4.069576083473256,-0.25928272866883,4.8802792609444525,-2.1713834710386197,-1.752145385286073,-0.9261539478072451,7.498654455839238,-0.15267310634812034,3.5842626623863216,-1.719732869569957,0
-0.32325163412893476,1.6214575928540245,-2.6020810269064425,-0.6270257707328644,1.2730586053220605,-2.357859155984217,1.08010897669623,0.40658666096600093,3.6742277884272885,0.5678622260240336,2.126253366073198,-3.1425610511548823,0
-2.290850008428685,-0.7072477802632811,-1.2888116777163867,3.631452772453882,2.662651815908098,1.4471681236408047,-0.8390919999935822,3.978845366628426,1.531563943800222,-0.6950507834175662,1.6379006874527058,-1.8671326169930487,1
-2.444477312853601,-0.019015952450190294,0.45680703919055565,-3.9690350118961852,1.9743593923101668,-4.108405229074477,-0.37869131801247735,-2.2577182293205844,3.1378603429251313,0.1244666505963687,2.106079063291203,0.2235791291683538,0
-0.6800340926535015,-0.17720123992601125,1.3629370365659925,0.6336412166215548,0.5424820816293849,0.04725110529586618,2.1248814723308147,1.7103859627685596,-0.6110715132754365,-0.9115170289562126,1.2009129273794055,-1.305761024471293,0
-0.4166087204126735,0.7329392371287647,-1.4993828609032314,-4.105989973157221,-1.296494996788548,-0.8445107364823772,2.840825766207871,-1.8638299120649686,0.016893998272205533,0.8947545765248072,0.4010177223107182,-2.113204396849215,1
-2.4331745737182886,0.9659525063692287,-1.065685809429298,-3.0431453453906574,3.7369324731201212,-0.006812321551521228,2.061640414569626,-1.4618224639534507,1.970760793850609,-1.2213505270916631,-0.3330612383404177,-4.789631156693636,0
1.2267686286300876,0.6320158384472817,0.5894621126996044,-2.996903645888435,-1.5845407468649566,-0.27239152405598355,2.5987413420440895,-0.16208161469379379,-3.8821238383579364,0.682599131262002,-5.492628104142883,-6.024835511154696,1
-2.043779688018448,-0.9626247447030394,-1.5984964919132885,-2.572727144167547,-0.19925274157618977,0.6439040600239985,3.2674417785760648,0.6219735904233663,-0.5401308268675339,-1.1095540388116905,0.7109446002459496,-3.735242117540091,0
-1.5205316884496303,-1.5011418442963134,-3.054637046369404,-3.159479187223271,0.7406388160406656,-1.1372471766100436,1.0162307649171742,-1.4099810633237124,2.5068881035918613,-1.5025154171703357,1.1076355995587106,-2.5477634130920963,1
-2.9897391555147297,1.251851131899027,-2.7710972226807815,4.473061871145081,1.725184791422779,3.0452267552796783,-2.4101549568534653,4.450165640427227,1.3081696050602152,-0.07645274065048199,2.1776108926681097,0.14948722789145866,1
-0.7369987707192308,1.7086088162723048,0.8654558557611178,0.2361041300872879,0.9620670711393831,-0.7767107397937044,1.2155369596682124,0.948794227415038,0.5992803851521512,-0.31371266445280355,1.4856813351006248,-0.7909432908321148,0
-3.698143701606841,-0.7568652775023226,-1.3902829085934538,-6.216545240169509,0.15558587113250688,0.3464091707981223,1.697413715654131,-2.895991815969561,-0.3467294085510436,-0.8788002031888149,0.12778320648355357,-1.2915076120441489,0
-2.7956860364327136,1.6628217339327416,-1.2363001804907665,-1.375272401173393,0.9905634361588549,0.8993500982673809,-2.4036399126256374,-1.6143336292198125,1.431962019916171,-1.84005922581174,1.5515894827890688,3.2533773865485447,1
-2.758873754132968,0.7672394223217216,2.537482924340299,-3.0680223896053325,-1.9272626132162034,2.7163287343134845,-2.546317981991007,-3.185686813179717,-3.8471865353458794,-0.997042099104915,-0.5737715454715965,7.612734478392633,1
0.3132496305923007,-1.3236060324327306,6.679995783309703,1.966658575577041,-2.990360096308587,1.3526161997753714,3.1517349950191917,4.963511307398045,-8.458131804443955,0.8744061894903906,-2.9824178105978314,-1.2208347915546178,0
-3.066469943198643,-0.22261868100025228,-1.2329082113348517,-5.63884307301727,0.8680628054382868,2.5761289810440484,2.8417286354816502,-3.003415614861063,-1.5616192849390444,0.35316002084837295,-1.683404203957361,-3.0865278870341935,0
0.1784039071403305,1.043319014479797,-0.7373032291186346,2.202835683064415,-0.15083905421479504,3.664696399994736,2.9963667103051614,1.9994496864848315,-1.3057636728866477,0.10102982224494643,0.9851195045779779,-1.5890101557928522,1
-2.4254734737518966,-0.39016580702983406,-0.6385070465117499,-0.8441046982875966,2.3005595028253936,1.7615334849030517,5.487799684728177,2.8300010024367444,-0.879889639885764,-0.6482029817697238,0.02469818002955737,-7.989355069995151,0
0.6224944798532073,-0.20859811407510392,0.7707262547860001,-0.3018902709470399,-0.2820532091169379,0.2740044005186659,2.1819230373911864,-0.34631744032043654,-0.4045177399342132,0.8803080262239731,0.8359213518303712,-0.23691255974983286,0
-4.558511305956321,-0.9845483612615974,-0.7371031466019725,-4.642396077830954,4.024426356160216,2.6979216965463566,4.677079882322923,-0.5211398171502823,-1.0686640429256786,0.12624412492247009,-2.0750140927416547,-8.20713079685863,0
-4.333036580299245,-0.2045252836077054,-0.7062003475310065,-3.598189662196061,3.9800083411487623,0.2843378649821826,3.818041936693769,1.0220515387023708,0.19599792316931053,-0.4581389059691063,-1.1122907008396858,-8.487315543176305,0
-1.185648116787073,-1.0013218504020687,0.9656120342250163,-3.107083683283795,-2.2745532334959417,2.4828370995033024,-0.5196208318058123,-2.1063769912950248,-4.232913099074127,0.4367933160776389,-2.8010539492309663,2.2511586604518286,1
-3.345047466371536,1.8433314580108582,-0.22576566550319854,-4.228479558376603,1.293178730179919,0.8818084329669842,0.996326322114775,-0.9236175260152419,-1.7163404644073748,0.06505569779457572,-2.6529102398703595,-3.7554716657691682,1
2.736367169897288,0.24632559780962074,2.3020442328602853,2.418984469605605,-2.915010839989919,2.395677458067455,-1.5174774417686343,0.19314616332934076,-4.258402421787628,0.10979208076986335,-2.969345420557817,3.565221513046535,1
-4.416795886352359,-1.3855301625347713,-0.7096162301773814,-1.4808337871294939,4.404593699820635,-1.5780324749658312,-1.416981541118566,0.8638701109348734,2.739508734504882,-0.7553714883915988,0.3746364286208269,-3.2352466876862476,0
0.5856765208991568,-1.3878365537222406,-1.2542432097169385,0.806884397817198,2.0633830893687195,-2.726586004847655,0.8603912639357878,0.8489808360830919,3.747312190281202,-0.6723614060121872,1.7402822758475325,-3.138100359677016,0
-1.961070843470901,0.8967963609052968,-1.2090509930033009,3.5834047711126527,1.3263421736270087,1.7481370514813213,-1.4932850976280665,3.7894120439681007,0.5797880549534677,1.9581867579244912,1.3243961222345506,-0.36741554810686244,1
0.9059330192833508,-0.6263997891989274,2.686197698290367,3.8596371038035726,-1.5179769342249216,1.6021920678316528,-3.1638443563935987,1.324620217379586,-2.2727259514896883,-1.1454353502421393,0.0823625429346051,6.115791734566134,1
-0.6582427399767026,-0.16427458388759072,-0.3327966095037167,0.3841818770189011,1.5043406224558138,-2.140480367645848,0.9874968080413679,0.8263163755901555,2.9619283188936074,-1.9569977354033754,3.2236048692699555,-0.7745677906748227,0
-1.1824022109839663,0.7411970092722532,-1.5851307991314196,-2.3470278122002886,1.5047688945328517,-0.8317818218667503,1.4597173634264893,-0.78487037239734,1.5918371137783267,0.5388445628176747,-0.0010003817855739339,-3.558286346450492,0
-2.8562485606230195,-0.03379999957206004,0.42645387485909514,-4.735086265464345,2.8905888994753153,-0.7868438691157296,0.5880395389687355,-3.8689024397236746,1.8019278874947298,-0.20256078470351496,0.5732038221560172,-0.165114991192708,0
-3.944499891899298,-1.009739013233213,-2.7836581536137444,3.4184891066783525,1.4015277549268121,1.8341124428218,-1.4565534128340836,4.4437178351770585,2.191427311362382,-1.430639663525539,4.604334020752669,0.8925385183970866,1
-1.1515889392550323,1.6810956933287027,2.3096354618174857,0.0341127573135747,1.0268095373087696,-0.9810471456829511,3.6911578214856053,2.3599187708777363,-0.6915228824838844,0.5395564531168051,1.6793271746029754,-2.9403208085567507,0
-3.2646757460665192,0.899014819831824,3.003217441157611,-3.0378818816398763,5.3627446811346005,0.6156907313819941,2.304377811581629,-3.4523913383986082,1.8558837706784868,-1.1283098109958491,2.0093060469159667,0.22976285918360986,0
-0.7754766730401883,1.5534127741151424,-3.2690010001574796,-2.1358131997148546,-0.23838230100776037,-0.6313181399651298,2.0833202695890636,0.670735232921926,0.8256740167872159,-1.5103170004997568,-0.4021876010780685,-5.268051890022721,0
0.7971084503550843,0.1314965396755881,-3.038321545223596,-1.317662318351229,-0.1891512437995837,0.9445880503452235,3.9265908529866325,-1.1305934722088955,1.812102886619771,0.3478975469714742,2.0734251192702216,-2.7126128968284187,1
-3.576892297046254,-0.14526759748162552,0.4233760026844955,-5.668042675678544,-1.2105444469423736,4.218357360431809,4.4380979532619,-2.3753985485946583,-4.307258544220067,0.1044665098303101,-0.36917427649683265,-0.5856984891754767,0
-1.0920075544542114,1.0766064809804556,2.20488268638885,-3.151100151108293,0.7352243013888422,-3.7905806455470143,2.705382910160352,-0.9612322083919114,1.217057003952344,0.07233393603837522,2.504974611116806,-0.790717824031254,0
-1.1977863608546468,1.6812109395928265,-2.1256371543956596,-1.8760565493259658,-1.1232056564375348,0.58471700386435,0.9340263595762494,-0.08332008075358188,-0.2388647774449869,-1.5091049097967735,0.40777100442131786,-1.1274416881032754,1
2.2749648647457645,-1.0590834203418757,3.1522782589003553,2.2718457919030612,-2.332408150225909,-1.2314698281025271,2.3209033773268555,2.326341360167743,-2.0063396756316534,0.8734756560804714,1.5259614114946514,1.1460428631363107,0
-0.151828320660788,-0.08826541420107842,1.8500465761634928,-1.79045064765344,-2.2758395926383814,1.5258582576684976,0.513449968903773,-0.1290356601274325,-4.884742248824445,0.7247978454081032,-3.694408366452052,-0.3597248159829854,1
-0.7437201900804373,-0.3738096887456513,-0.47781887548486446,-1.9045670334990534,-1.7333400355399078,0.7908327795900512,2.8455626139066332,-0.3863724970036767,-0.9357132218175381,-0.0974033875722421,2.022716574884292,0.33167527567124455,0
1.221927777710219,0.6673533101496636,0.2787677381756066,3.7895467415383384,0.37838480031637334,0.2317934473684422,2.256615334263547,3.166090901729632,0.8570797692792063,-1.5771652892359989,2.6793498311593957,-1.2033234357363314,0
-2.4295744053088093,-0.02821721582196355,0.6239444368959648,2.916910371052105,2.008527470838552,3.1791967463445836,-0.2317036828536525,2.8213449990808295,-0.7604594847662002,-0.5974272614471297,1.0479132198500065,0.2210469808810589,1
-1.0498948631674418,0.4447302658475288,2.8814546260109495,-1.0212462064236167,-0.163349953955354,-1.375490326791263,1.1369339974313943,0.9508035803329437,-1.814060725935642,1.4264654354738344,-0.10204578570001765,-0.4205286172309027,0
-0.3968170876249377,0.38957958912817714,3.0889508344381538,-2.6607938553829475,-0.5365028672968655,-3.3044002035033175,3.8382110737625084,-0.4532947542815806,-0.0993611765651473,-1.323656732069987,2.938409092804014,-0.04776565776373271,0
-2.791894003168956,-0.08303909315315218,1.788305323912561,-3.3315084546284597,-0.9670206914174377,1.636006245374536,-2.139684745337773,-3.0656009712059937,-2.420051413819128,-0.3224567662439455,-0.33977267262918953,5.715800552933133,1
-2.623274542741485,0.8519420215501574,-1.1490462176311165,-4.49214364985913,1.7844060700226194,1.3274538185662406,2.2385480226957206,-2.350444664029045,-0.173092713700655,-0.9369457153125472,-1.2347655360087126,-3.5262471873875767,0
-0.9905447618455494,1.026024403448993,-0.6566557886676075,-0.10176993302463953,2.5409569282935887,-1.1821088110260611,2.62398037279031,1.158583998317652,2.4355947673418594,-0.16905083142570593,1.9196114598447611,-4.110083948591957,0
-1.3315494913878632,0.4368853246354206,-1.869557380370125,-1.9294470778994985,1.2448426677780147,0.3719996221734414,2.9185602171718834,0.5396541048086763,0.3766628041231284,-0.13564133181515867,-0.5668009071947604,-5.627585718776732,0
-0.7212276307993253,-0.7291128992201733,0.6083570616624385,-1.9472139350577011,0.5710301812954164,-1.0806940928995215,0.9829380365930012,0.339506624348775,-1.1715762127891196,1.606404341476658,-2.496617694015566,-3.950101031363079,1
-0.705325245711091,0.5827018443395604,-2.9960102319263733,-3.5402603998287434,0.0384316218680707,0.410378139899788,2.5137551429383382,-2.3034775937686343,1.41774458602955,0.5704780394151027,0.7350574399045504,-2.499298862199909,1
-2.382313964448444,0.9978783061334139,1.5740670908791266,-1.8698207063759287,-0.21655655150319486,3.7429507692388375,-2.545463212172728,-3.1040890455845735,-2.697701493251531,-2.282280746754324,-1.0975037267661216,5.960925198679351,1
-0.7968331256428615,0.7672949987995796,-2.6146016866508894,-1.8471326204059273,-2.9110592172172094,0.6723908091191794,0.7653093444912117,-0.175285434316774,-0.5506036219450955,-1.4489565213176492,1.4827630368217657,0.8896356013792382,1
-3.7041316020614508,0.3869200817627956,0.9405518153427581,-4.688696214239447,2.069628050624311,1.533998357962563,3.2450757326805277,-1.8328917746963689,-1.3396811815384637,-0.37817329455840937,-0.4283979847555186,-2.783286758271011,0
-0.893636162903092,0.04021710867555637,2.5130202760543288,0.15742084072051243,-0.09689072406955423,-1.51389464813603,-0.026173992162325854,2.150521539905381,-1.8860713254560888,-0.06293451906574976,-1.0182267810135135,-1.1216196419062066,1
-1.7001281447968928,-0.7747271337075675,1.287990822370536,0.24068274205921675,1.5068262033771624,-0.8500124034172498,0.727055037903898,1.9001576712896444,-0.04893755993289117,-0.9729954937699533,0.5163823106373293,-1.8952202943424843,0
-1.5048950549307845,-1.5422795359518504,-0.7855855393904041,-0.5520861166613438,-0.5014124652062357,1.2116688096870807,0.22050761821854736,0.9059068353589184,-1.1414105914949668,-0.300824965308329,-0.2247409477562452,-0.7042846012043976,1
0.6673156321439306,-0.3077928453480523,-1.3763956931403432,0.1396799841253167,2.031693716928741,-2.438160243226018,3.089424434295627,-0.6845551464872819,5.296848811585924,-0.5721788510086941,5.443359082817018,-1.0129704603989946,0
-2.6816081995768606,-0.3780718285061038,-0.40888944639847125,4.699699183339334,2.1289782245032782,2.89966661097678,-0.32410290299471245,4.247779949666106,1.022713451143238,-0.6944480118658335,3.9109765020566556,1.1826808221049137,1
1.525379654275534,0.4218995389141036,-0.5925860611366044,1.4728527254874628,0.075792729214339,-1.0736244900110923,1.730771981072699,0.9005730042974085,1.8039856215178949,-0.9002791812308096,2.104901415196856,-1.0603442922789708,0
-2.0576321595307285,-1.5704522517081212,0.3187254642450862,-3.89652069570304,-1.5002662222191168,2.778644727660422,-1.2639800345226464,-3.558091036186674,-2.9210494258947266,-0.04047842013331258,-1.707742580041422,3.8659805756805548,1
-4.128442103136817,0.5510555079141456,2.0993318789871536,-4.979829861517409,3.013661010178062,-3.902850694678822,1.2733422136758341,-1.0968845356179189,1.4077690484031378,-0.04963373866944031,1.0045818847777213,-2.5660539707922827,0
-1.765698348611612,-0.7892552484365601,-2.8779787288334218,1.730392955891532,0.3275812953878867,2.2295323694816167,-0.44782863605088985,1.6063256820878968,1.5070179395254328,0.22700894190710422,2.8654045420904586,0.9027017770885148,1
-2.8727543486840803,-0.33752367135695055,0.6311020646613705,-2.2192604216162,-1.585714217721709,2.6007854966471955,-2.276993256496619,-1.9115775262083559,-2.527150948065539,0.29552883704186256,0.1587826970451396,5.735092182672259,1
-2.3907229047642837,-0.48062809306055787,-0.5405734387122834,-3.0486832786399782,2.2826298877540876,-1.812903579820309,1.0318944381459272,-1.9828022289829068,3.1358800942872054,0.3099133337464573,2.870732174798396,-0.28861438983158016,0
0.7993921555519283,0.22935805938499096,0.1924802866767752,-1.1006131207143386,1.3600820236193518,0.9050764196566592,3.8765157008601836,-1.462456566990274,0.5265966911403136,-0.9403699477331879,0.4553382654207667,-2.664906987437902,1
0.7455865316835817,1.6286438846731404,-0.5422863570593992,-0.233755011544308,0.7499040543706973,-0.9428665667708298,1.0280902081669547,-1.347071086031353,2.4595339802690956,0.3012477867426334,2.2854073218874156,0.58298518416797,0
1.4526068167555943,-1.8594113277438333,0.6249094532893589,0.290098668145415,-0.470019289832341,-2.3546336486016335,2.0391810606480347,-0.205457421469031,1.9933071936794646,0.19545001343844634,3.464824941381093,0.9804403852370829,0
-0.7348383036863215,0.4815930151273413,0.7748143372747343,0.6544608800455823,1.3237913700715231,-1.5030191383793332,0.6408152260864216,1.4207445638186373,1.159971347187727,-1.5424639907495143,1.4443019710965004,-1.1787477142476381,0
-1.9149646959597018,0.2810598408611379,-0.6237215084532383,-1.643058063048434,0.07404486259694898,0.1804175791982474,3.7395709108986326,1.8034353644591536,-0.7950593200245984,-0.3339621252538718,0.9217325505832992,-4.3382342620380685,0
-1.711649089559585,0.9972728231145673,0.40504361014068924,0.23027875849955878,0.7232631747928762,1.1954311501405388,-1.8686478810966947,-0.10222592265990893,-0.31664903799388616,0.17952317386713232,0.11565566670976524,2.2088624971754554,1
0.15756592941829406,1.3370391259050196,4.571590808677925,0.4919731354265942,-2.6208218651827657,-0.8715860547979343,-1.0995292069439804,2.0094209438429926,-5.039885436798914,-0.5970198971078851,-2.54865030404099,2.001490751029016,0
-2.6544762896482856,0.7398604438950306,-1.873618106004128,2.937527399477753,2.5949978871007002,1.7702883474599058,-0.1359799859678521,3.09002810143728,2.3170036868441004,0.27982240745458015,3.252990937962581,-0.8473624842453066,1
-2.9946724997694796,1.2688826475179595,0.434459698440392,-2.5171551144923123,0.7254141699380869,0.41352648376845424,-2.309037996248258,-2.397150729901178,0.31923813087661745,2.0702780295905283,0.9434810671269902,4.077887662879944,1
-1.5209020552793675,1.8755194448160222,1.3040539594030065,-2.1194110514026656,0.9455820822392808,-2.8068302809797823,0.6283835838119927,-0.4416066234107614,1.144584829063929,-1.1665887465311566,1.5223224904645052,-0.2634046843693764,0
-0.5706006617669571,-0.21695920853415493,2.0387053892295426,-1.0396891204648389,-1.100020678656842,2.2421217921406527,-0.1060475257749307,-0.2407045334807688,-4.333353437252951,2.521020697961202,-3.4366354760896796,0.26743432224739105,1
1.2302596918577422,-1.0212459881035725,-0.7892525956719733,0.11848159404686588,-0.7766097916311794,-0.9083678554867991,1.108480263331397,-0.9625840912829302,1.9884390767550624,0.43451934820866256,3.0451756671976544,1.8132478321374714,0
-2.68703342333803,-1.2728964538802598,-1.6810522826573,-2.0542864314684577,2.4875762647024358,0.14123483036070827,0.9042829859419539,-0.38360635447454094,1.7733903232682775,-0.22605355545342212,0.5766463530331835,-3.0559292512383567,1
-1.3138183311188387,1.2741084163595915,-4.788054136477715,-2.7683216583430075,-0.7718526339895939,-0.44576286876525995,-0.31502464688625875,-0.4540249534516252,1.4931950216043424,-2.0618515536785393,-0.5562880013661644,-3.2022716228977925,1
-1.7256494898377863,0.2613552334962684,-0.007311491887070032,0.6790368796425492,2.2052085794106233,1.6464935484026817,0.9139610282337045,1.387602501036909,-0.12510365263840928,0.18579862580662193,-0.23608442095040605,-2.534693441113199,1
-1.5717861096238233,1.2985690489784287,3.5993623844656355,-2.3794747954798314,1.0006239088434288,-2.751877185628938,3.062505317852618,0.6924595956249228,-1.0336419123746732,1.5190168256850556,0.606294993611155,-2.4591384839466546,0
-1.1392113371854298,-0.05595386105635719,5.369715551601078,-2.2171001384622007,-0.09644700107936299,-1.8879456667059142,5.994450334710562,1.8355000031030628,-3.459649498045319,-1.256788288513129,0.7073382320200621,-3.4162377041319236,0
1.1764896313824138,0.028998164513909495,4.9160787854742924,-0.6762299153698433,-5.290945326677633,5.509741507663759,-2.911322412428807,-3.617141631670906,-8.385991331875978,-1.7729317630922279,-3.723279450484273,10.908211344783135,1
-2.6283561303670453,-0.6312032627404901,-2.197491991980983,1.5656674094902798,1.4897288624292027,0.5676260553175667,-0.5456458285940786,2.9459036647720955,1.7084112228072124,-1.7005110511049306,2.083512849950544,-1.60580176708367,1
-0.7738789198272669,0.756361751020526,1.9880040208695777,2.034384718373466,0.9481914985000899,0.8688466627099098,2.7028227521040153,3.5606852619782705,-1.7394543487898202,-0.493951686038691,0.35772739338094484,-3.0180036139048885,0
-2.328832391952497,0.37982632803924377,-1.0258023981186395,-5.532642064601101,-1.387465281687483,1.0599306834499627,1.642838461900323,-3.262630964729172,-1.3486056273848268,-0.13229198454616278,0.05807987962570116,0.6032640911220111,0
0.7000222676216985,0.30122481006076546,0.9987793047127749,0.43561640962512527,0.29260799066568666,-2.1105399849584625,3.5693188536476246,0.9797722849645076,1.7102725745361427,-0.435999836047107,3.801246893882781,-0.9846704185621842,0
0.12885801059169788,0.9171104696406744,-1.3343913266795064,-0.006522812881522509,1.664942561945427,-1.4252525816064237,1.5017495799410812,0.11069894913390366,2.942090201251499,-0.8281382623257334,1.8261065397049057,-2.489087335015543,0
-1.1288701745889336,0.6351107733011536,-0.2999221988709657,-3.410623689532191,0.7937092340373382,-2.7055728985913694,-0.6890463426352513,-3.159038084693697,2.714064958009646,0.939568287694662,1.8333386872774877,1.8137919768427357,0
-0.11055231409213295,0.7969799925500731,-0.27549963699145263,-2.741305405300915,-1.7102960421787852,0.5205943908084834,1.2601684679116218,-2.753802699778297,-0.3533771008383317,-0.8302246601280682,1.4974690405033708,2.7093427525154117,0
-2.6155997117551903,-2.446258179915583,-1.0446656480530556,2.0232999826248768,0.6507591398245464,3.2482009365507283,0.42895867804591015,3.2810652622526435,-1.143097859672078,1.8641468989392433,0.9494459044164019,-1.0767852486299745,1
-0.319110024004442,1.8962579088402038,3.2226030261829965,-1.0040490670754416,-2.4043509906485596,2.2578822024178833,-2.020442573807676,-1.9885751425381133,-4.386323406784895,-0.1753342041747755,-1.7919246413409118,6.181458912215425,1
-2.1070048724042465,-1.8466721206574968,-1.5552793757075476,-0.7121195438471974,2.159932233653387,0.8610153182007949,1.0967223596551012,-0.14442775752682557,2.0056941808089217,1.2134276923090308,1.9540738237846171,-1.3986731594980173,1
-2.1014256000270306,-1.3862043258416368,-4.363434852942305,-2.0631702005250117,0.037187437611005736,0.14661596940082178,-0.3325722828709481,-0.013380881609475814,1.7830781695668005,0.42991564042310454,0.4805938245830501,-2.4645067544979873,1
-2.2448595744355204,-0.06541324562248359,1.0650957628119013,-2.9059466112266534,1.1407233285227198,2.348982020659676,3.66305834789888,-1.4208886462635146,-1.5269080934464512,-1.1506860540598596,0.5116109824913697,-1.3176623843361412,0
-0.474241224089752,1.0757848673533517,-2.078009770201902,-2.576609414104135,-0.6179341109975873,0.9789899436920739,2.081604024667654,-1.1112807150769926,-0.3493387858897302,-0.529761913250804,-0.6075551673707043,-2.5879266693694545,0
-0.09103697249081555,-2.0023638587748587,2.183849364167825,-0.8458752633689579,-3.4962659401874285,5.051642865343294,-2.2582937171499546,-2.5850646788647813,-5.87286101484382,1.4205375560211013,-2.8217145192208397,7.182946107504586,1
-3.865302855369711,-0.5905857406872602,3.3604646771613096,-4.364484703910562,1.9692789706130442,-3.3768984757728004,0.2657364166879569,-0.1731542603890417,-1.0254794893310166,-0.6483286413474283,-1.1693037659024845,-2.257437369942665,0
0.5168905669496897,1.1936671971923727,-0.867871667692139,-3.915670543479761,-0.17808618814104582,-0.47229283953098145,-1.4189911016831116,-6.16077239365814,2.0233209143793576,-0.43877988679477803,0.4987414435646603,4.434405016947843,0
-1.5070236527809597,-0.21733182958495165,-0.8168679084733406,-2.4197206852429543,2.2738175895216304,-3.2381007632322723,0.07307844125652285,-1.0935721160859013,3.3699771521333197,0.08556455901280538,1.3121536437009729,-2.0634031202371723,0
0.2943958907429107,-1.1363550488906535,-3.2431325719625805,-1.1506669230088844,2.232307458664144,-0.6800843394339926,3.426073729139855,-0.9462057229358523,4.091243992997667,-0.029666573636285557,2.212158999936961,-4.693632338551537,1
0.4153691102762227,1.2972624583865955,1.1035169875884143,0.760278748816004,-1.8032870635799416,1.3134790964203635,-1.1176739806186342,0.5049658688929117,-2.707836484617143,-0.24257458958265601,-1.51770099680658,2.0010756971894526,1
-2.8155443941333114,0.3121798718803933,1.6795804325507562,-5.064620156708071,-1.8312814297105646,3.609379901273784,-1.0953309953598656,-4.2503704128089534,-4.73177986100366,-0.1638625784105509,-2.59850366935754,4.743785954451363,1
-3.055491357588873,-0.4470320251564233,2.016837084223755,-2.1225205371322122,2.3137612628144764,-1.8022947879048992,1.5920344400732274,0.9309611245214602,0.001268212062071228,1.6183376270077756,0.5015756182353852,-2.849571873566665,0
0.6918831839292559,0.33778090556006785,-2.035992585838442,1.4755078706791218,2.460280074324702,-4.049006748046998,0.5478090973259228,1.5096498774755338,5.475792741965575,0.5343136232107373,3.011111294021017,-3.481299980067055,0
-3.0503208213994095,-1.4345404689804193,0.46464214165914264,-3.5379457779748034,1.6767588878135617,0.6748527669813222,3.1725234796708373,-0.8101695425830104,-0.5201862418350648,0.2201191954994289,0.5413187344892726,-2.8343291216312645,0
-1.4654541563068029,0.38763186200424027,0.040234632755007604,0.7317436010494066,2.2702430017573842,-0.7754696370064846,0.9459408629606096,1.7121313306737318,1.6207771120036578,0.10383002752866821,1.5296577562692064,-2.347083863992409,0
-1.6524938668914977,1.105296877355559,0.7351037881568185,-1.5071555574127615,2.5116633150635574,1.2075879354973527,2.5805732515954247,-0.39350280488305733,-0.2834361884175215,0.15264395751354026,-0.5305730770457437,-3.337777037677837,1
-2.6297089101612876,-0.4309423225365196,1.1426436578530976,-4.663754133406879,1.0568947643427458,2.098516959095849,2.471380681375297,-3.285353966703898,-1.6729061195044685,0.7897063276237537,-0.5147666345001469,-0.17508542016377066,0
-2.6935661830021864,0.12263831988532836,0.7681563560121498,-4.734198616392253,-2.776034198139027,5.419783691216687,-1.6033196164910604,-4.640234640141653,-5.411733442997826,-0.545305379660858,-2.692694598691451,6.229299376768423,1
-1.1083414264738762,-0.2518801358655672,-0.027573209596652548,-0.4642466818095958,1.8898717764582451,-2.929325555594323,-0.5041686110613961,0.17328151773725242,2.9534843617201987,-0.9992252288062643,1.9611977282445792,-0.6117822713944282,1
-1.42933290521656,-3.0531533648996607,-2.194409823992192,-2.177763587317244,-0.3056550879765516,1.1277309200581667,1.9195152929976118,0.15600096515528228,-0.6067436551831926,-0.14369511766217447,-0.6186716536528356,-3.425795215851583,1
-3.303955181474623,-2.4033455459053044,1.3188995982398182,-0.19484136135867902,2.399748062030106,-0.2373150392503821,-1.3584033220058231,2.1241446521557887,-0.9049683291628453,-0.13404321192638907,-1.652998529780455,-2.3713297832527105,0
-3.128828419535374,-0.16987421585123472,-0.8039472595727142,-4.435326179532087,3.1721142540651277,-0.6940931296869044,1.2930162537810237,-2.733141646777126,2.219383914115762,-1.5799231099948907,0.5907701140631728,-2.443547018412955,0
-2.5642224219927954,2.078467810685769,5.0086691265991155,-1.3882649485011342,-2.622596249126393,4.8190525010897,-5.090526573865453,-4.543422362756473,-5.209795018875088,-1.6582748556433111,0.30805621841976083,14.816302133592384,1
-4.212152649796919,0.4055752819663174,0.38716108224749735,-0.16484008759434196,3.099951285761076,2.6686060477314255,1.0693216474422995,1.7274746410224944,-0.6549208483147476,0.5151969964165152,0.4527868651226975,-2.2803042435415226,1
-1.8740112448451451,-1.1348180602494686,-2.5441668452431063,-3.777172978270298,1.5387232826788853,-2.594770384125746,0.06534547435089877,-1.8490757963278517,3.2526942737316724,-1.7241477899780338,0.7645374310622122,-2.6211701989092466,0
-0.663249592739496,-0.4224044618969472,2.2594815436766824,0.6760314909429632,0.06802842593692549,-0.7501220930241099,-0.25625099931723705,1.802645646906928,-1.622075082036634,0.540184472023849,-0.744676828259212,-0.3250401003889386,0
-1.5254545572426275,-1.4119269730140953,0.6425681233929663,-2.2613910430798647,-0.40414547192347317,0.2931125518894,2.6912998400907915,-0.756667885422674,-0.49906893295773697,-0.10219875662369289,2.252233100322591,0.5164700367559059,0
-1.4325193211564404,-1.0650431177837292,1.859647116217935,-0.6977536690931019,1.0613294766601449,-0.8613280889132457,1.3546412345115864,0.9388279556987214,-0.5591495337945319,-0.5194565435918242,0.42944590359245605,-1.372654674389112,0
-0.9731423251366577,0.2917958352904468,2.294792925808955,-4.550998522100397,-2.4273325895213635,0.7834551437966972,-0.9128412063494219,-3.822905612224581,-3.809604173145533,0.6590151193944407,-2.3450873738978792,4.134325037681031,1
-1.8444827597020552,-1.179948070647568,3.564927999290207,-0.9479847824193952,0.8692164482542223,-0.8060507521324519,2.2258280376798423,2.043844582663098,-2.7000404230449453,-1.3977692526995082,-1.0124620579515546,-2.8297722813168216,0
-0.7422128346776774,0.8081036962406838,-1.7107374613054134,-0.7994214206210384,1.82902930911473,-1.2268692982533047,1.5845842705221889,0.4298865715072364,2.3975384332540286,0.871292907591319,0.9167169362707756,-3.9268181537037514,1
-2.0383040339962792,0.2507306631465518,2.2321707714874277,-1.3393247673751467,-1.8088755491309982,4.482308891779747,-4.205304930373949,-4.106324221893123,-3.294535099354249,1.3403885237138469,0.0400865514790707,10.959941705088122,1
-2.3882140255369944,-0.8548996682102352,-1.304707685043891,2.193286079040591,-0.2325606103707265,3.1442066300592426,0.33497897522877196,3.188093422294009,-0.9261952174028543,0.6440258981101058,2.097638823336248,0.43073647787064184,1
-3.6572202146704544,-1.6152606770655664,-2.169144720917057,-1.5971693375679146,1.5721630209699442,0.11042354953444766,-0.5963258470142649,1.4114610067480013,0.6533841909382682,-0.47492083101584887,-0.3518879187535846,-3.3316847158485894,1
-1.108987515111572,0.3004042583827286,1.9127316103573895,-2.8023417356008946,-1.4627556159649433,2.1449653371378243,0.3763324700525754,-1.1742608106900283,-4.773988411113121,1.0268828861417838,-3.7914075899024846,-0.0019448562711178482,1
-0.056805668626436656,-0.20349835283139056,1.5699211028178601,0.8307278521220695,2.4253242267233963,-1.8194179441368763,1.5070412159336477,-0.4934349052271124,3.3126878223481158,0.8988356533839374,4.303600711472969,1.411794115796973,0
-3.6362629671888547,-1.5336976117469747,-0.10149928052277346,-0.43915539056394126,3.45523995997,-0.13429546486707689,0.28924658665324243,0.7333960025880375,2.3601440272948353,0.23630028694220698,2.709977108784604,-0.865222846278399,1
-0.8611988406450165,2.1757345271546606,1.2164701722752946,1.7740228164211083,0.5507600655604219,1.3067923908049532,2.5896087873711484,3.071779794860128,-1.4456640359584,0.2425943151419195,0.9202810012283423,-2.2209103108145216,0
-1.5319575152409313,-0.621061572688329,1.701222774792134,-2.3048954222520015,0.7087205260896983,-3.0754961506979064,-0.034158367029321735,-0.5822633136202926,0.7367193707571539,0.48633899377176876,0.9474825782774887,0.2080323491986155,0
-0.6671769144870158,0.8069493598821595,-1.66013426159407,0.9274333163827607,1.7268223318246894,0.46281058466932223,1.3962662545630553,0.5941643464666821,2.616602077886353,0.6656830519062612,2.78416894638959,-1.1722961014036688,1
1.784609456015908,-0.9086071545560518,1.2957693281998852,-7.726589175188514,0.4456600030633868,-1.476555213743297,7.020454133230849,-6.20351207476281,-0.6319649860752033,1.4514872938302394,-2.285861965489712,-5.422865553865234,1
-2.035202076011618,0.16926873632960723,1.2086273853367837,-0.3218212726577458,2.296649623572079,-0.6547885286100801,2.866089899368311,1.7952367602389918,0.5221726882816202,0.11023477038609332,1.635093692080754,-3.353687633776273,0
0.043132902827631714,-0.7002505045249208,0.013046581130767176,-1.4270803351758694,-1.1143931317071456,-0.26814007968668707,0.5106148166260811,0.3080873347875601,-1.9199369764708998,0.20401889879387672,-2.4103632703726405,-2.293143403906234,1
-5.198172129787097,-0.5357039346755031,-2.9546376876813625,3.2586921140457408,1.703810864797073,3.6680722218291253,-3.328212211030799,4.744893574418386,0.3103756994603311,-0.9564928417678182,1.6667688580270013,0.3526419205433134,1
-3.4972673136025314,-0.4940698419959239,-0.2928169514774023,-5.667537667772181,1.1587187253821394,0.9922027281330588,2.175366844681343,-2.9251806988597546,-0.7547782319749735,0.767181401798865,-0.4845704798329944,-1.7806570792514518,0
-0.7308675185330392,-0.05180496848515553,-0.8593424308523054,-2.3334012231787953,-1.393342262295425,0.73200872589349,1.4224061803097323,0.6183299470511714,-2.8131543669867694,-0.4075652553897338,-3.123724202009286,-4.002947350615711,1
0.32690313598875287,1.6082160464089545,0.6666663804096449,-0.8809732164660093,1.8760543635225582,1.3449262454544364,4.592205985416505,-0.9355452157560571,0.22706843886425052,0.5927763635211717,0.6735224441611131,-3.2505952632687745,1
-0.508241656924621,0.19860215984005244,-1.1510988339039778,-2.257441419643546,-0.1516580764800899,-1.3755003104678079,0.7142404671690323,-1.5552804008841896,1.6430227202986143,-1.3194621420146233,1.5671018543552497,0.09583065101355566,0
-1.0003166272079078,-0.1948998604463015,-1.4901095644638742,-0.9238053423587833,2.252671560079266,-2.3611907101981493,1.412352803989944,0.28449536076617843,3.510565977153079,0.0597443809950815,2.1269212880623245,-3.296671843050217,0
-0.3807945390718279,-0.09843277099911021,0.04818732679966975,-1.7107737051800735,2.0275206510634405,0.32239386540481463,4.182164170935636,-1.0108097576022195,1.0489124527876126,0.4448215469759183,1.0861657611280058,-3.567710277912866,1
-1.6984676640175373,-1.843338406164519,-1.0638951514930566,-2.9374412009928483,2.949487130901777,-2.8123068129472593,-0.15997231849061588,-2.012429399343831,3.7013073908724383,1.788386586237914,0.8678288266261538,-2.1358514307184966,0
1.283360529050088,1.8546807765557956,-1.4216271124373816,-2.385639369377708,-1.0278866222548364,-1.0815584463103172,1.7957828053383609,-1.6130591299895516,0.37643682119016975,1.1687664648766236,-0.8115446176496965,-2.368759855426415,1
-1.2767394704300283,1.3206404044880118,-0.29546143429596405,-1.9832926003332265,1.0689186879537054,-0.03762120579214301,2.9989202139232365,-0.6569393959496339,0.9018583504141675,0.6671425699280397,1.81513151470515,-1.9078365693636252,1
1.5966992363974677,-0.41412244246007873,-2.7454320724569232,1.699702535058465,-0.7946089583555176,1.120870003766556,0.5479061446849889,0.8207982380292863,0.9215191645868895,1.0298568458791655,0.30933501534574104,-1.3518483214119603,1
-1.4689520803718072,0.37009116042809437,2.1066979028392163,-2.013321188124594,0.27851668028869225,0.17478478048983903,2.605736522889082,-1.1430408849544245,-0.608603257391413,0.18376767932730628,2.3409044446381975,1.4373827018867753,0
-0.32444331153867423,-0.5613535079126699,5.549941000551318,-1.8386303858070103,-1.929751701082144,-2.0545639535517117,2.64550599850977,1.1091157272278298,-4.484875464578378,0.09879678747966673,-0.7750282926410201,0.09110494498426486,0
0.892244779874998,0.23733777412671386,3.316791225226898,0.09033059551685989,-1.4294279736001856,-2.1821365644711728,3.069548294946843,1.4133479049409958,-1.4129098770440522,1.1507752991009499,1.9120326358143527,0.18497824507504942,0
-0.853153157153297,-1.1272419983878157,-0.92566449583531,-0.8936283333331531,3.3780769364823406,-2.5271266351169395,0.6551342663497968,-1.085576924241958,4.631032927877545,0.20163729403163613,2.574741077679927,-1.783456662589013,0
1.81826168395394,0.2490333865445314,0.020003118200301317,1.8229602747561102,0.18436713808305383,-4.972690935930709,1.1550547704036125,4.207693488906691,1.2965463530376231,0.9902991226520034,-0.8084737562892832,-6.509282707402466,1
-1.8994859777001465,-0.988268110822599,0.7527553339988522,-1.2029468204934046,2.8832536383436804,-2.422359200352003,3.2134764661198885,0.8623223256665957,2.5688510297355256,0.9905862453140735,3.057833871573143,-3.454040742953729,0
-0.5752952283339414,-0.13603931261608013,-2.079879732486301,-2.509371195066253,2.4629155286051887,-1.5987167802179232,0.11167089870471658,-1.8464800913736417,2.789461300152866,-1.6992690809506257,-1.1872918867069295,-4.010448182114815,0
-2.5086280036280035,-0.4064832669144875,-2.897259084889291,2.106436242948087,3.5794458046343713,-0.35876584637124465,-1.4671145296227948,3.1838583744115585,3.378084212431094,-0.9888685733362548,0.8249907454084884,-4.191888428321,1
-4.336209388107798,1.5601685961655907,-0.8563436832886073,-6.987302089264919,1.7151023749602143,-1.0361780975474715,0.5461769636702758,-3.783544970358477,0.8997026602152708,-0.18980105884451867,-0.17551215332125536,-1.334734550939497,0
-1.966641626072727,-0.05879483955525934,3.4751551831514513,-0.2360898199678921,-2.1149135926205465,2.1830902485296058,-3.9529111148168665,-1.8967092672456212,-3.1179414210576732,-1.5154622655654701,1.1791298614897239,10.453947564594769,1
0.6736697036118451,-0.15315382577868056,-2.5361620478545475,-0.9181531607483473,2.573103437694546,-6.007765025506408,-2.783848757319368,-2.4457036818183147,7.735071406729577,0.4690354656719694,3.2222793917179704,0.6126863319092114,0
-1.9402757507003574,-1.4109260054552302,-0.763813129137785,-2.881662954678684,2.984083440254909,-1.0562392811808061,1.1351974157096172,-2.2439411569275394,2.9172141046847484,0.6711823150838129,1.3705445986592284,-1.7480452263770732,0
-1.229191150848207,0.09213819019111717,-2.6608117014910295,-2.9003874579186824,0.22003907567629055,-1.6369611735405571,0.7492682778355622,-1.4373006612693469,2.625046787648999,-0.4542297804737983,1.8449897694335657,-1.2402721550545646,0
-1.6393179405721705,1.1870026683748596,-1.5764269291294257,1.320723298772673,2.2468035847085144,1.0437879321267212,-0.207387982773807,2.532396247860369,0.5183979703752256,0.1908398825234154,-1.1960577846350955,-4.350245808495398,1
-1.0946166104082096,-0.9171349373711424,-1.1188657455858868,-1.1710905734657222,2.101644789619335,0.09251671273268314,2.5987171251758547,-0.012651854518298089,1.5316517468041333,0.34007859235688376,0.8009453262937989,-3.893526718274746,1
0.0303070549044,-0.3418804116116249,1.2395504492570648,5.833026883519314,-0.6544945454199533,3.8004651864725547,-0.817587158590116,5.822560967670961,-4.0870719353320695,-0.3523382584789707,-2.073097522180734,-1.0084651086901677,0
0.5688577758379216,0.40980944540442127,2.449376043152545,-1.2239712465393664,-4.872843129120584,3.494618275060801,-2.57100401847923,-2.8162783328990426,-5.712132268333255,-1.8229659266596239,-2.0362142813549386,8.618685492755473,1
-1.9483651920025804,-0.3987943024200156,2.0414428203413886,-1.1444730094369007,-0.10729046296345901,2.0030241240093885,-3.1079184485848645,-2.738823003993553,-1.4484677675894477,1.1807978519543223,0.19220447701157495,6.900059161721306,1
-2.1041645000951688,-0.12411426011412846,-0.19549952776762702,-1.5601846037211486,0.09824577246862343,0.801365541853881,-1.9532657520964665,-1.5164912233218284,-0.04417923905938833,-0.04514817516057289,0.45984817211406503,3.0703328714319893,1
-2.8391072675355247,1.7257421521077827,-1.0328587884592502,-0.9672490124948067,3.988926956397619,-1.621884389507987,0.3367299161868317,0.3056104895027759,3.712601022141315,-0.023142890964951306,2.0156129919379095,-2.9445535110693095,0
0.7158826563195839,-0.16638350168541371,-0.39525126031787694,-1.8467168665389808,-1.3265851219619293,-1.3497090966419978,-0.17767369449967063,-3.0296658795696576,1.7422150846576512,-0.44110688765486483,2.667990670692527,4.131987944502623,0
-2.393414503524974,0.5634356201198526,-0.6152162436103054,-0.2289567387739376,2.4153619117785405,0.2322166669696415,0.364295325810448,1.452455624339006,0.7213450821692902,-1.8872338265233375,-0.17512275966626478,-3.3343791533422205,1
-1.7742639538658174,-1.1662590680845648,-3.628672207320859,-0.059570915453051494,-0.07859850859323614,0.6570035164846151,-0.5847406082043072,1.2435874639954958,1.526602143541048,-0.13778882276705207,1.3421556545692432,-1.2327962545573865,1
-2.649075423692098,-0.04702632847678657,-1.10697597751256,-4.589419795002005,1.3670601410703664,-3.2191521262289067,-0.4203310861980054,-2.8312034401532293,3.28363624519156,0.8810264147358382,2.2238331747246223,0.38594471685673115,0
-1.625181984846475,-0.6945420190143883,-2.49462807545977,7.1948946005099215,1.1851964162669486,2.9266450276602054,-2.193517282139635,5.141118139241393,2.8075277682754236,0.5408448727687583,5.675731965967293,3.3642549950039964,1
-0.5591561344324129,0.31778896536297924,4.491354475860581,0.06160179026579404,-2.3137983751048328,2.9531215042726418,-3.085412147159717,-1.9562186974413116,-4.849393060455566,1.3874467233730277,-1.2212632949753977,8.85893175301334,1
-4.656326607264727,-1.4683880988634814,-0.7868818300553744,-2.627621381591471,4.637368626597916,-1.8397227022711409,-1.1676482671272923,-0.19737194878240683,3.1178975556647477,-0.041937830814553545,0.49733732490448324,-3.152625474590822,0
-1.0393825070355114,1.0399283774411603,1.7135623316687436,-0.07517494111301706,-1.0099903349491464,0.2952925230153597,-1.7948535180288867,-0.007590664286105442,-1.6761726894927391,0.557611623058457,0.03954862405994941,3.592796429465005,1
-0.9965181380503725,0.15631963485955114,3.145246684660889,-4.106013762975219,-2.7330381502484227,3.4454274100613898,-0.860878819450529,-3.9701679677933894,-6.16472567289462,0.3304196303335733,-3.9895300792075803,4.800506870715906,1
-2.3791607696841535,0.6746659834013994,2.153597003561152,1.0795163101119496,0.5162983947018369,1.8533957681250768,-3.0842034509485976,-0.05083235683358067,-1.159254328109596,0.8432426782025493,1.0486946276307603,5.792605755701311,1
-0.7419546978593101,1.5281877327155882,-1.5884823630027287,-1.5842719474746865,-0.4243405306196564,-1.7732820443679072,1.6146105203450964,0.6338848012778868,1.2045992794353708,0.9986470356549519,1.4163032652947813,-2.44674618183181,0
0.005642515986347574,-2.266652237186493,1.5151400373237671,-0.43395837744182897,-0.11551414142182792,-2.1329221507374028,1.12301488435474,0.2629745222647468,0.5349785769528742,-0.8874727777887323,1.813330795334792,0.4592750279258003,0
-1.5346811484554614,-0.67303004867265,0.026339269948967958,-0.29344437473589613,1.9082836559649827,2.7288804702220504,1.1857226026811074,0.16522127963860656,-1.0907475209463944,-1.5138313627581466,-1.4144749942633228,-2.43517789745479,1
-3.0566430262553235,-0.8585336957421821,0.9189773984824807,2.4704916445335807,2.062330202864472,2.5249998626043615,-2.4580705761608206,4.014063237821067,-2.6799991883758443,0.7342435832860823,-3.281457345706234,-2.437166239277584,0
-0.3924429878904052,-0.20289461001152043,-1.031099866002471,-1.424623717422387,-0.8365913702578367,0.6852772257539648,1.3926811256370686,1.1405040633405081,-2.266071854406905,-0.5932039349334748,-3.0721163661600746,-4.645090697577504,1
-2.9736926725872057,0.2224591911045106,-2.5002907081080643,1.2993794166156296,4.6040315460996455,-0.6410161295430491,-1.78762352452122,1.6574349771736288,4.4783276160249725,-0.6334078877228942,1.6466225529492498,-2.8636783672536574,0
-0.07979780021700544,0.28826835374229315,-0.0652951343256678,2.8134275592892335,0.7639798946147924,-0.07372459649760676,-0.7367657227704603,2.540760427928039,0.6882181587423968,1.2689959751427082,0.7996316361057219,-0.4762569166512955,0
-3.1984272946868026,-0.18921999302381204,1.0936280153033577,-2.852829848977002,2.286048550598276,1.8032415675935713,4.363582201550174,0.270189707209437,-1.6377285136471706,-0.18467864742656953,-0.30999780722171755,-4.702467853388149,0
-2.7792756148485926,-0.06112862975048858,1.8380390429380973,0.8654379634758023,0.8927638367127415,1.4379305001551497,-2.7774337260504485,0.31376196642476306,-0.7299701518125588,-0.5482435614472456,1.2684693675131584,4.796646244803522,1
-3.797384200914376,0.14055169765179545,1.1685553303174083,0.8541725732334989,3.71107861489084,0.47881685312023425,1.118568407854509,2.6385610496372687,0.9115623192517242,0.6111337683260756,2.0968172803394283,-2.215925688884878,1
1.9916335887430934,0.006392703086661027,2.8989227824423134,2.997122692132316,-2.1203692815938426,-0.7759743780270686,0.6217975722505733,2.8226621324164762,-2.3475191338336856,0.37291855614084257,0.2997469716489516,1.2979448230348583,0
-0.9423933949891296,-0.5703806475999041,-0.7446227965916575,1.9630282698454007,1.1308034983158939,1.565579563774618,1.155891179244854,2.323273690733938,0.32076092113221205,0.5079255532797956,1.2211226861544027,-1.7581446705398007,1
0.60061723676531,-0.04431540442582292,-2.779491935995126,2.2817781097376852,-1.3463296727206873,1.4368773378939967,0.10057479976086414,2.042187274402534,0.48623565441436917,-1.4974449001980699,1.287732470138743,-0.33471049018389254,1
-2.917256918409801,-0.28349836144584856,0.755828257583528,-1.2060632632604409,3.2222948343019295,-0.9172400131022849,2.0118050025455285,1.1803976038223225,1.1531813796480874,-0.6206160240360316,1.078114427659411,-3.8195448336638176,0
1.3128298706472668,0.2108073886966249,-0.05728531402450776,-1.2332915622496705,0.21958360614458594,-4.1631432300313875,4.118470360054586,-1.3963219411604915,4.6628137894347725,-0.6398760859995294,6.529748264790957,0.5685749934075894,0
-1.190485253247079,1.4839021480535308,-1.973147820640306,0.06428278395102413,0.9847285401996261,0.09954668109312803,0.23388113182992287,0.633190498282552,1.8289319523927188,1.0560006330284066,1.5242725234242829,-1.2351287464788445,1
-2.1831930751637487,-0.821467931440074,-1.6645502777301764,-1.9399560994471858,0.7737426557780533,0.6660279236874687,1.5608870618651447,0.18151230028763243,0.3532255249600105,-0.031361871748224725,0.49679717729980744,-2.6900533005487413,1
-0.42444444163969264,0.6743351210768616,1.176883282201347,0.30910727089861434,1.633144646459865,1.2305999625294752,3.625635748742873,0.37870159381230906,0.12900824294827343,-0.4212298772203871,1.8547541936353413,-1.5980165932086203,0
-1.7017009761925668,0.2072472817649218,-0.15207273305523672,-2.897996708466144,-0.620668475878385,0.020088574413475557,0.32453036052853235,-0.47764715985509587,-1.6875568519055717,0.8980791607716266,-1.6721358254515495,-1.4970969012056528,1
-2.0733045810764006,1.8766196445828447,-1.024967153682709,-5.062598197419056,-0.02972888799744866,0.4773116198666443,0.8788261234685913,-3.9100646207180514,0.2467196995620244,-0.9538348580781012,0.3997800998184653,0.9095962137424749,0
-0.40555073391014773,-1.088342896389946,2.226191892837276,2.982814219861284,1.6023351305463314,-2.537004683605203,-2.387698168723021,2.2236685812332153,1.6849253717132542,0.8206132959788628,1.8578992711564635,2.0331068693733108,1
-0.5476886777451907,-1.0398979456854378,3.6849489014019143,0.46390431583656666,-1.6001122266806613,0.6188320402070211,-0.5472247520956555,1.8608245031536748,-4.725531788571651,1.1979949812971982,-2.5323147230008747,1.0093699450471145,0
-1.993817247419231,-1.354121366772979,0.9836769976653879,-2.8516581397707115,-1.4704494917186912,1.848630348700073,4.025450575553845,0.2806787945987588,-3.3696028706152967,-1.1382772511627042,0.3637146719670947,-1.4173600840365568,0
-1.6219350927169554,-0.14803939786734333,-0.19545507759967062,-8.196838058384989,-2.7979218829982675,3.8978715340474075,1.301029975829347,-5.94140105364504,-5.834489972607459,0.14363139624127488,-5.835552717516231,-0.025415292150886226,1
-0.044058422226738836,-0.5598791255777328,-0.39703801561758456,2.162205486722921,0.6137683108783439,0.4859507946661745,0.355429848379474,1.8194083863041657,0.7853201083927954,0.4225599779326877,1.4369101805908782,-0.41377910668665,0
-3.5388162269846832,0.3537110435839016,-0.6749140150979138,0.11505836973723357,2.8182642352409477,1.226935712579261,-0.052982284589887296,1.7859043286759522,0.6730450989898621,0.21574385563051252,0.5811041036294373,-2.3382656444674086,1
0.42264100124597137,-0.2441749672458623,-0.4417148508500428,-1.6166226778253825,-1.7897001670878692,0.6905536907905107,-0.5313933741691804,-1.3684753321517138,-1.7008057968973982,0.3136047311824456,-1.9002841462805895,0.6928570055419498,1
-1.3612357093863459,0.7871317844537212,1.233583395951166,-0.48254777417291395,-1.1996746141805923,2.227597377248909,-1.9297568369042262,-0.8542134772464108,-2.5464155675015445,-0.9037403336472051,-0.6783386051183002,4.2515768473560005,1
-2.5595656077920133,-0.4664110277840875,-2.6745858055847513,-4.878968979282498,0.3313249555954808,-1.7832942580858724,0.573212441414966,-1.928443743310164,1.8080943799593403,0.8442587416581412,0.5457575551544479,-2.296240796385618,0
-0.2135300256944649,-0.013958586106317056,-1.899494901935491,-1.5783223162248594,-0.08629065118712487,-0.404013074497503,1.49032455256812,-1.0542027545986152,1.6531580494850482,0.03429867417260935,1.6474051879496066,-0.8746122458455429,0
-1.632788204872167,0.5221644883672146,0.561706309713249,-2.067227818683745,-0.9900012726553902,0.7266498485723967,-2.1730936899721165,-2.253616526983108,-0.9588380147593237,-0.06597617189732968,0.20817203887249813,4.647121452047017,1
-1.6212469268019998,-2.6910086026923334,-0.825105849003881,-4.753117587652657,0.36986624447208727,-1.3098437567955352,1.3921711199333366,-1.5551294763902324,-0.5405904285702603,-1.2694767664559643,-2.3862964237013875,-4.329390106465745,1
-4.83893060872852,-0.8456124340517521,-4.1246779716052675,-0.15920702876310708,1.4648502861079278,0.7818620939395879,-4.1067559787587795,1.7715452184424658,2.2111756238351297,1.696904534519053,1.1649644361273295,0.1377489604187027,1
-2.969912203107387,-1.7786611203604923,1.198252201606152,-2.6721405833416534,2.161432120136627,-1.6492809029026485,1.1602827325268672,-0.16501186743105545,0.6920286083153386,-0.25626130699103494,0.8666950088003977,-1.9059455589995826,0
-2.465353423215853,0.16660334763854637,-0.5291207939661783,-5.8970060727528555,2.226446451314704,-1.3203195001576244,3.3873795152946142,-2.667909681913451,0.8905570021694607,0.9608706536483692,-0.7285190741217562,-5.169649094108763,1
-2.845002834628377,-0.9755514636113722,0.5954204918902908,-3.193094967042009,3.947523396340408,-0.7357118503728198,1.8407735755605552,-1.5488192344251452,1.6733560606505997,0.3727922767783118,0.15822431152037542,-3.478753545473139,0
-1.5349787301821478,-0.12253845457474623,0.9307651795869195,2.309014421715435,1.085900097578824,-1.5688147239061212,-2.7483469135622975,1.881384702778173,1.8379194007426605,0.7992946213487437,2.812054315237697,3.1996605542420977,1
-2.144957657040571,0.5839183658995598,2.301950333468038,0.30583812865507404,0.5833497394235996,-0.06592332741637374,-3.1014346494698515,-0.5791075768572496,-0.029176996583727247,0.5757017249448352,1.732734426163663,5.823900554506805,1
-3.860968056999937,-0.7107192704878121,-2.6693789450401715,-6.506078320320282,1.7729567153673633,-2.1122261678228536,0.19157982475403434,-2.592984299263125,1.921323728065105,2.4194662369729167,-0.9561878029127355,-4.124106859735932,0
-1.1851543208427149,0.21127797753748268,1.2638975460120403,-1.3202498516694459,-2.21757625229539,1.6829903018337833,-2.000861684027527,-1.4777686324103414,-2.7640330345340556,-0.6406658102246122,-0.3947017728583623,5.288368053396768,1
0.7195918279289719,-0.03404582877130695,-1.4294528957906016,3.5552632878143915,-0.9513407700204393,2.2118488888895644,0.8297009099908985,2.8097943041165125,-0.14826862681861883,0.6486766089159207,1.8299715355422916,0.1543149402679647,1
-3.9501028727310548,0.6867879479792571,-1.4132449869943184,1.245247045900079,2.5327798545472655,0.09902792927199555,0.19996222023512433,2.375724208583936,3.3498258317626997,-0.5282152200819551,5.583536143496338,0.6766829836221586,1
-1.449049021971093,-0.13863315034997217,-0.33182294716708327,-2.457434352118851,-1.040421691743529,0.9218119193813589,0.3955027275755485,-0.2176501632404897,-2.382241965501845,-0.4697798500837905,-2.129626991866549,-1.5014169645226594,1
-0.8869661626252293,0.8398968856768321,-1.7182063969218324,2.0200499988448404,0.592009617992484,1.607195930294548,0.5530432282051592,2.534508717255451,0.3982451168513598,1.0933925017752124,0.9470651594854193,-1.86322052762567,1
-1.9818927310284575,-1.1949309080159458,-0.521191984506084,-0.6630740329438561,1.9144080036174356,-0.3274669170184048,1.9503868656220322,1.136436887330288,1.2337581963029725,-0.9172104060466645,1.503064251008735,-3.0382764858061946,1
-4.0623998643493175,-0.9463325249453564,1.8317779947180444,-1.7527453336074883,0.553006514279228,0.7765344792764055,-3.5201553517767694,-2.0642005862286705,-0.11456325762628075,1.1743361656543438,2.4610659594798054,7.574554143090235,1
2.224731217293714,0.8585704212613319,0.7244101887050525,0.792086290814287,1.865996711116038,0.6003941735703066,4.654313900816515,-0.4199883710729968,0.9698605002516046,0.5319346697351314,0.6149905669461203,-3.7470347847922367,1
-1.0019918890372133,0.5278001164508673,1.9957997109022554,1.3113050977193845,0.7981370122279374,0.36784601383327575,2.8673962711053558,3.070202581534835,-1.4209598768836391,-0.3388956749124193,0.9500903381721882,-2.563528725941489,0
1.3254132058936998,0.030867374544816535,-2.20079399411975,5.599040129599572,0.6179436704560602,0.8579039969669735,-1.5147668377784755,3.3246593230267845,2.484612011267036,0.428895853958112,2.189521773555489,0.3608635792712838,0
-1.1351273951297989,0.15421758588959356,1.3660747703283866,-1.6892080270613372,-2.4717808064001465,3.1905455128843987,-2.3981316116953697,-2.688014957426948,-3.5904369325202503,0.3460670971271343,-1.0857473767482277,6.689003603436805,1
0.5036451594065907,-0.34875148195120576,0.14485352975322385,1.1909689965798065,0.8998192877259658,-1.9498420625334714,1.9133888240319492,1.4883827832650194,2.1059734592788644,1.7929964207377878,2.6592262647568483,-1.5997876637121413,0
-0.8282189332977288,-0.7146571163198135,1.6689173482453972,0.3717400936528208,0.3239664688886169,-0.2840185891159973,0.7032876153779138,1.4299212710332778,-1.0417736941498101,1.19158839631512,0.1833353361456973,-0.5535861457910929,1
-0.5275929626181388,-0.9022443895664753,-4.205067655442756,-2.226980604312278,1.8594050808221954,-3.6040656522047785,-0.6579516594846437,-1.1134010797191267,5.186002737052769,-0.7891622212113611,0.8712471570996853,-3.923143476377462,0
-3.781765883069845,-0.29281022938155066,3.5787842169118305,-1.6895489744280079,-1.0722426844524309,2.6095781733131673,-3.6907143491064787,-2.3456171606460474,-3.2146150646757796,2.123894714405116,1.139812766346701,9.851286238403452,1
-2.184341108859207,-0.21549777746110094,-0.6205916832031599,-0.15434123981475253,3.2094374073957264,-2.2561923711168994,-0.6489634990422397,0.842657681674891,3.382344913664173,-0.7361285703771391,1.748383524058645,-2.0150505462878927,0
-0.45123567675478604,-0.34316006654091114,0.3571829830014922,-1.4401346922627725,0.07365419552372066,-0.7926496241586349,1.6006864040636184,1.418344407126025,-1.88285152065233,1.0177082649330014,-2.980585392827948,-5.255577225890967,1
-1.5589791044818206,0.07599942065195163,2.582098075617897,0.2569524821484067,0.6451837290181727,-0.478753199882918,2.9895411067852575,2.88344129004901,-1.7024104542911738,-0.267892441698304,0.9454647448845054,-2.5837628740153185,0
1.0674087002158557,0.12480711661209205,3.883723506609935,1.6726812779236027,-2.6157614824209707,1.4662131198665727,-3.3695187633152557,-1.0407713139500425,-3.4728340140447043,0.19956912660451206,-0.6066185069953649,8.39577381168426,1
-2.6069871056790186,0.25328850750810883,-1.466839954064966,-1.5369059928213569,3.87692369530453,-2.0278634452232414,2.458699220909707,1.3016025055762757,3.2378499914254095,0.2532395644044264,1.3080946764740995,-6.5732899554113615,0
-2.5424618788032007,-2.0387412387188544,-0.8244103220961481,0.1626404158003538,3.2910427678744423,-0.6845851918991519,-1.2095735674210897,0.9037474397182037,2.4490270290536125,0.8122213110878965,0.6808376143912314,-1.9088203654155487,0
-0.8892116245826291,0.6129711219695407,-0.6572936592355865,-2.3365228711884223,0.48409383126041305,-2.460735589768337,2.447641505934654,2.094007861093422,-0.7520096549093347,-0.47542522971599066,-2.700779858607294,-8.031944372284034,1
0.4644136025973038,0.27835285624693307,-0.37421807934391893,1.2834513007058104,0.7730683545611965,-1.5635513620514665,1.0206061520507084,0.782851668886178,2.649672872777822,-1.7163301304687766,3.213355595420733,0.046936091814523545,1
-1.5355397792192955,-0.301550042034986,-1.2092007872082764,-3.162723067739809,0.5943692007354934,-0.5014144098480962,0.6065428561084135,-1.2453121097036381,0.26940986909014913,-0.15492820364735532,-1.0472809521273951,-2.50420106948497,1
-2.7654053774011333,0.3344833428249796,-1.1436451906863632,2.9545669038655804,1.5215378837426443,3.0203242321281016,0.15090456156616594,3.430987689178208,0.2956405324872888,1.611931505752672,2.5218228732185763,-0.19062448182765634,1
-4.1984076529236445,-0.3834098626752636,-2.364220204267734,2.711350671457052,2.1308472593900856,1.9081880763711725,-1.8678492590114282,4.2100892935846925,1.3691279418006264,-1.2805188464017156,2.277882746500428,-0.8380970937578786,1
-0.8956913904050248,1.2884890830729645,-0.29137922384817827,0.20298324855424552,4.13486017846675,-4.171325128799313,0.37356137946426415,0.057519176340653067,5.869405489072929,-1.8077192017126418,3.836738980940212,-1.8374419282405086,0
1.537304504393356,-1.2640923912293665,2.348347570194054,-2.2615591001837134,-1.7058381325557501,-3.3174882470526796,5.785581372604811,-1.319991089735298,1.0035531286430084,0.533018294658033,5.23681908247814,1.0402541736138682,0
0.22465550614445373,-1.4088673348266743,2.5793168282178396,-0.9133129024540498,-0.5355860601344045,-1.9359897995122637,3.9104055576632595,0.5476436733131375,-0.39704392422591656,-0.4270741405353049,2.6823592643416587,-0.4674054280446045,1
-1.3151885155762932,1.4542014437483939,-3.7738702062882252,-0.8804080778885213,0.23683210195883198,2.1835278467786345,5.34551520197471,3.6623427682454794,-1.3740134799507961,-0.7932778296215934,-1.6991905099515574,-10.447588455006851,0
-0.29091808824729326,1.1456287761715234,0.5010555288346412,-1.5233181074060285,-1.5568293040985115,1.9143974052571227,-2.4351719020108424,-3.1794056501391665,-1.5405080015520423,0.6096915141436462,-0.7006086925821661,5.6338601770349115,1
1.9671880047644066,-1.8520251731335842,3.1899668303247535,1.953603426712243,-2.9989288567484493,-1.3585083892087177,2.0765904340856056,2.428469909001375,-2.4162289789946736,0.09074445220133684,1.7169125108431,1.8264122783305863,0
-1.9690730049469416,-0.005752326861869389,1.134032708930105,-1.7569262376111516,1.8359324952458707,-2.922516508827873,-0.5116456314934403,-0.0797166994664622,1.4549748612664337,1.5424791587644333,0.6414364497316787,-0.9260562189039644,0
-2.1286617903113183,-0.08248376128586374,0.9957213649614142,2.7538942741809724,1.8244972213961055,1.37755475940527,-0.7131551380528334,4.199481717921534,-1.5533747914984917,-0.1928788826812376,-1.2908453617363584,-2.68731583206282,0
-3.9843443012705686,-0.05767533118721418,1.2036516869596665,-6.7622620463316245,0.333099279161995,0.8711683694436625,1.5485691827966823,-4.289105813744306,-1.5575457735756661,0.2996536572444504,0.2189637100747882,1.6068058472802396,0
0.015314565731346486,0.727471182220307,-2.092304774325361,1.5076987641366957,-0.3392988376542987,1.5634016584017552,-0.17965565160357055,1.2566677107293667,0.32321158278335343,-0.9362077057828601,0.40068199826702366,-0.5848694272105905,1
-3.7218820087171567,-0.06515689606077243,-1.8788452806963702,2.242148645257727,2.2226086609868734,1.7064629109738632,-0.9261688264160026,3.558505159802956,1.4052642206876316,-0.3798083801019676,2.40394658833434,-1.0460475810640086,1
-1.2552580068297616,0.6901182165598503,0.05874553749427025,0.36280655754551416,1.9578654726516072,-0.6287373622382826,1.3063026769960393,1.1358674847062258,1.5854719942413946,-0.7493707557665616,1.8418188387142185,-1.801786650007985,0
-2.3269571080456197,-1.5524907198977282,-0.7846733455688599,-5.087415849516379,-0.8558324420908199,1.2835294376512265,0.6816894759042365,-2.421588687788298,-2.4065678392086545,-1.5652955334061092,-2.615379176326514,-1.3854362921488002,1
-0.3093223154005107,0.4370596920420532,-2.866389846194365,-1.9022609631382856,0.07593487979809055,-1.3106573159549848,0.999269612104157,-0.7425582538642463,2.3090250521610334,-0.335199435145603,1.0637074605865435,-2.3410947373720044,0
-0.9448816481679269,-1.571114525558216,-1.7964754889132337,1.6999090703308153,1.0026254115323827,1.2690166763667061,0.740499989114062,2.1819762266072296,0.9580878631844019,-0.901010097134983,1.2069348872715089,-2.1006354258854127,1
0.26738112677709425,-0.4043146435264169,-1.2554823497135372,0.04031073178119837,0.7678917509094287,-2.2674833428579015,0.2692371492675113,-0.7741334523014793,3.9392299313293098,0.016102245981951847,3.8656577689818494,1.2022283649078487,0
-0.6869772169655569,0.0446679336250836,0.5836522967967288,-0.25273773744861755,2.3431712571346166,3.2727578005297007,2.5916139540338663,0.3823877268517255,-2.1599590174368215,0.21355632260131333,-3.313303787919124,-5.123482928781164,1
-1.492051099967741,-0.7344437315523875,2.5217521823380054,-2.2692657518402033,-1.2369471515571833,2.4035560285267423,-2.117458859936402,-3.0273246052417013,-3.3861158952571726,1.822721358792482,-1.523424580138472,5.81791190248547,1
1.3528186926895034,1.9859847097641266,-4.343393712418982,-1.2656458687959968,0.8423694647207015,-4.1732670715083175,-2.3754361379927946,-3.093814693251523,6.898569846041193,-0.4693757875065995,2.840749012557714,1.0239575969087475,0
-1.8769320422579507,0.9594153804548418,-0.689532095674538,-1.6930976984436017,3.34897176797784,-1.6226540833456564,1.724166724212608,-0.14862905215119881,2.795281709095437,-0.5062697845869253,1.0501966929439561,-4.174389711988159,0
-0.7951125598955956,0.7489837502894441,-1.7709671690040547,3.545391083437632,-1.6880364553290417,4.020264127169972,0.10028637863945145,2.5397743730588545,-0.582791791983226,-0.09512167468937863,3.673859244390081,3.622055719068379,1
-0.16535227597925628,0.8321913117705325,-0.8112764215716908,-2.5127330515123116,0.21164564302579125,-1.3402391079933027,-0.04250305260666121,-2.7920714836499156,1.9346477260190371,1.036828257644124,1.1643230077977331,1.194968174555144,0
-1.7049215394065151,-1.6602452327207333,-1.4451926518253164,0.5318432461513841,0.5429291060993375,2.128978839233776,1.0663582658527297,1.4254239334099805,-0.06828367077436433,0.3417849719227368,1.1368905296436975,-1.20416807442049,1
-3.862647713448947,0.9014207805347969,-3.162552837967369,0.286431648696651,5.356109952849097,0.7081974549199026,-0.8773635276067939,1.010033868154017,4.332986279966596,-0.7772019040482419,1.3161159509980471,-4.024322388550183,0
-1.536225667896665,-1.2557099597957317,3.0870070546323047,0.6191166988778838,5.791925289036021,-0.3332025394412439,3.1213417051688017,0.17904874350996014,2.286227715953981,0.3602504564119012,1.8747985079225002,-3.097580481689034,0
-1.5148753109170014,-0.7858849345832505,1.2145445051420187,-3.0488931047585552,1.8234874696866097,0.5197933691194421,1.5236441093825288,-3.2426057445995777,0.6170290156424658,-0.1730186219974079,1.017522385637296,1.0191717374466807,0
1.2866686350281713,2.635802651990737,-2.1566419433651984,-0.8819080783533726,-0.37966729395117005,-0.43418117113641275,2.7105272094418087,-0.7276155506000783,1.6677086362840126,1.205465221990526,1.2913479362441984,-2.3850593545485834,1
-3.508926900048727,-1.2438547031024916,-2.3653452533007897,-5.913793412806406,0.18492772990715944,-1.3437564865546228,0.6431254499386437,-2.754524878052607,1.5429664573404789,0.2358651610112484,1.296959460023327,-0.8262659581111989,0
-0.48251584786268586,0.16271325479179766,3.6610828137612605,0.9216830675668396,-1.7488954347267769,1.5526923330927955,-1.3135018141500818,1.0375964648423006,-4.474918453851306,-1.2604937767192725,-1.68486712846757,3.5121098450846384,1
-0.6956784576658581,-0.5268843351804244,-0.6808763806051243,0.9514056639343547,2.4449749264440337,1.361502440367151,2.4073757625562555,1.1645630749769826,1.0688717482199925,0.7599524183793762,0.7640402288615686,-3.580390342443204,1
-0.9533084016446215,0.5954997280830951,2.3771112411617885,-0.6456031691625397,1.15405414704739,-1.1885503515045481,4.839762762685743,1.6087688194105556,-0.20915600243127394,2.012281004744113,2.485715029620696,-3.0245929735835326,0
-1.1609410952994277,0.07521316993003022,0.7093132028581695,-1.3526627743190465,4.192230326030087,-2.4414927185125377,0.15809367340530645,-2.5058983906703247,4.619877164790411,0.048401595700274726,2.8114502487795825,0.3201735807487392,0
-0.9955517175710387,1.6586914640258899,1.2080548266219417,-1.0363663267511634,-1.2100382210718335,1.12705571874033,-1.2290811656243736,-0.7252133321717336,-2.3364425533087942,-0.43505776967291376,-1.0365450321187446,2.654480464668936,1
-2.825844169032754,-0.33373326122176056,0.832807818359703,2.0247815340339193,2.298086823006117,1.5129736431215346,-0.5023776778166649,3.8809464775562024,-1.415476792571465,-1.4223878378744623,-1.2842675075291778,-3.126289666798703,0
-5.196156371129969,0.03799210646820915,0.2646216961496267,-3.8582318518309964,4.916850203542023,-3.911132815389278,-2.1318474496959308,-0.519595554304271,3.203179826560187,0.17438762900768426,-0.2192387480439113,-3.2611648830708946,0
-2.062419117521446,0.09252497433911808,1.1705524277515746,1.1531086273355633,4.281500125118178,0.8043445397964955,1.578559251147158,1.0391450755990466,1.7435205790175397,0.28875107118531673,1.7529342852489573,-2.0864515377844217,1
-1.8883700014040508,0.11236054167956992,1.97473238625191,-1.1824119124322205,0.9624308034052103,-2.7479151489656575,-0.4429245074530559,0.8668895982542726,0.17633595323696313,2.132563088626809,0.4792748364761904,-0.4360011525126156,0
-1.515345327777478,0.0964196303442485,0.29686720033674896,0.5414590344855118,2.957529687134799,-1.4898170545707292,1.554547216656257,1.6731520493573162,2.3290210835746694,1.3921428262538251,2.0279870869481647,-3.065886425640411,0
-7.604719714660035e-05,-0.5727857958199915,0.6044288738339977,-0.47685804957040406,1.2160937552554132,-2.6020661332527135,2.4696235490735656,-0.07008036886803581,2.7249848714130005,-0.8241533934996162,3.602416079877802,-0.7104014826754133,0
-1.8439881321552662,-0.5880156870690871,0.4512477921828548,-4.357848948546092,-1.4775504978534333,1.4527362623948892,-0.8350351607337563,-3.376667602493435,-2.543599549787764,-1.0302654650134766,-1.733666276695669,2.760614387594593,1
-1.0893874292520482,0.4176549558473743,-3.783247477248983,0.6972528736134619,0.2533702146454905,0.8194428341041793,0.0031215846454433205,1.3684855957023172,2.0706715910956226,-0.4147522107357576,1.7467868612695692,-1.6413943837785345,1
-1.8715895669203855,2.2462578469049146,0.5650444441615196,-1.9926025437696913,-1.5236564904574585,1.287127229406508,-1.8921935845483204,-1.6853138127073712,-1.8254478015713493,1.6011825126237147,0.004896387388331647,4.470244352161837,1
-1.437871558636356,-1.4933273559130715,2.88661446029283,-0.8126221655236588,-0.8989266096811246,1.1147348739607437,0.023058161270149258,1.0088829284047887,-4.23386139962263,1.159693204342042,-2.4129126842179613,0.19423055708425915,1
0.6509314676132909,0.4011023688025716,-0.45172733755741556,1.5305210096766462,0.21883932529508932,-0.9459778531346434,0.6537919497449228,0.8397066698646117,1.9787390975579864,0.33688911091927953,2.720971145722008,0.5400382962507864,0
-0.3592005415441405,0.4003531792460131,-3.371701196222342,-4.324816622291537,-0.8091786016580216,-2.9290616501447073,-1.9878433650610734,-4.379849283606213,3.844713117790067,-1.0878584215320681,1.6685888482102675,2.3763985715200913,0
-0.6575303153658401,0.4368787714413325,-0.8605641396088126,1.7172227695211149,-0.05397186962962386,2.6122861704442517,0.9529257519291349,2.2030657283678385,-1.2652009214477498,-0.6142649657876316,-0.08820493202575785,-1.4852988841035368,1
-1.445794168213542,-0.535610611032685,1.941365384519469,-3.9130333472159484,0.9664173328822676,-3.5331655743754613,3.5752037906861505,-1.536903742280453,1.522551090689565,0.27712827122162526,3.1190399324876648,-0.996058929469693,0
-1.0110744880456803,-0.5480370485127964,-0.7843410029338368,3.113728789658311,1.1982207478370008,1.8805195395712935,0.033217871296132406,3.063591115119346,0.26883749344322855,-0.08617762078725436,1.07431436882688,-1.1226100968813362,1
-1.9507036943681078,-0.7663947787065645,-3.156711853629566,-3.151382011118147,0.8415149045035402,1.1984436350641,2.974751549437959,-0.39896980423045103,0.44054367194717053,-0.39378876019753817,-0.44993835858824593,-5.377119103276811,0
-0.6785978358460488,-1.2658375895928529,-3.041179613259559,-2.608444658654383,-1.4383953549378095,0.12003303052680203,0.7322568335226312,-0.4993707179224578,-0.16406076730231692,-1.1743750196858858,-0.8823498171536379,-2.502494528226508,1
-1.2905575587560485,-0.5365266011739941,-2.1355640154032685,1.2506328963969373,2.631992956306825,-0.2725762664595871,-1.2881308870320953,0.5371580545283675,3.6331161193988697,1.000504177131177,2.0174279737234,-0.5795843252209602,0
-1.7800779700014742,0.5438032232649247,-0.1557937604369315,-2.046894048305763,2.6420785142852727,-2.573746199438938,1.1417144318573351,-1.0859776918218367,3.4720536178471346,0.6805628429374944,2.7951372781901798,-1.206853927557393,0
-1.5698105983253818,-1.4674709873025842,1.425160101657303,-0.02178375432531831,-0.27739659428667207,0.5334358513218808,-1.9616654531152102,-0.10498873525991792,-1.0503817267225803,-1.2227861146705767,0.4643458204250017,3.607195729859624,1
0.8446506236582645,0.8199011613154698,-1.6117422043965681,-3.141905458107066,-2.6673586775807365,-1.2633151298073544,-1.0824745876399315,-4.279448139807489,1.5604002969108455,2.2936191852464263,2.1607730107958076,5.232784893216465,0
-0.5104442923375431,-0.38341787033300095,-0.6975717452786333,-2.5896822487685234,-1.2822587966102466,-1.0575888659712056,0.6771011682452395,-2.5326647702579694,1.4902521518761938,-0.47966757310494096,3.285490874516409,3.3709431923318465,0
-2.701185907011613,0.4151639404515648,1.9238125711165044,-3.669321920001285,2.5602120077373574,1.0002192783227344,2.344807584087528,-3.130424113764749,0.160058253581023,0.6156101322330124,1.2808848309634278,0.5607345753584643,0
-1.0791745542306532,1.4972236911713757,0.8559964733186406,-1.3563822477321028,-2.082120266059606,3.541116150158305,-1.5010587069081325,-1.685450339847949,-3.8707754167955195,0.5897576325341144,-1.9336242422142504,4.11736690274984,1
-1.424594316880539,2.03984857474064,0.9760936344604159,-0.7100823636455873,1.7838580272424032,-1.024481392503469,2.358771215418863,0.7650283982228125,0.9233324283567919,0.0802950513686876,1.7668255837405198,-2.1640580617894183,0
-1.9177633564420629,2.4645527202219695,2.5294699797872218,1.9779865981899691,0.4997815714480309,1.6639540177396797,0.26803253401378335,4.147368244653025,-3.792796531738251,0.8355176584902099,-2.0753873131866536,-2.2803072462870753,0
-0.22878689251787088,1.3066244470197583,1.4379503179651678,-2.5166949919844104,-2.193419781943107,2.8351359430301417,-1.9800433916531341,-3.8955441870331953,-3.4615065937645,-2.1753809095759307,-2.2537234273870403,5.680929641881501,1
-1.3786454414805176,-0.4382623441463979,-0.29133844417308163,0.23894382528711441,2.591890355587292,-3.4228150773521584,1.8535542177158386,1.5727167834066715,4.215492677691561,0.8094623029829636,4.447009478518694,-2.2628002429433725,0
-2.373221213166201,1.246797819036233,1.3056308961156144,-3.5760088107983377,-1.224473027773446,3.2273922939197197,-0.9030895233961196,-2.862051336402814,-3.956517149640962,0.4532883922739216,-2.3332601817504726,3.2899406193720964,1
-1.646898080927453,-0.43956450755653736,0.0019438678464700487,0.17559744905941377,2.3410460684925063,-0.2818414791263134,2.764612450185595,1.4275625881018643,1.7128671870167607,0.7972306353435351,2.6551366270048034,-2.7628916530125585,0
-1.758522817282704,0.022370918439605626,2.28498219542627,-3.7078455490876503,-2.925438133500726,5.914499620965278,-4.290723476294336,-7.099574818539179,-4.729426041882239,0.000571275225136519,-1.4045169455508393,12.804023718310308,1
0.16036165668427316,1.02068178449596,-1.2680962993273084,-0.11420016016807462,2.0260039673676618,0.16382292232794504,2.852709115549317,0.08015019129203438,1.919640590238902,1.1717187115197705,0.8664222838077732,-4.000800890108386,1
-0.8761272892969743,0.8085790643905754,-0.07277655974308117,-0.6938869709233533,1.274397490326697,-1.8505097098231769,2.2319747068294937,0.10035205858227214,2.6136890505240404,0.34700817267894346,3.697640602825463,-0.7127624270075754,0
-1.391613672509058,0.8900292775046718,-2.244943697628318,-3.9219585488832225,0.3455913887835831,-0.05968033710790954,1.162115452478027,-2.368253182852638,0.9544096593432615,-1.0279194516503511,-0.26289994175616327,-2.0542595365743637,0
1.6143714751355243,0.8382495748441627,-0.7848696302699218,2.6342842366742536,1.9955540390092696,-3.339085815476265,0.8076523638597972,1.3803669618088354,4.864417929912458,-1.1653026648936275,3.6743269243856673,-1.4400885124783676,0
-3.1766586712031266,-0.3139708948156759,2.3033782889570995,-1.825069684515438,2.1335556334855452,-1.2719185503451635,0.4009743186800232,1.1031545678572492,-0.9416632676074108,-0.019736803688362482,-0.8267854117904034,-2.4370802696976077,0
-0.6128133943412237,-1.0653555424552865,-0.6990936279205753,-1.9315062199735762,-0.3332597336327764,1.12951307407731,-0.28169832562670005,-1.3473383913951287,-1.1851093190624855,0.832323081558231,-2.0225586998768925,-0.625425843138927,1
-2.1132123063487676,0.38605328917429016,0.5663260504000971,-2.081450143608228,-1.3402702886925377,2.669634891800472,-1.9476557144954803,-2.1473683219264634,-2.5086073308239065,-0.35687938909121586,-0.6569750800728489,4.736525144008102,1
-3.146692931871319,0.07541953083541181,0.6058007604485354,1.6485197755593648,3.1880733754257014,2.5646487613259543,1.9332826565071048,3.8792657189578232,-1.2904746934410347,-1.2011131471849146,-0.6407099578738318,-5.080935082132756,0
-0.7414673788812525,-1.3711904425849266,-0.7485609347929478,1.6686582650572823,3.3706228488281935,-1.719688263446454,3.3484320725025247,3.4812405991143995,2.8753924875171295,1.8952383179294294,1.954094766184319,-6.8252045475719125,0
-1.1109195850756668,-0.5748100784918543,1.2747036127054014,-1.4910204547284962,1.6238590456676554,-0.1603567780499524,2.1505928767179316,-1.3753152502190482,0.9790080936109483,-0.8884984673734355,2.139162802944675,0.2991563068519408,0
0.15301179062161152,-2.4496198742555952,-0.03172160674980318,1.7540271783338175,0.8615628340388081,-0.6762786600816959,0.6227584240855806,1.385680898561073,1.5931628498105979,0.9643627303617802,2.140216910859731,-0.26599807097425016,0
-0.6165962929525997,1.267392338647193,0.3909228515309797,-3.3036257385088104,-2.436856046190476,1.9468765336690281,0.8134832661563929,-1.2401513081574491,-4.469382350436603,-2.419101298515626,-3.7429874603548487,-0.8556353871689253,1
-1.368196296143994,1.4222438391317715,3.4184480880669126,-0.6943834408949916,0.299466953472562,-1.2605396657448822,2.051512006033956,1.8892417586737,-2.227400836508291,0.1947544072138948,-0.13607461134023824,-1.7178967403725554,0
-1.3531359702988819,0.8074227038205941,0.6594282228264198,0.48212359309855674,-0.6328064220954964,-0.7670700974166993,-1.7441044860457402,1.1569154790590337,-0.23791968984260867,0.17048840256033926,1.2051611564248372,2.4408475928564703,1
-1.7913748784562684,0.8563046495566794,-0.39795532668126543,-2.1756358757303245,-0.3687223528484539,0.03166107974377819,0.30675345480926763,0.2905001657379651,-1.3768644553596325,-2.1327580890341657,-1.340799717207409,-1.91722952806401,1
-1.1192328543581722,-0.5538551561873253,1.4236569563537465,-0.4572395558519781,-2.175375236972323,1.0157080353819494,-1.8827435750285937,-0.23731901049221593,-2.5573209589248576,0.9799984632628076,0.028105076293438946,4.648678064443257,1
-2.984270159608865,-2.0077225651355435,-1.592746554929986,-4.34678485746727,1.8592771596250692,1.1350042793324249,2.9222913852066768,-0.9278467366530962,-0.5277588245132093,-1.7723867840000809,-1.7826647329034697,-5.935404681440618,0
-2.0585740928695007,0.6885030976791393,2.7121804756568677,-3.5565941415305837,-0.8961737199526135,0.8989471699581049,-2.008564500700018,-3.6353739771023914,-2.5096304833986274,0.18972725233175217,-0.8301192436833008,5.759488632862244,1
-0.0693949779883749,1.7978739795210186,2.998328934403796,-1.932948277413328,-2.7301174737355325,3.8839984137132344,-2.6699491247297606,-4.231770003763402,-4.9113262804070414,0.04819445448910635,-2.5503879430304934,8.216055243925366,1
-3.031274922702786,0.1598557524385229,1.3007844935009116,-2.269217378742959,2.995312211406925,-2.278116258923822,-0.5728250691500221,-0.14627009466744112,1.1754161136195518,1.3293524240738142,-0.24987389451857878,-2.0208374846606354,0
2.705662505867539,-0.9131080900957849,0.004891520030282814,1.1463103184712233,-0.19919374756641783,-3.779397585471356,-1.5164061825107764,-2.22886261331277,4.7094474871782355,0.45668161082992204,4.307888968161296,5.075502410187046,0
-2.6209412852736635,1.4117581351428676,-1.1625513800975624,-4.07526637909338,-1.2972291349341034,2.047631221979753,3.780273652052581,-0.6722395662508007,-2.127360754760225,-0.2854633468912829,0.6445880654968252,-1.9855544650764638,0
-3.711057799287768,-1.9260130668406115,2.616831394871806,-2.243224147172151,-1.7406933585004851,4.645269975356641,-3.393945646729179,-3.0449155335011873,-4.406778760010494,-0.18498073919233965,-0.08852977372933801,9.60617423028805,1
-1.22901892236043,1.2652579188211814,1.2886904968542778,2.3853139455566748,3.7217652658049456,0.9462724144208527,2.5524166900292498,2.5638331964552807,1.0263359822821094,1.1255438886112283,1.504897047736742,-3.4722470188304917,1
-4.255128625892836,1.3561579008427909,-1.350144390538027,5.72868906110594,3.5847977038558456,3.088145608847929,-1.665086704539809,5.867894228087094,1.8893935936134123,1.1956632738696098,3.894461303648189,-0.02980654948642672,1
0.981872272511177,-0.4663290765702632,1.8218988837068175,0.7984118623866459,-1.5447475221273794,-0.5763719956267859,-0.1659897142587181,1.616326818143787,-2.6374812416920355,-1.9872108879668884,-2.1001339087024182,-0.589775663768107,1
-2.282624837322074,0.14804786921011107,-2.585717815015203,-3.5327654331797693,3.337777301346284,-1.8339407015671796,0.5921238800303571,-1.7254493319096547,3.6047117056996396,-0.06946295030523775,-0.029222329257228674,-4.688064211859075,0
-3.030803181599182,0.13187650225896394,-1.1448978581583424,6.868097533588076,3.0966375214802766,3.6982788385927012,-1.553691393837666,6.2779010161444715,1.1684466965296132,-0.3561031817188112,3.05468127526542,-0.22465365387116512,1
-1.6425237506993389,-0.5607808194820103,-1.3919630291761944,-0.83419660311406,1.8649081211812568,-2.3292572795124724,2.089160242653346,0.8291868265098896,3.6129664756723425,1.0016260093767615,3.893243257541715,-2.394538769568876,0
-0.16644217097777814,-0.9804572578232481,0.5987558200186972,-0.1904321781531231,1.0751375330804493,-2.8186922196930353,2.2268711054300656,0.4556980431182357,2.700641019020005,-1.4520894811137395,3.7727319334377123,-0.6524283640816384,0
-3.3888322154032426,0.5817112717829945,-1.3980089938675209,-1.6112621067298025,1.3956473160715275,0.9956459325201028,0.6024862786594947,0.4211562965219706,0.6468366800370694,1.2112296714798387,1.3316897236652214,-1.3035282457782753,1
2.616349440872386,-0.9325623369483605,3.305452496130636,4.342197246394122,-3.651246024338162,0.3521433434349108,-0.1807301301914055,3.801489813846165,-4.180256825984062,-0.1246571397381987,-0.5319634284314625,2.647013674257935,0
-0.16060425149719637,0.08913230561211168,1.473391633973512,3.4472730006130425,1.0062333311035436,1.4161601452233115,1.8249612836662596,3.9660284789650566,-1.397706173491866,-1.7661907124517127,0.23106815891558186,-2.545501221671685,0
0.3852696911831164,-1.4579670921873564,3.2394364541438465,-0.0073844471481976925,-0.8827494056495999,-1.1168736250205844,3.9029735123103357,1.6117809170082533,-1.8614099517989156,-1.1174200774007854,1.6129270443210155,-0.8945543394496455,0
-3.192088105896099,0.373308403561571,-1.033242709818954,1.8894346228206056,2.870965043724712,1.2209753558016019,-0.16008782637772323,2.9085531093759363,1.5903272225622878,0.17424442691827774,2.1206463517694885,-1.6809699731897019,1
0.4854934249816474,-1.0636578380838764,-0.7691653696640879,-1.1459149806195525,-1.120456517233489,1.6980661056690676,3.1000801975962307,-0.22579596479614894,-1.527765884272106,1.6008407333135044,-0.4645492156715678,-2.218690421744693,1
-2.3062321540257136,-0.2313924924591862,-4.367464431694523,-5.3370166046153695,0.4209634094257705,-1.3092538853696387,0.2883425038304669,-2.3348198571811865,2.123838934194437,-2.022528114343212,-0.7872817080861487,-3.9723523628479898,0
-2.4296336332601594,1.2048719921983837,-0.827115931226982,-2.180113627244182,-0.8508257894739845,0.4552242483180017,-0.0769871444400736,0.4451620112660042,-1.4129970244887757,0.653076260337127,-0.5139197184865069,-0.7478428733338595,1
-2.8645869350942004,-0.7657782833100322,0.2064654115191661,-1.3440400210457537,2.699800761954714,-1.791567264823388,-0.8714376300876043,0.3938111276692522,1.726829713306513,0.735264379855458,0.4696418197148815,-1.683461612548527,0
-1.4736359682924964,0.3440779983907016,0.41571713845664937,-2.5344201654168965,2.1663755444430297,-0.6028584346065924,1.3013702447473405,-2.4865854646979884,1.9488757368250316,-1.6751580566523092,1.7640386447533403,0.17734390207043094,0
-0.8296633357060111,1.5485164462992058,-0.2240341749849084,1.0876753318835972,1.1987724532450619,-0.4459282725035828,-1.1667829600710926,1.019985981952136,1.162518973797642,1.7963597590524443,0.635071821219349,-0.05040485988835702,1
1.5602984810810419,1.434005829432311,-2.4415238414959024,-1.0400629356634612,-2.831042501835178,-0.19069639724775977,0.9179533961996796,-0.9050403811593575,0.2366753430945202,-0.4507237231262795,0.7555195517531668,0.38471318517515823,0
-1.7614031230694656,-0.9747572795059275,0.31323308292981755,-3.7241674367765483,1.2202456699358566,-0.268979414209775,1.1066569274356455,-2.4871402607277764,0.1852254739797099,-0.8748575494438497,-0.3464085384252824,-0.9142964772083061,0
-0.8109852575511869,0.3688935015803623,-0.30645361352144374,0.5237884659543297,1.7547108716637954,-1.1519786757459747,0.8877267883362587,0.7881771748490485,2.364915995812199,0.7658106216559928,2.4295055894220177,-1.0253936167050588,0
-0.22154917990942202,0.6575567839657648,1.9136849379428353,-0.8062766893093757,0.09427822336914926,-2.418543970883907,2.546995147976613,0.5769071666728224,0.507124406779604,0.6356004082697304,2.4402929684992145,-0.5319082848686845,0
-2.2749582105221373,-0.5489087767352165,0.8256814695118514,0.652865461125917,3.4595037269312545,-1.0820022240637326,2.1549244261694946,2.692251970442687,1.5040232287225936,0.705938136443298,1.4958932312576483,-4.488254799139949,0
-0.7713808849261783,-1.3403122689209055,0.31177756517986177,2.084616733319204,1.9838299177224794,0.4120477746767588,2.35937298176471,2.794187096851524,0.8115013100154364,-0.4734253397167225,1.7688932044219416,-3.0189683437781447,0
-2.2405747828313243,-0.6625186821293535,1.7745678096427526,-0.7444010788761894,-2.428687239037354,1.9116297338656363,-2.7956437962720777,-0.8052187847422383,-2.9221969485335153,0.04413444886487444,0.9519257875458933,7.388466282987889,1
-1.0330070208019186,0.2258289494878009,0.7374543543046902,-0.5153318333546869,-0.13014012639489203,-0.19680247810231766,-0.9401848223239263,0.24015257203067253,-0.863081476463371,0.6010068743010124,-0.5411339350520739,0.652994445686758,1
0.06119407329944715,0.32846064021689336,4.229518645852212,-1.7770741480024443,-0.904791508784663,-2.4687175652989275,4.9964931231501835,0.7686040058896045,-1.865597279629802,-0.6899353634599164,2.053107322601239,-1.123496484941695,0
-2.0571732620990835,-0.25067234608481853,-1.0932558933286447,-6.318481964880214,-2.246295967099833,-0.06960220855688948,0.2533681746998203,-4.478610335765964,-0.8141994684318606,-1.2684721494544,0.4356190006871564,2.859464472871311,0
-0.49772882879559355,-1.0626470604960665,-1.1567758494507463,-0.9373103903088207,2.3835677071117987,-1.913702246903888,0.8146790109048045,-1.052720770544998,3.7394240844380433,0.016620674406059553,2.143498202008987,-1.551791332852782,0
-2.7325002327322956,-2.4770807958096976,1.319753983260471,-4.3176989564709745,-0.9924695398253642,2.2366161983078117,-0.7649383692113163,-3.021419712768574,-3.4214968425549137,-0.3569129943265954,-2.0090376268951293,2.8585057626316406,1
-2.576606349955061,-0.03224989266554494,0.8158847502742466,-2.587417545817047,3.155633848695402,-3.4212332885755865,0.5656274372500176,-0.6528697370366612,2.8928715054541865,-1.0007930611980478,1.7197673139182779,-2.020879885913873,0
-1.1292945433187933,-0.16712596365970583,0.9235838850779305,-1.5486441487548077,2.063220451864826,-1.0471092458508047,1.4381014676238635,-1.7424514693480369,2.1857117832554636,-0.040259824954115654,2.6631961648471263,0.6931833137638076,0
-2.745689334297756,0.8027926245258517,-0.2662860927271399,-5.61291234584408,1.4560132743109122,-1.0409518718765214,-0.08138156635445215,-4.782875114681497,1.8147321358973236,1.1397489741152125,1.122814648869755,1.7330625727630515,0
-1.58991766809048,-0.8252102280640311,1.9759763392844991,-0.016697404530989775,-1.1083077649673774,1.549589166108803,-3.1846050974806546,-1.2907781603272852,-1.6830175311831106,0.3320403926490148,0.8830476880272007,7.196206870639686,1
-1.9637544198365413,-0.020653393071097738,-1.499029035885627,-4.675973612951517,-0.12379015190782705,2.006507076731552,2.267879458350268,-2.717449733071828,-1.2264314767712907,1.0789965567023372,-1.1578931870115456,-1.9569476779611128,0
-3.2133460491908066,0.11812915408359433,-0.9040575447087937,-0.8301853498591508,4.3537481703091805,-1.2232538405385138,0.8583761234892221,0.800628081785447,3.4390948417331346,0.6570935227282199,1.9534127353474209,-3.738980134926227,0
-1.4403787768563703,1.0554097148923018,0.8866080234358322,-2.3676644694256885,1.128729769282544,-2.975574470468189,0.9968868480645177,-0.8352099382639973,1.8439260210277402,-0.8324084739076688,2.122827548480139,-0.3396774616585067,0
-1.2434617627952274,0.9579525564001934,-0.9654924016153335,-5.072885764174935,-2.1723194522419114,1.2717112383153097,1.0312957867114094,-4.180378763675607,-1.210198249126341,0.19641684475007193,0.440642704717226,2.7807956154741897,0
-1.7111424092624092,-0.9077475867578793,0.5049879946549443,-3.476927960057934,2.4199361082618305,-4.860384837815915,1.0255943348091792,-1.9834752875041446,4.213435142189343,-0.6543967327507244,3.313446280473679,-0.7101473484719812,0
0.7166141333442198,0.8009665543266891,-2.347871772774048,-3.133313638758419,-0.4189910671416761,-1.8093156754608324,-1.7737197453102842,-5.083363644257074,3.716047919778872,0.6745791363553649,1.8919672610717897,3.9233139771046255,0
0.6612728290073737,-0.9367055673010662,-5.333696952544013,0.5159840472381062,1.728362466681376,-3.039295007418441,0.9282011480848382,2.232096672010403,4.848928852078548,2.0109256594431257,0.316185375835798,-8.015927416929095,0
-0.2836675827298052,-1.2030914287667236,0.4155258225146554,-1.6309995216976352,0.29299371066758373,1.0250465552846157,2.2721523568442787,-0.9443568699454115,-1.0149625429370739,1.5472022163313865,-0.6170581533127488,-1.6402759459690688,1
0.5367979222264723,1.2983030879598398,0.7707413633334157,0.7289200425006825,-0.3001156125259343,-1.586705818730569,0.10200727639744156,0.5098826164465766,0.8596089180835538,-2.265666213919125,1.707405355434643,1.1493247982296195,0
-0.37948819639766906,-0.49267158356909696,-0.8719487958448012,-1.4745070728181031,2.2415954552458994,-4.364769969826412,-1.3228166607646903,-2.6092214283649566,5.892235600694336,1.0711551721116688,4.040926784100387,2.1053506734584717,0
0.22966443896670308,-1.2044121925387075,-4.096022393157911,-0.5481534075029478,0.7598755434612239,-3.845156757826863,-0.0216307154200428,0.6046801531865056,4.992225601995831,-1.0042736595923734,2.200238276261725,-3.5421568387843827,0
-2.2548301176125882,1.475457198815056,0.4345739546709677,1.135063208213564,3.1362856797072705,1.9719745441398218,1.636648731166226,1.898631400617115,0.14062604315041471,-1.7538618318889652,0.5013484523637624,-2.985294029253253,1
-1.0057135433399025,-0.5514184992977171,0.10586451051843082,0.8291027749968379,2.390751421652379,-0.44957566811583516,2.7034423205424263,1.6296465869398806,1.8828924650583465,0.5132324756501065,2.5202233810686954,-2.9015948022918323,0
-2.3743210411913345,1.2072362888948467,1.1947363113811618,-2.1749219764304293,2.584317831034095,-1.8261964922860001,1.5186383921010367,-1.2457887903534421,2.462682252713847,-1.3895471985469952,3.261354712820353,0.222190760705464,0
0.0659546250913301,2.033892916778268,1.0507542184056737,0.4611908537983319,0.9799383093042595,1.6198976579696045,3.168007718538822,-0.5146248105302478,0.3610008503146547,-0.4269973287542915,2.659682347453181,0.6125731327272383,1
-2.9981960078160177,0.998819207248052,2.8263182853333975,-4.145981676683775,1.5544968836627857,-2.7210809067297808,2.823183084079722,-0.4297375603242186,-0.38964603937817593,0.9652993647139013,0.9365463475745475,-2.3541167241020005,0
-1.0963915579754204,-0.5644893917448479,0.655346512373739,-1.7058749177902426,0.4862050484176389,0.18409108420724474,2.7392570562362577,-0.2505427774180864,-0.4210447264010238,0.39530151697819105,0.9416650572620378,-1.5214631072858422,1
-0.30376342458618366,0.5445315584070434,2.3728512473817327,-1.3938836971938533,-3.727405998811247,1.8516718531563043,-1.2917427183761618,-1.0072820768426203,-4.965662611826377,-0.800461504818122,-1.789412506364555,4.9605238722877685,1
0.6461916290083274,0.010754658623274025,1.8095243864603494,-2.2490497489867773,-0.4484582473749277,-3.8767786578739294,2.262899054628596,-1.691373585098711,1.787532932340572,-1.7608873310750701,3.3221872185591446,1.3677550132161327,0
-0.8778464973962704,0.870237091733588,-0.3191465825208508,0.8734379590545492,1.8262729055979365,1.5724259185637826,2.198595100695961,1.4096947664377162,0.18956195623973324,0.1990457679400684,0.4630758791563073,-3.0734214608159247,1
-1.0348835389705175,1.524384569536486,1.2983862834269073,-3.50455244401611,0.8326428416727603,-4.170130547875483,1.2631314847768598,-2.0818304526528317,2.387620395038806,1.0812867926604532,2.6783999605413493,0.4778409608822825,0
-2.178013199200194,0.22871525430472275,2.6618368325043944,-3.8213632843902854,-3.7504804054869822,6.206789489393371,-3.539496847165788,-5.9584033227471656,-6.203846482212565,0.8416611716541734,-1.8052763437654074,11.966338137215562,1
-1.1103021224914917,0.022502177559981608,3.0760399716436493,0.19665271773527004,0.9478733220269193,-0.9777019251319021,3.324861453232935,2.6822004916072566,-1.5783216168107408,-0.003459580560271332,0.6770264003000372,-3.0828786728832673,0
-3.4267645506179774,0.16186642532204668,0.45696545193135374,-4.319408561474025,-1.261494820695737,2.7800321257169784,-1.159929264980849,-2.9259010000608394,-3.1223237861206115,-0.4595772318327285,-1.1373117131895683,3.7358412054697836,1
0.39918107932293445,1.1346498644306042,0.09177683293681849,-2.0501380752290075,-1.409025103094433,-1.2847628695923474,0.7203704423329782,-0.05398983762906817,-1.6443340822569545,0.25403906646242763,-2.3668774102791117,-2.505763455089556,1
-0.3210331155229097,0.3215518803464554,-1.0578896976625152,-1.8899694405069112,0.2014041247223315,2.0154719499245273,2.904176323588003,-0.9055074255557067,-1.0133090571042067,-1.4998041644801012,-1.0576681677196815,-3.1363883929727856,0
-2.1904571224004283,0.06332481813458887,-0.5166269445441637,-4.390215296540275,-0.11317498787541957,-1.3973092959900075,0.6590683723376759,-2.6933350828048237,1.0994268463665229,-0.2318613628751032,1.8384536126735804,1.209781031773388,0
-3.6998171256035324,-1.5116537159342254,1.4769488356311045,-4.789764970359244,2.730039518607895,-3.02591633465343,0.8470216901189387,-1.634431135986511,1.3070581825752967,-0.3668163967598762,0.5680426965853397,-2.0280522765842868,0
-1.6727520481549762,0.7133302082462273,-0.8499939044731517,-2.8808230661973813,1.937471640428844,-2.315173703553813,0.44852738337571907,-1.736289216750368,2.897271676541386,-0.6697838773656237,1.5083844316352577,-1.2726098729330129,0
-3.7279727814242705,-1.125672853700109,1.4663850667508278,-0.796276206285726,3.1265033172397434,-0.6462895693723925,-1.0693470022150031,1.8839933609035437,-0.5330733813356935,-0.04496315182486648,-1.7279164867698247,-3.1835667727470214,0
-4.407363631090438,-2.3226461888929726,1.7808958089496247,-3.7353844100813687,3.242472678803984,-1.6564539128198255,0.25759719538743686,-0.33393949207655793,0.0807544148286333,1.2980108400854717,-0.7318915253580172,-2.8187014638686723,0
-3.531149746633905,-0.3795731967524503,0.02835216449273048,-4.814131123677712,2.9089337939340343,-1.0107386472684494,1.2728562393033298,-3.0614906316112984,2.0827283634100056,0.39748244215314366,1.51269108957511,-0.8848832437340349,0
2.204260843527315,1.0639974465778492,2.8549778312939846,0.30117663888079604,-1.7310939361416053,-2.1864160204857104,4.797518491893681,0.6319865656156223,-0.29659478386443067,-1.226870117798026,3.6821860704873366,0.5604979309972697,0
1.3178194504718876,-1.40455810479569,0.10458090809403453,-2.546651070966224,0.5017453433669363,0.1687187008009976,5.008415881706477,-1.900726989558618,-0.13602691591583727,0.6015687097570982,-0.45218309365947684,-4.200438981243034,1
-2.930189011858875,0.9473210397030993,3.0576126561625907,-2.491164475339151,2.094029360653595,-1.797792335881116,4.120573450980094,1.4713165218185866,-0.8816780202719048,-0.5970766617245546,1.0663762905896987,-4.186058278054599,0
-2.086185523005402,0.533710058276787,2.2746589027730693,-1.4999388187283422,0.13736552373428945,3.5441145623394243,5.8720284515081875,0.8948697943723156,-3.701778573906066,1.7416966520188921,0.9421393887418148,-2.216532248227295,0
-1.3273515906189444,0.3934347162565464,0.6935938912817631,-2.418054492492231,1.07952224737236,-3.7828913714164027,-0.4178560844025725,-1.294286348730983,2.4993028693310313,0.7249971169366168,2.0341062413928257,0.6836393760713121,0
-3.40935798493239,-1.0333799100428895,-1.4709740272922869,-3.3222088573498256,5.664717427201526,-2.815649637809197,1.0401371930208498,-0.5277437881682047,4.1456537242507485,1.2415385498218194,-0.44315167832518165,-7.3972316286443345,0
-3.4569921947146947,1.8249526232767999,-2.2267930037434835,7.9882233226321775,3.042810994323913,3.9737317901755524,-3.009795353189573,6.978494224289034,1.9918753020305577,1.8449438622014442,3.9022178337768123,0.9416166052032512,1
-2.0936889492758595,1.4853344837115596,-0.7290128968580956,-3.2978244199498645,-1.66869337580517,2.654494497891193,4.441043231581234,0.3085615760610736,-3.3146321571175075,0.48647650834894807,-0.24587092400427868,-3.0560750932004215,0
-0.03991787381936751,0.867847404401376,1.520960507462431,-0.6892328950535486,-1.7551330043227775,1.6648212107117566,-1.343903045166362,-1.1076539992936252,-3.06729805187771,0.5298261436171223,-1.8895638299002502,3.1289617634011666,1
-0.1482669210901284,1.4933940953192466,-1.9067756423657098,-1.3598647293698565,-0.5008279035761452,1.620723989351739,1.687067875038167,-0.3639859265751497,-0.7675169613039048,-1.098857012192546,-1.1388090005792264,-2.675378548072926,1
-2.6048148586781554,-0.5224890531728434,-2.5443484598820136,-5.171504386944806,2.7230840033033674,-3.440613674139388,-1.393796112290859,-3.6618483714853793,4.499274192491221,0.6001629846251404,0.49934393642705155,-1.7214533623773212,0
-3.3296590848075445,0.3560932929211884,-0.23839060615909924,0.3412047771708021,3.4746044304722163,0.6980141458520706,0.6829002704635695,2.4396571778210236,0.6792499191129476,-0.36573711824141725,0.04439003150954157,-4.219702252988548,1
-2.400258965436168,0.6156684441455533,0.22324081904572723,0.8065033949073118,3.171011116426811,-0.08448108617429839,0.41332469538469574,2.215148991029193,1.0440481556636065,-0.03297345365213742,0.3451465507900504,-3.3525511019208567,0
-2.145096308314903,1.2323698377398993,-2.83371434474138,-1.231237379877136,3.6548870883072357,-2.8396367414666868,1.7712395912050634,1.8286629789188813,4.050413392786841,-0.48364216843381996,0.8522083911986722,-7.781562071298836,0
-1.9857633985670646,-0.6693802318040297,-0.9094205725933435,-2.9501838746130935,1.0440477380027906,-0.7922283686553591,1.6876976811726412,0.6632380463459504,-0.665765692409558,1.2797701537715405,-2.2818443389550565,-5.948556412483285,1
0.13904033842141428,-1.3362620654092197,0.2566340938868843,-0.8040181391999223,2.6669610030159108,0.92072290445624,4.239967045809221,-0.32018999144933535,0.4561047240464435,-0.8789930099194931,-0.5470478041649505,-5.347844664352719,1
-0.7744079821942806,-0.7006458301779478,3.7956887157599555,-0.7905782104303676,-0.232960479664011,-1.1382765567659554,4.022625176918606,1.9068347595571693,-2.4808302180839714,1.2701116739861267,0.8957752245249144,-1.9718126679975017,0
-1.7699484745988263,-0.5494016851548998,1.1322364864561956,-2.2308525809544895,-0.08973694900160911,0.9401690542180838,-0.32761933162469936,-0.8718022101641354,-2.270725284932483,-0.5710242194528964,-1.9031241785728108,0.1642373455165333,1
-2.375159512141065,0.46905951429616755,0.4423336110745475,-3.759670678687278,-1.0638211638154504,1.4679144574518814,-1.7421361333195162,-3.373488850936857,-1.6981705804097822,-1.5199745652732806,-0.48929572688196876,4.449522331979831,1
-0.8335724414466059,1.4923085261257296,2.823489855414099,1.904656550770688,-0.8789498401229752,0.3019770298850226,-2.361306260868937,1.4003903690284625,-1.9137977285676422,0.9065438266010218,0.6288006824090437,4.639730179166187,1
-0.8741656072336055,1.360723575705263,-0.30643391898745453,0.9999476179678347,2.189398427275141,-0.4161801439714691,2.4713455907225184,1.5898553722885413,2.161398560397272,-0.33350801435375643,2.791947994596602,-2.542878994257582,0
-0.8289061451932198,0.933640850867665,-0.4836657986606596,4.6840832220731174,2.386855432709134,2.630992332415498,1.144778945118248,4.033861700097195,0.7825230717003346,0.17913060178427564,1.918359759071854,-2.0482229139993438,1
-0.9132694206267095,0.629218965556764,2.529647594943171,1.4220939364593623,0.10562645773547508,0.7066077790972163,-2.7392723167976003,0.02939220733518222,-1.0680144702282361,2.207907967986128,0.49669283819295584,5.015245874970776,1
-1.4033499819204978,-1.7478641522190184,3.5062382288630403,-0.0832621875001434,-1.3339804979224972,3.4772021681302574,-3.1252129875497205,-2.0057400940419527,-3.9722302339747424,-0.2093467406437861,-0.8738636966702904,8.130965592704484,1
-1.024903133145084,0.45755970751357716,-0.8440551376280412,-1.4525980592211047,-1.3176074539191869,-0.5534748765382451,-0.6892695307293467,0.045783706151024894,-0.5182551426026385,-1.7092581909097444,-0.05221062520795039,0.3955495223815302,1
-2.4632658789429662,-0.1242614374542899,-0.7739689308325335,-3.5231219367340105,1.280216754079903,-0.9345521507326631,1.6348234646305337,-0.8651377474932815,0.7539970353016547,-0.05276348491373306,0.2786981206973874,-2.935829352946388,0
-1.6246846845679386,-0.2794598404260808,-1.6176522959594737,-2.8586230664805035,-0.23497786159592104,0.15860748408708236,2.431133018816514,-0.9481197428625427,0.6528128570100583,-0.5386670749487668,1.8300196572613805,-1.2660411228927313,0
-2.4838404807644237,-1.8058769957476388,0.9519838983197023,-1.9597944750540213,-0.6940674311862448,2.3694957070497815,-2.760360312998325,-2.722062767756637,-1.6325412519458766,1.655138133799748,0.2521583245045502,6.331464006064713,1
-1.3462028791365221,-2.0503552404171494,0.11153690392579141,0.12662156963015808,0.5664798654910154,-0.010743718589559359,1.6995585325075286,1.323788712131108,0.44275976801062,1.2305762624124092,2.2027370718865127,-0.7734393877569398,1
-0.969681459626706,-0.6745811733241474,-1.2526656941422318,1.0491792343589508,1.824039812525204,0.5132047364615497,0.31303571681401643,1.2164631857983519,1.5464070572724051,-2.5899738275425173,0.8599568640503436,-1.9940249708057427,1
-2.9118350484971542,-0.9415772505995819,2.5700659994293975,-3.022195332617493,1.5043990149708817,-1.90222065586345,0.9314873548640963,-0.009997433229418373,-0.8921015839784222,-0.34891440110902416,-0.33720962032944835,-1.6340085809018383,0
-2.7782208833875464,-0.9477328298858384,-1.3349520289376666,3.5211131077029107,1.4238222187640006,1.8409797301469193,-1.7545426683225414,3.9276625718473914,0.8820270345690513,-0.11657884527973678,2.279487757155164,0.48060898620849835,1
-2.448701904644212,0.5143557509136125,-3.029167927856232,-0.4934047490496122,-0.008003170642179702,-0.6494880123775202,-1.1660346877702235,1.6713429038568486,1.5927352563044772,-1.0607068859986197,1.4357258517506135,-1.1895168763967623,1
-0.34868457238264283,-0.58275634816435,-0.7254645473899644,-1.5389144011075986,2.8573358567039575,-2.6296246172502338,-0.49055659379019434,-2.8816011125431222,4.83758051757888,-0.31203286274735703,2.58178410362797,0.7453318309432589,0
-1.7760339432320777,0.2663197017955302,1.041368916876417,-0.9004307279275361,2.4349262336960815,-2.2085757702136526,1.7941345594267908,0.8292590169298362,1.8241432177505716,-0.5413882147070407,1.9818829055279252,-2.4525847653022783,0
-0.8806340273088495,-0.006992250503863821,1.9860422635948913,-2.398478031756306,-1.0124462573619673,0.07520772800437214,1.7343330614080825,-2.3401423908323054,-0.6220666459055627,-0.5896468418972118,2.8673229313443667,4.106350378190407,0
-2.781320347072909,-0.543158113853887,0.09979199853940113,-2.5979707471754097,0.9021100129088973,1.581092909212284,-2.1616430578887194,-2.94093898505466,-0.09583059374291811,1.791763350012659,0.06562958918792838,3.711888546313822,1
0.054863329959054186,0.8027784473060202,-1.3367101862645179,0.47675406141817117,1.0433885703232821,0.13496006442059927,3.1259110951194917,1.435294944665429,1.2270283973376848,-1.4544338565658625,1.2994978732163942,-4.077363318378006,0
-0.36918324403773983,-1.212927475676248,1.2712670307922387,-2.208475443169613,0.2078428042562246,-3.281527023187703,2.3119135590868787,-1.0573674729177023,1.8641754003741298,3.3176870539849888,3.3325349350739897,0.40472353476451317,0
0.29386381871596234,-2.8139443180679855,0.4937498194787252,-0.5876155590646108,-0.5275414223034226,-1.7121750045953614,-0.862890795292953,-0.1650150493956788,0.020921448916906824,-1.7381950400485415,-0.52451594055614,0.2654432715384322,1
-1.5475412392398484,-0.7227246899561878,-1.0899085165930729,-0.8170247491861384,3.004407614517645,-2.6700335858925834,1.5367141931867887,-0.10658937470556751,4.7012241925750144,-0.18979386503242812,4.0812975943423915,-1.8320709630100793,0
-1.1086305568530266,-0.5552294833946675,-1.5701081903746898,3.371932689374926,2.3077169972763296,1.9148017582839734,1.4197983961230314,3.3660578187256727,1.6156214037124352,0.2673530312433699,2.1803779947078623,-2.823480393890138,1
-0.639988327865929,-0.8990068585442356,0.2330102346038967,3.5230375046967706,0.5806487221000158,0.9320982214608489,-2.715537238958075,3.2833202025147905,-0.817431173606679,0.07603661065410179,-1.1518472800959458,0.024385386774455866,0
-1.8884039830029007,1.0022377639328288,1.364718499291219,-2.7519314660281555,-1.2835132098376938,2.052707324349055,-2.776566012783128,-3.810900192621302,-1.9658849556204028,1.9572912573656236,-0.156935184514712,7.108859254958002,1
-2.0893947476024124,-0.8115408231170436,1.5648179538140887,-5.011639038730841,-3.245765666869672,1.5599989069468043,-0.5948963443284211,-3.0817155813379076,-4.601679771550176,-1.8609398714849994,-1.9283283705376963,4.060273560943994,1
-1.8283175391222495,0.6243868941981445,0.49196667432506935,-2.194228639634667,-0.2202357412335595,-0.4462523282298676,-1.346449653621765,-1.388630018904289,-0.3160804990611914,-0.8806805686999404,0.2088527666285922,2.2566831912821206,1
-3.427041715545572,1.4252119832142796,-3.3092409321263183,3.976137633398463,0.8537278625530083,2.9615466768721888,-3.1108896320581723,4.479832720407849,0.985753002814897,1.137584229394371,2.1627930615238933,0.8513581911550422,1
-1.1446802404930991,-2.977921570142309,0.35675484821164116,-1.7172894495641817,1.9132577734464857,-1.2718203033889244,1.1861607794252778,-1.8614863922268963,2.5880147885266473,0.20726700954390023,2.834264006878322,0.7346918962220563,0
-3.484570957336782,1.1600997925735739,1.417132026996563,-4.88989884002701,2.121095746804496,-3.67454990305525,-0.6407706624303928,-2.039041141482132,1.3879590371485473,-0.15113044852258986,0.24631146281609095,-0.6519746318244874,0
-2.591830300305984,-0.6531200009894154,-0.21946753464026414,-1.4425447313627577,0.17548622595298613,0.5590190968972635,-1.184825514799519,-0.1888894565599304,-0.43845144599182556,-1.0049073862801225,0.3302728447272749,1.2595393513601247,1
-1.6176154151867987,2.599979209244152,2.130610375982031,0.09642215755425222,-0.9403905127224376,1.0617312331672415,-3.3826374600990974,-1.2310548199977662,-1.291307819999766,0.8920304683231263,1.2378262694928208,7.43082575350186,1
-3.639333106393935,-0.10510290730540787,-0.06824149530366275,-2.592671410391914,0.6899575606825177,-1.5978714326378987,-2.0747629782088,-1.1491898116756016,1.6247881887628814,-1.1068119374677428,2.6245425689263753,3.28100586402015,1
-2.702356130117284,0.8777842673179113,-1.717311230705922,4.2146374197591205,2.1633090670273134,2.2008176022632235,-2.191699036471446,4.001591352497874,1.4957740908601043,0.5482673488339326,2.1882080813887512,0.25999308390826115,1
-1.2493098712351294,-0.8309356883260637,1.4300537508955753,-0.6570111558099374,1.624415846009656,-1.0980661840027153,3.2409921593410873,1.016947392481736,0.6629922595756278,0.15797541856549221,2.152521061830128,-2.402830949423706,0
-0.6976327693833766,-2.091941672576983,-0.663358399833424,0.07287067793978969,1.8684413331310545,-2.2205319760290285,0.3040776913629206,0.18305904396748263,3.4109394485971487,-1.3413581845242164,2.819221668152043,-0.6347822801978735,0
-0.4299622488446523,1.236224747790713,1.373179820106258,-3.8091203457107325,-3.643623975599474,2.5632541179261707,-0.4779014389337679,-3.008966286102499,-5.270375049653722,2.2114058643510512,-3.3248126636929793,3.457200404827696,1
1.6383239921726036,-0.6434043724045657,1.4438601376686202,-0.15942886052670313,-2.187365213161654,0.9590942476058245,0.17491812656718486,0.06365547135923522,-3.7425894387444214,1.0391771247265735,-3.582532885041502,-0.4473954896318523,1
-0.12372369929967242,0.2660070625765487,-0.7171927957158105,-1.8070313661512352,-0.27480527071799443,1.1880515272321055,2.2149443909392144,-1.6182912625856951,-0.10102441872309932,0.043826504844656534,0.6996817188273453,-0.37301003972971164,0
-2.1836607960924086,0.13647982378814222,-1.853506485025364,4.713298416439746,4.201080874127492,2.2299262279190764,0.3736530683034811,4.285509992831823,2.908127511921525,0.983451390288347,2.7876774950307057,-3.062506014285965,1
-1.045349005553521,0.8341734635346133,2.1813895865421067,-1.1451974808302812,0.3882614776394042,-2.3597440771803098,0.6544539656051954,0.5076119076867318,-0.17563533955672422,0.28499026215142287,0.7710726007445317,-0.24747910902822387,0
0.5392314008859453,-0.7415436995485596,-1.732277963525898,-1.5709919516443687,0.32498326071632544,-2.014907203576281,-0.45550142841379393,-2.5799389532257,3.4508224940350725,0.053304820021894524,2.136989170350403,1.3930184480809478,0
0.5839714904415669,0.08325648097841933,-4.855966534056963,-3.187980782097579,0.030731476422497295,-3.894201158885245,-2.7100868586542974,-3.7715749649798207,5.644977868618571,0.11682413939179016,1.2151878882969152,0.41769919076142753,0
-2.6391793504594796,-0.21447824914392005,-0.9710462151610006,-1.8081294270035622,3.070131510213118,-3.343902349519009,-1.5888555593943055,-0.6799555877189938,4.203804046964804,-0.32985580237331763,2.0066068077713872,-0.8309796643276521,0
-0.05807937273665065,0.280866519204263,3.6015525370199493,3.1970981529166473,-0.8715722616250414,1.4358283600119572,2.986451255531776,5.119595805731425,-4.4372481947160685,0.5387245203870492,-0.506711388395396,-2.316317396041367,0
-2.358395095404052,0.1351156727677247,4.583037041820702,-1.5867862689881753,0.5547612913259446,-0.6348123604024063,1.18434206159292,1.7658836781669942,-4.145349096978806,0.44410596664876406,-2.502671585724248,-2.1081787540527483,1
-2.6234239890092557,-0.42742227802696786,0.9102158093495434,-1.2788358530609325,2.3747879390173905,-1.4163644815233478,0.6420175648030427,0.8516867689117693,0.841041888019236,0.43040845843119835,0.6199235759261723,-2.343208760917011,0
-1.4963728177360496,-0.43160820772002617,-2.544532020633433,-4.9478873863788415,-0.48091921364842105,1.1265824095105608,1.139834996112407,-3.4392368083914304,-0.10765928357315079,0.4280897092476408,-1.0198107804472676,-1.264744584546448,0
-1.3130255380893854,2.102134694264505,-0.9670049777024464,-3.9022980524105075,1.0014299720098696,-2.70564347197353,-0.9302126485293594,-3.6693319867156955,3.2103657361654947,-0.42193872450895065,1.7539048502656474,1.6359820286117788,0
-1.5688524657126286,0.3983060740135549,1.366550874112231,-0.2112201179334144,-0.20046891014845913,1.6480555488281396,-4.917200952560265,-3.6357701455910076,0.46650690815264007,-0.0031775544728762884,2.195615893613237,10.388842994132546,1
-0.34422098209596763,0.7453065915543571,1.0190314105524616,0.35161025962729536,-2.1441673094426243,0.4949850464711808,-0.050138168772853486,2.142066240587826,-3.276986975080335,0.28531753726748904,-1.5230689648493914,-0.26612876737342234,1
-1.041901015709123,1.6386002211804287,0.41828513649345034,-1.6074676422895726,0.045440721105550974,0.2669989225032172,-0.9179324311804424,-1.1429441717527065,-0.8430996286853722,0.6900101619632085,-1.1535074035785742,0.7229276642679648,1
2.326324296750773,-1.292351608967118,-1.4097267940870983,0.21791283704403586,-1.7371654115259687,0.9744662617914848,2.707295304759486,-0.7124253765789721,0.15643621983501807,-0.8525660188033742,1.1766802732295967,-0.31547986433004427,1
-1.4690053405114984,0.013520452543184867,-0.944300800202774,2.450852597873995,2.838971394225516,1.717179049356688,1.7073817278159837,2.083690438412081,2.142657342449752,0.80642530521997,3.0273909226980873,-1.6757702344132999,1
1.1710298412206137,1.1055609054890276,-2.0746416999613118,-0.5736526134179225,2.142810687214321,-3.967965969415351,-1.8700570884893233,-2.63005231640759,6.076696542835788,-0.28298407299093753,2.2837288924522245,0.6595088034174537,0
0.13081952761211224,-1.089816103487226,3.2989632474321375,2.785159209661146,-0.673900299009474,1.3047991158736896,2.8544718973506176,4.281985644420816,-3.846293753729601,0.6359739396990048,-0.39799714040045475,-2.016890234150078,0
-0.41687859290176366,-0.31902066135092905,-0.32161409083241654,0.13818533661582375,-1.7305369974338798,-0.9318373456211695,-0.5724627930264927,1.6754888663426202,-0.8541403640409919,0.5872903962039655,0.22045173366927395,0.15082991257924505,1
-1.246473218432493,-0.30767679611444715,-0.15098060425766247,1.0971477499766231,1.0750534490857289,-0.1338021625094643,-0.7636518983941936,1.560076941588078,0.6908016333359694,0.10073279123347681,0.7293870506036679,-0.40628128224179433,0
-1.4752181678398766,-1.9573993676726746,0.7406970271031981,3.5862380753292284,1.8068970488319271,3.0250608259611447,1.2604883484172955,3.074290790854842,-0.2943190467158596,-0.2561020069142284,2.286874196976714,0.011578796042935458,1
-0.6284721937674352,-1.2132818960710992,-1.6063730289472582,-1.4466859029142527,1.6186203104782795,-0.5994529521069202,1.71481863576377,-0.828575808746739,2.269765642943864,-0.26587718219246476,1.1166963938857382,-2.665635263933034,0
-1.3359017616610083,-0.3963377171239139,3.471215463260326,-4.334162709569693,-4.2808399827172385,4.3426862049127335,-2.274616364020723,-5.085029115719142,-6.870746197924725,-1.2315415473802107,-2.852782573688815,9.364040896588557,1
-1.5693182904649152,-0.8221722245595566,-4.066525560429963,-4.285656206047035,1.5599895440371208,-3.389049710477945,-1.1943009866470102,-2.7679166669511472,4.685749722392416,0.32653320147532633,0.5819891113830784,-2.522870889754957,0
-3.9220424880102254,0.6411480344032898,-1.9527765669477866,-4.2516104755970705,-0.06913844771701738,2.024334410574113,5.203575376809759,2.0097873245011773,-2.976432063151965,0.7426937440493931,-1.5430471974378934,-8.227797472129815,0
-0.3548024566664969,0.9452581159205209,0.512160760050216,0.8276475270238792,0.5912540534532273,-1.9757336656143933,2.519353682963283,1.8293974275637293,1.8880935870795437,1.9243361872193923,3.942864771153528,-0.8744944341791269,0
-1.1144528758832561,1.428709157382663,0.9581683155596263,0.32937073103637315,0.49242357531737,-0.8556808562169953,-0.9575420147422415,1.2131241596368085,-0.2654208044780156,2.0411748660379403,-0.0781390205057515,0.00227879838368352,1
-1.3753270096131058,-0.9340367825556467,-0.06964434890826277,-3.1458292672122967,0.3629904531938386,-0.6435008950973955,-0.0914858596988819,-1.6339238149446462,-0.3819232635496836,2.763314672385596,-1.4589406650082275,-1.1209605756058023,1
0.34233849783017334,-0.5076357477273576,-2.5328265340225267,0.6684515713401351,0.32972323019437877,1.2088348489294118,1.432037417130268,0.3422838758296579,1.468977384584202,-0.8600243839217877,1.2057201520628757,-1.767768714988608,1
-0.8640573691092601,0.7243289140307299,-1.0115536716489173,2.9105812802289925,1.9603101840655333,1.08104290466448,-0.17406442870661776,2.6763130991817743,1.2911704127243024,0.6999126849767985,1.004656148876046,-1.7867949061251243,0
-0.0952996612150312,1.46236588543729,2.419764627792164,1.75617340799483,-0.7461118670802065,1.2888158975271373,1.5954677320751252,2.7076379038779717,-3.109198279684952,-1.0992071213119587,-0.4704657504841021,-0.6323112563533939,0
-3.4428196406160234,-0.8045698479601014,-2.186599850881372,1.9720582961997033,3.22552040139184,1.5436774815113588,-1.9806046108477344,2.8206645375878727,1.7950909939376394,1.146206226844147,0.5318646936612038,-2.2038351464598778,1
-0.992294296654376,0.24264892288189777,-1.9107494605090625,-3.589289091319378,-2.103564046795122,-1.3144296369774957,0.7039531417675415,-1.7382439738341777,0.6523935777159743,0.0466966309993637,1.7757574359974355,1.0155035162912602,0
0.4844419879814932,0.02906011613592665,-0.9531967375358099,-0.8580704757827762,-0.12526623036527162,1.6350247072308532,2.637413144843011,-0.9039380826795954,-0.22807337284256243,0.4334274626469134,0.242638032847173,-1.5297273478058775,0
-2.344697422485183,0.3354522504986103,0.43585547350035725,-2.8320802658341804,0.4055263561048429,0.8996427524169415,3.6178416601224646,0.5186727746471647,-1.9045344069810286,1.28876686695801,-0.35831287385129507,-3.844152571754321,0
-1.4835680528469817,-1.1041489242486155,2.1146048237001716,-0.2773455861222983,-0.46967360074182574,0.5041151857139953,-1.2024421938071839,0.4677722977430543,-2.248758110139856,-0.08019027035003735,-0.6896661025029165,2.1139270866800075,1
-0.8780508208023649,1.2881121438567547,-0.3409304185104869,1.451596347138967,1.5751088294378106,0.30026502036389635,0.016253478905444485,1.4945214582651194,1.0686505911302993,0.32265405302143124,0.9398757413180561,-1.0989739176805164,0
-1.067572985713185,1.6280411704053364,-1.6339043987058688,-1.11444949416265,1.9194707853878072,-0.765614101246308,1.7310476078205248,-0.23071199599246706,2.587161381833097,0.4468463308350553,1.6990009963578745,-2.809753406631448,1
-1.7049153061960376,-1.0683429965563886,0.9699194836875533,-2.3923189123190047,1.0542458877623218,0.7201230919350625,2.658594332112415,-1.6160106495233255,0.07058455933508855,-0.021460924407008464,1.8921847327160122,0.22504829350175454,0
-2.3420307931603803,0.3301383990190209,-0.08821298069765349,-2.5807997383504104,1.5924086299290716,-0.5115557186382798,2.3936971193629955,-0.5273605305570098,0.9670273610274784,2.1596941823546474,1.6342347502836918,-2.0986008491731845,0
-0.04425956210596116,1.2821751596170599,3.421980860987966,0.36839799982720384,-1.3290226880090643,-0.12139955822305382,2.358804296542724,2.090031283993178,-3.368667961044594,-1.5063804150608247,-0.11115169052862761,-0.3761788177545981,0
-2.616180145308899,-1.1872775059428768,-0.8864904413133747,-4.875777906991536,-0.7988061829479369,2.443949174993107,-0.1705836919681769,-3.2098083391049164,-2.3865443119553174,-0.05269653967349199,-2.238361852931268,0.6498132405830259,1
0.901298293597186,0.2168554419378474,-2.132627288720882,-1.0245000363002776,0.11901465516809573,1.0216526894155393,2.1716892677535307,-0.5155647788037745,0.047478332336287524,-0.0849701333280106,-1.6007212855233035,-4.190989072108456,1
-0.12490141612624872,-1.0473406071599172,-1.3706642570297047,2.7347223768712228,1.8623685744726441,0.523172724209055,2.3579778367956505,1.981500273345099,3.0766174365627967,1.250989827457294,4.315619320814034,-1.2350366261925447,1
0.31391778012869676,1.427579605654641,1.5876560695027204,-2.377255071682864,-2.081084182322507,2.07583266643574,-0.061539053307120506,-1.9952717571920258,-4.41564868112105,1.9323757718173291,-3.952644589469781,0.9923243693206284,1
-0.6638133914260727,-0.1129986323917323,-1.6858991802137469,-2.3826574883015454,-1.8872535406505986,3.825952731888993,4.494740411942706,-0.4168260629905697,-2.8947579244278803,0.7946870472074414,-0.3951457661075084,-2.6214710056811668,0
-1.4943912746059822,-0.5966444128949909,2.338528840336518,0.5246767050085736,1.1264635612491158,-0.9513184401920731,0.600370005113967,2.4526586881771633,-1.2230994374097321,-0.7121185354325132,-0.3927807952947977,-1.961602877389839,0
-1.3587266228677266,0.2050884309095632,-1.7109635077547038,-0.08320818298366307,3.7215809428647013,-2.2503353881857007,2.0552877658357183,1.026237113913654,4.592441961753067,-0.1585077281809249,2.868284972898665,-4.663894515056343,0
-0.9256469857707829,-0.3733726392945485,0.46511181631150345,-1.033293407890812,-0.11702914712866463,-0.04720257517661852,-1.7003592599140915,-1.2611407610625258,-0.1740844756899109,0.20445888961740502,-0.08905167169767836,2.488517852779872,1
-0.44575164145755375,-0.006820838550745455,-1.7698170305109175,-1.175299495479398,0.8047001867840395,0.6084026201024657,2.0404510332847,-0.028471521376532305,0.5482743458914737,-0.39629014493714837,-0.39825472522505967,-3.7660964770989827,1
-2.5520571618741563,-1.4504734094552116,1.7101910052903517,-0.6527703139358388,2.6108917162238106,-0.7861036985526841,2.070695406901461,1.7894329144611967,0.015178515954456635,0.7589588945925353,0.6217450614273011,-3.474008766288166,0
-0.5569178248817919,0.12553553799054967,1.4576593271232654,-1.6115799948063996,-0.0017339678824801474,-1.307034394507577,1.7689957075142422,-0.572490901111349,-0.013726203771147779,0.2456024623268997,1.4201264849575856,0.17324673847878558,0
-0.5383248222360804,-0.4414244948749924,0.724805252348236,2.6659579078531483,2.022355065390952,1.6261670453716826,2.6057911686074062,2.2714759907666937,0.6423902608393461,2.2595836299095153,2.4813635498490667,-1.4201871916138336,1
-3.5241983531030705,0.21149203463191743,-2.057684773056569,-4.132076234440728,3.233640069998412,0.09864264290855607,2.6228783468555923,-0.6689476731154598,1.2780975770665932,-0.1205711629938918,-0.8595153215317077,-6.692074427995376,0
0.16577719331794283,-1.526289431055192,0.35188338523953977,-0.007252918458010371,1.519997842044406,-3.3214592854065197,2.5299263812489636,0.4422327413006727,3.5360683126981796,0.33871330750235235,4.134210842648015,-1.265382731514848,0
-1.6303509246645627,-0.6097011903216909,1.2650377966319262,-0.31567124733630947,1.7177076413058656,-1.1368707885261156,1.9638074611137226,1.4589011690104547,0.5268947421438681,0.62427017765572,1.4602266341656778,-2.2741056970436166,0
-2.346127275775913,1.186494040066019,-2.751487738332753,1.251038148042702,-0.09926177691386062,0.7225635227389723,-1.2081349279017972,2.1559878311368825,1.654616967827058,0.12396856615548493,3.0913587064338572,1.053464741981971,1
-2.2086164073014998,0.36389015251055723,0.4742960040417501,-3.2313302051371675,-1.3724965386302757,3.526195295792019,-2.3402129894362753,-4.023519666241901,-2.6738262356898606,1.9736474530179997,-1.063508534859552,6.128674341319011,1
-2.013297046707338,1.4225873407027905,-1.1746835825589506,7.924176136393602,3.1481363844230748,2.5696865281760264,-0.7601148124409605,5.953889996328516,3.48162882275008,-0.25164488811595787,6.481982541013816,1.787748147742254,1
-1.8974619709354807,0.09313766274452583,-0.7806703187848136,-1.0993539948461024,3.6445017737564793,-1.96890613653856,1.905810945203687,0.3489402106626176,3.511049431103096,-0.1729391322053214,2.017138584166254,-4.158234626523717,0
-0.641861189103451,1.226283005325677,2.9077329546999477,-0.34053711854825536,0.7812056496800137,-1.6801022660251248,3.4744741590369843,1.819586111444782,-0.8429785398837905,-1.9166661698618255,1.228755749785692,-2.5843327290413995,0
0.8556468117285452,-0.3906816931192506,3.7648983186697453,1.8381070159611341,-2.5280927999166636,-0.3162335894324322,0.4452465069350108,2.8103767965753095,-4.090000169837567,0.6706601312111479,-0.8023011742409192,1.4213996451575508,0
-2.0631080234001136,1.1440060256309679,-1.3539063814507266,-3.3152131874929913,1.2040318537597128,1.3941746619272808,1.943553983795638,-1.87322563879631,0.18801744913945578,-0.24042918602698046,-0.16012878770713068,-2.2144786404378225,1
-1.4846414197198379,-0.48107315685634167,1.2061068825302823,-0.24385614614025328,2.5117472975375503,-1.56761613378793,3.0839560672619664,1.5630897137004882,1.4385847764806055,-1.8852048511897528,2.2024769690452572,-3.455981380029088,0
-1.3546860488094774,-2.4932915149575217,3.9040530737408217,-0.4644305877130591,-0.3948680048840161,-0.3071493615240336,2.310608209776632,2.414885145189431,-3.7811239581660145,-1.3070082810896613,-0.9477817010579093,-1.7408825970564654,0
-1.5499033803978746,-0.9375563190569647,2.1130171855107998,-1.8515000567014765,-0.986329038512265,1.2508996512386579,-1.6117982162322786,-1.7211956148623293,-2.674030665069183,0.8736253573992604,-1.0590070749819527,4.025435695769941,1
-0.9339568480906246,-0.8349933635098935,0.11305011389624009,-2.2372517556912097,-1.2048507613659807,0.1641331821175549,2.3576274429880923,-0.7227428005448167,-0.7591611560215807,0.19051059012381957,1.6568904725627214,0.3986691729905435,0
0.6433434761594685,-0.802834842994055,-1.0661672984000974,-2.1045120321105584,-0.04046730823684386,0.4930493707361493,3.2639377977340294,-1.2435884864986242,-0.11634304532416351,0.012432247610561853,-0.6111412450283993,-3.4184114555520466,1
-2.8337249975176686,0.3685097124772962,-0.1347348375748978,-1.3145457818675053,2.4409066501640098,-2.317377927402278,2.300567208314636,3.758423120632089,-0.04384472248408275,-0.6738313310101743,-1.5207509796367527,-8.6836729518732,1
-2.8448317857073153,-1.0568492542191252,-1.077792383039115,1.9665154367056044,4.2999756377647715,0.3135769908228926,1.1330899502327638,3.2303372250606843,2.7328265615983054,1.4646106844834135,2.085044718103867,-4.443057491669094,1
-3.032039320558151,0.9544983953916653,-0.09791203890801614,-2.5693227444148072,3.4611673889266505,-3.018969989591956,0.5547088104284574,-0.6389903475019396,3.557008448477777,-1.8619747640016502,2.3263945016579113,-2.135302618021308,0
-1.471647989222272,1.8893641169426179,-3.071075262506863,-2.1052769145797017,4.421129412898539,-3.7785160318528686,-0.5699905348187202,-1.3966491531108463,6.266620951114815,-0.5854196608371978,1.1828444524107067,-4.53143962647326,0
1.1595407231868424,0.5210617563176024,-2.119642429552572,-0.009963023796299727,-0.5896978304577369,-4.015433257495491,-0.7638719049589808,-0.432843553408921,4.35539454844274,-0.8168863934497188,3.5534450958000994,1.1635639638786666,0
-2.9873109208746103,-1.851311499740713,0.9037621174817592,-3.3854516104139236,0.4384030042471556,0.6490513337584072,3.5432185710315087,0.31500158348358687,-1.9932173557174095,0.6339836154587567,0.0834604185861616,-3.161664534145481,0
-0.11879689171346319,-0.5094075003135543,0.8144422887855388,1.60445635865851,0.14068670651617166,-0.37529331665688015,0.7223000090923126,1.871343036668722,0.11348049450681026,-0.4543388491891972,1.5510986478749105,-0.012250312993608762,0
-1.7613017655674736,0.39591245110685874,3.07484272804475,-0.4831679781224538,-2.1127518547640767,1.222356134052153,-2.6027691630642353,-0.6033966557006761,-3.306509782843295,0.1536975127412284,0.3621657031741503,6.978182863240226,1
-0.7555668133517166,-1.0822200395329136,-1.781706138430773,1.3119757485965051,2.614466255722318,0.5999714275162173,0.7807823540876062,1.5753401130495883,1.9338313283525095,1.463941710829485,0.17055234603199598,-4.035425256840128,1
-1.6553739782620434,-1.0196811781611128,1.9861571951932477,2.3793786064727622,0.4291792797210998,-1.4798379797056065,-1.734085448872675,3.3030341829947263,-0.08874541599097857,0.3171805620498513,1.7605527804638255,1.670383703210804,1
-1.2725441828532347,-1.9766445049816679,2.655176605705954,-1.199609971134417,-0.032663315531316295,-2.16895108212206,0.21835642090656204,0.8494416172709505,-1.2151001666128427,-0.1475489127502195,-0.06956100780607355,-0.12004863116378428,0
-2.0355342790347177,-1.1086186071780149,0.0154176952095888,-2.7185567107256183,1.1684697157466586,-0.37716534949468583,0.011412584025318973,-0.9134046881105548,-0.26429685013189047,-1.3997733946131443,-1.354229325435421,-1.879000303037584,1
-0.4418664078435297,0.2000281161679807,2.3257736026423723,-2.3618881519687904,-0.27034328741661007,-3.028783660920544,1.2013853659925529,-1.038153020447384,0.19700227486074245,0.6079199331466408,1.4638360618293738,0.9085181715186345,0
-2.1705108226019263,-0.3617634322697305,0.3910404141412227,-1.0356827753832418,2.4507483220913278,-1.850000167396911,0.5226805179638877,0.4856740696460894,1.9354037798834463,0.7466889599353121,1.4732199658218088,-1.8324527037898997,0
-1.7956322324044645,0.351727442435659,-1.4305668074458882,-0.3305786873528873,2.021075303611097,0.870721315321832,1.5551324915511695,0.664679842967864,1.4075499625951375,-0.9247934869939999,1.221768530350605,-2.724070505883811,1
-3.0888533422626177,-1.6288642281529737,0.7056435297110385,-1.7667861709746258,1.6981407548524043,-0.6060293188484507,-1.3505242810684306,-0.5355796690573881,0.5808871532280065,1.7798609370992826,0.6083018831063052,0.9280766577291256,1
-2.606158801334476,-0.12376587517209675,0.7363856663852536,-1.8543426371608949,2.3359943065424567,-2.1689525971325767,0.9544701915672615,0.31300082839829557,1.6514791366432267,-0.5120373528416755,1.577713126388245,-1.966098712286961,0
1.039270319212917,-0.5899166583407937,0.385286622212615,7.7997783826078235,-0.8356417484095389,3.051085857458873,1.870960767675623,5.995709596266978,-0.2292186328677726,-0.8586496290067306,5.2076047397707566,2.170781643426044,1
-2.3714315007515188,0.7807845711569611,-1.0234737899607282,-3.174446140533873,0.5130350882050753,-1.1015843307028668,2.1510960492230193,0.0029551542904973083,0.546227609273729,0.15390097742879513,0.9331233903815721,-3.087731936158862,1
-0.1940334260223251,0.7695246203986692,-2.841248789126379,-4.651914383907489,-3.0412081572278593,1.2005016568972848,0.6902233113310192,-4.035763684782527,-0.5873392496917007,0.03164580185356812,0.11772352999921454,2.0480245979038187,0
0.8434417369700047,0.07473003889343402,-2.962502526046037,2.010511678122449,1.477582500725739,1.9305947286557132,2.093226880728383,1.0699394572392504,2.0626398633182546,0.6297065291728132,1.00737086442166,-3.535519958006147,1
-1.8739922630207448,0.5033670843305138,0.7138870360624036,0.3028815306441852,1.9139535437387434,-0.44414770728901154,2.063450096716523,2.054565658505135,0.6345272674061371,-0.08507609929734504,1.7224570454205308,-2.627195579718259,0
-4.71434288547975,-0.20101570885822678,1.5266898234127002,-4.290563432059875,3.532998895743308,0.04450016128211498,3.3850315835046665,-0.7869243577321727,0.06648436378253451,1.7427861513791956,1.0409347309081327,-3.4982051003619485,0
-0.9906725108320836,2.6155351627391403,1.6942741864803028,-0.3329241191811329,-1.2659808757695965,1.8265193092120633,-1.1974305633119198,-0.10057093122927219,-3.141892600318029,-0.505443825442201,-1.4149605714023856,2.6755894008976395,1
-1.880410349044817,1.2286758154369681,2.4359308252649496,-0.4773584141306094,0.7461666859206749,-0.7927752196877451,1.0823192543335949,1.9366281017908342,-1.6908104952150187,0.02188729131137335,-0.32587556013140717,-1.7569574769728975,0
-2.1091561005533626,-0.19086241891459327,3.2678830381862065,-1.6943261637392661,-1.8679378232477353,1.3543738293510272,-2.9464647397706276,-2.1862103922498823,-3.136449569493751,0.17273114441871537,0.3149511773364104,8.124194600643781,1
-2.1580950824305405,0.6446771764450598,-2.136107043238614,-3.4189867186284872,2.338095757222678,-0.4038868254573059,1.5698947325418824,-1.8254434412362928,2.343272534475196,0.23661527118307887,0.5303491927946753,-3.4089795634656044,0
-2.718887020875635,-0.1958091280018994,-0.3737852232160699,4.050772143224971,1.3763392984934353,2.98883676838601,-0.8075347055659894,4.046913871320178,0.018102648178121725,-0.5147779856157872,2.755214687776309,1.2257651912887355,1
-1.749172188941807,-0.8940324912102782,-2.349062499426628,-3.167860249339627,1.656461400245323,-0.9481691634743262,1.0982805306510066,-1.6450386632664973,2.4750786355367818,1.0627475717524624,0.7464843675367177,-2.821518345348311,0
-0.13170200408314514,1.2382319715330778,-0.36410058904136966,1.1666214525624958,2.6504534051926614,1.6228697004718238,3.4607636593077,0.11455962088547911,2.0943646474729882,-0.8404710801179233,2.8500245986755193,-1.844180781638119,1
-3.2203441537622775,-2.2048790672361878,1.2243422032187523,-1.336295710506475,2.6317395005933455,-1.1659340858138232,-0.12136461500199824,1.1313149525712112,0.19522880317652633,-1.3900088641562547,-0.36550420349154966,-2.5320338410588885,0
-1.17636912307846,-0.5657281942053878,1.1773340553046827,-0.7813825492121689,2.032987008952375,-2.6181335062190767,4.288812323305014,1.3003613124126576,2.2283350791594545,0.33999354886518474,3.885064030516487,-3.17873612975337,0
-3.5250832623705106,-1.193424628141474,-0.18903440110744918,-2.421096116704705,4.748313067736697,-2.146409080225474,2.1249697329597383,0.08144646888805984,3.4506220892790402,-0.7850129285846905,1.946732231455912,-4.828209289697924,0
-0.9698612025536886,0.341501739675315,-0.22767207643242693,-4.9443429840265605,-1.8915322569665114,2.5979346157862255,1.0386324388174824,-2.981235171897273,-4.287203675184572,-0.3887340217770128,-4.518448180630427,-1.3138319048771407,1
-0.8119226081900326,-0.9242382175640603,0.6144122561949308,-0.2199786737561872,-1.622969175468417,1.1948508895878953,-1.9903103944136649,-0.5388148651863045,-1.7072067770917507,-0.4173413705024012,-0.04649382870905838,4.078345611275906,1
-0.031084109097673007,1.4179529487099936,3.6810778386455842,1.3689363955126683,-1.96805678081844,3.6937174981230747,-4.718025630049913,-2.8545572376161736,-3.348096852491412,-0.7316808449487644,-0.0871843302654387,11.607417508344602,1
-2.3907087791074924,1.5610179956104762,2.2633029370041013,-3.4527629046985804,1.780999161463517,-3.893541895099683,1.987643346778567,-0.4663034129184509,1.2301413059194313,0.7149466867823437,1.8163391159629048,-1.7858214213297505,0
-1.998410889991661,-1.1665340490150293,1.0713058390609127,-2.923616754432715,-1.5714817425809058,2.0158461227014115,-0.9267918372802599,-1.8737170842416102,-3.3199873670572067,-0.484021852547099,-1.6195007122401766,2.905452184012944,1
-0.19850122007456705,0.6238353875353504,-2.937018875682334,-2.102786118568326,1.9851035940741921,-4.252822285174124,-1.784916020355663,-2.837094501622366,6.306308451490981,-1.9941021421072362,2.7802556669326863,0.32699874784181393,0
1.2655291510158515,-1.4143688108873977,-2.1723339020682597,0.6780476152845686,0.8604435700021524,-1.3975001795689885,1.2167773272951874,0.2082704805630331,3.1076828746084724,-0.2420440299938676,1.5795607157132079,-2.438643332747213,0
-1.139457856062466,-0.8967938003799792,0.32213682340831606,-2.834825567216202,1.568780763227173,-3.4624717625178,2.300494508191659,-1.6626837582131537,3.4170123222548017,-0.9871759548599766,3.862658549431048,-0.44323771657136335,0
0.022670454797725892,-0.9794476170247225,1.0234038934709788,-1.8711205072412136,-3.3273193059455153,-0.05262360111715836,-0.5896802206487746,-0.619207327360383,-3.1829377079603143,-0.1793523936018766,-1.3272455427191632,2.386546405604848,1
1.2618687846184293,0.6738015698742454,1.8127547388187668,-0.4440738549741973,-1.0778984893230772,-0.0680636350721342,0.8872985706542933,-3.057610916717043,0.8826839323833655,0.14981254086701867,3.8301368863686793,6.27836742755829,0
0.6137616359380922,0.5161576366737535,3.250203691968456,-2.3040295489410116,-1.0185132591944985,-2.7921308582811926,5.80874064091359,-0.41242416057717124,-0.33428480377185094,-0.20567287197514325,3.712590598135235,-0.4794028942762545,0
-2.9399230303247723,-0.3284675822833256,0.406568906820455,-2.2560693556763933,3.081891538381379,-2.8657936656145777,0.455456895663525,-0.051612319453266275,2.6192462121446543,0.335118680827599,1.620002223264459,-2.3264201836874636,0
-2.6156477941950866,-1.7599353767854573,-0.45215270271228414,-4.747087486545358,2.3481136505859928,-0.3105613203493912,0.6926228497465962,-3.9824622814738957,1.837046064366557,-0.06848821111697605,0.6726150269776918,-0.12669905404903287,0
-2.6260207215692652,-0.13428773111018805,-3.567723947075657,-3.46039090296264,1.876599143342422,-3.011592816662059,0.8117939208199267,-0.004964814709257137,3.6223971655318548,-1.0950395557375145,1.0063996191867137,-5.3214957904823414,0
0.15606108434938126,-1.4968253975809087,-5.155426724116577,-2.107257144362598,0.5713924027367299,-5.014987092150444,-1.8072299705894188,-0.8320683697089879,5.752746348132097,-0.46564634105737457,1.0249228503203527,-3.350121933759122,0
0.33017300087379087,-1.7575523889478057,2.2955474627343877,-1.2287058205891397,-0.769376509011781,-2.709452524279561,2.676167078928348,-0.035423352732371516,0.14267280090506926,0.4788045425211815,2.5740885473757293,0.4953754810118796,0
-0.5316548206733354,0.9981213406944724,-3.9054143183206387,-3.191649313602038,0.5154581103770093,-2.2628948763216057,-0.48379023101451124,-2.55246326496261,3.9634933335530005,0.5995007859831479,1.168792578652089,-1.350378860768256,0
-1.6654458744861058,-0.9786539358047265,-4.341852544283666,-4.716652956919426,0.29853895071196634,0.10481155650331142,1.0981877200006582,-1.6354861709340491,0.6079044047890616,-0.5103961092279251,-2.6760132792478633,-5.9499366717712725,0
-1.659434288598753,-2.497765102055681,-2.7118554234087733,-3.017733270792992,-0.4075668517649902,-1.0079898923113901,1.8101380743102071,-0.1777811084745733,1.1684144768214213,-0.09058197013451418,1.1465452497147468,-2.954965653303897,0
0.19184976886343486,-1.0849783552267207,2.3280154458106317,-3.7277747191504456,-0.7155220317513886,-3.587789332176813,2.9857745674614202,-2.4835107190215515,0.793065596273393,2.198047850252778,2.7127538142313754,1.157183583148663,0
-4.0547866093585,-0.9905771315116751,-1.429836190447349,2.124700587307276,3.2611073906838044,0.5373636200361486,-1.6775765256129602,3.543695988043244,2.187638416736783,-0.20405139749160933,2.1314858604083957,-1.512107646866974,1
-3.1843193710751447,1.6248810780480092,-1.514093792999919,-2.773724269676638,0.8031591329356559,1.0896809567496335,0.3975603549249358,-0.41551686915259856,-0.22878826330459764,0.16520275713567392,-0.20206533803205318,-1.701938552743777,1
-1.0481013799501497,-0.8823873789379658,0.9546484423345578,-1.2479831627174598,1.6946877183178057,-0.6492200902776065,1.80030549819344,-1.3285485117543858,1.7265424908435072,0.15865243094040202,2.75267634171139,0.6609655013208124,0
-3.571555280992813,-0.7087879326164699,-0.36149452932875503,-1.1500519463252308,3.035895563730584,-0.9906314852814441,-2.306480172090825,0.5162255878200078,1.491095852365121,0.13207313252018013,-0.5114736019509754,-1.5309470919577628,0
-1.3237846850018564,1.496789221332549,1.5492201899254756,2.167314394849082,-0.05891142412822892,2.613257162940414,1.7230587611928923,2.419063764261926,-1.782684843503565,0.39835636761916204,2.2338980588742956,1.3629006525634972,1
-1.2246798722459933,-0.5101864979160068,2.6216715404024935,-1.6305113259036679,-2.418135486098322,2.000769597730894,-2.1910847391837076,-2.0293460078319896,-3.852486163028545,-0.6244184760156505,-0.9213362372748212,6.509551760678601,1
-2.266079216346938,-0.3711996272628764,1.0419901463615455,-4.372522275897856,0.13211726664048262,0.2945673828684858,1.4495422362392307,-3.084425309131955,-0.6587091640573711,0.500100580779825,0.9329344380890366,1.6249801337026066,0
0.21907290372287735,-0.9640283323295351,3.2132892849916397,-2.9190063534542587,-0.5198058252955149,-3.8257803952003107,3.65685235785498,-1.1973045213332763,0.26708995694829196,-2.866071607888922,2.708759560825661,0.19949539774820477,0
-0.48401447233792394,0.9085558036586513,1.4942474399272259,-3.2588527666391602,-1.6957188959761078,0.7914766003021192,-0.10096192606382615,-2.1784990929905352,-3.3919265732171446,1.3133436353515968,-2.9135264429808156,1.0241236464044858,1
0.2839639055458114,0.4645149818847245,-1.2820717943855253,-2.7315907828377775,-1.851721098744336,-0.4413709841322011,0.519146604358162,-2.4452631332682397,0.26858421911368646,0.4214684213647921,0.7581183626821753,1.529286394716311,0
-1.050829757821018,-0.27174590906430074,-0.1881111910823947,-1.9763433083301982,-0.7609544627960012,2.2236449296820586,4.072724911027494,0.48669541003743166,-2.613408118790058,0.8316997869938748,-0.6137141277896103,-3.3979992996291024,0
-1.3489180864962138,0.6929213974770416,0.40733601403698994,-0.9447867098668653,0.95347585661272,-2.0216393439237477,-2.575623400356906,-0.5804025327801747,1.2088750798084102,-1.5692610884379432,-0.05610264154571465,1.2544888546371749,0
1.6517672933542495,1.3275001293482442,1.9357877098595573,0.5809537007916923,-3.570957500634714,1.4726691934026526,-0.3049000321925911,0.8379822534553523,-4.964130342019538,0.8353420373092817,-3.2166440023571976,1.3715444759057962,1
-1.2172880389863643,-0.5330489004962988,-1.8748576008817204,4.5080203174002005,1.3183534654674784,2.7299721813480975,0.49753473869143583,3.3478451269986085,2.0305089187381773,-0.8199208001745127,4.501995487628973,0.9670056723172129,1
-2.222563101446733,-0.17559974861931552,0.24222881035265487,0.6015304153856493,1.9058065619950628,-2.849446184024753,0.4314401545358688,3.8626739691859875,1.1349904699354458,-0.6488224760860235,0.67839089761631,-4.5605487130326114,1
-4.345318858130372,1.1811417914446827,-3.3834519850657836,-6.05097902439075,2.1801898217691247,0.21517148503199857,2.5071603630777703,-0.939600060286903,0.3705890334125386,0.573723898173715,-2.1627527193013227,-7.942151249192263,0
0.00778123477646564,0.5195828276850126,1.741247966294914,1.961259118629472,-0.33638992861032024,0.39701310351740027,0.5969054867455231,2.594232888083733,-1.8433397829574338,0.17214540866226877,-0.24702857456870886,-0.56899273463147,0
-0.555589888518127,0.5828701380845758,2.582391772953652,-1.300529703478446,-1.4992683049183497,1.937960453371228,-2.8888986391632385,-3.2447960213891847,-2.6213335147709804,-0.13970294684092865,-0.8126216764375125,7.395117458906946,1
-0.28801746102139314,0.5397135791406706,2.311252995139574,-1.0886206024541332,0.6618865034900707,-1.1220150388626138,1.0299326412235463,-2.2450882754345725,1.3656610360176609,0.603842967375131,3.4856089206194234,3.970650273129041,0
-0.3040492894833644,-1.1383089195018246,-2.214804590367036,3.339689826358828,2.551877458072007,-0.9903892376176383,0.46543366236436734,2.6793771883286555,4.525047732518611,-1.6153292782567135,3.9979180919081907,-1.870171849159498,0
-1.2429818851669165,-0.5004414024550385,0.6486833815616384,-1.806962881565155,-0.7074590626474951,-0.5555223001651364,-0.14629076113172257,0.06694225871594117,-1.510502396446685,-0.1506975700172804,-1.0681583095820644,-0.41775411863904843,1
-1.2430267264146695,-0.03342358889583366,-0.022969141452783726,-1.4264262052570342,4.109618884527032,-3.6390720884665964,-0.17468674572788645,-1.2787118430455662,4.681304248164458,0.5389104462034271,1.6796693554185524,-2.1210933302672363,0
-0.7862202476610213,0.8796580723794442,-3.56488376439939,0.7381995714884639,-2.0036526315984027,3.5581995323577775,0.9106814758648107,1.6588772074207638,-1.173375292861552,0.7691374147371076,0.6112545331179529,-0.7553225898677691,0
-1.919971489113732,0.5911333463459686,-1.8186765923265842,2.048104359831892,2.3919791468756926,1.5929623200045138,0.8755523767473194,1.5230437863532935,2.9039430024150246,1.0453982102475798,4.0903082238939215,-0.06639680190644548,1
-1.8646861081284154,1.3262241468788498,-0.991901809556782,-3.879325970215854,1.579176686453989,-2.1177638814755286,-0.02505448549566469,-2.6707644220612785,2.4935476705987716,-0.19765743943596065,0.8395792792756198,-0.7291322272672698,0
-0.007892942267544445,0.6737535484461556,-0.5972318340578132,1.1632568122896059,2.3194173728690775,-3.675430907559548,1.1010381217258063,1.5252579814250262,4.463753726586179,-2.704196646876093,3.5961524689686675,-2.2996106999973405,0
-0.305610124304736,0.16784812011308678,-1.9075191554185635,0.8305214431446313,1.2025448718455913,-2.19718932026481,2.5749495931619277,3.1192987198770874,2.4217747987712435,-1.3992095729944753,1.7994068038801436,-5.717662738540283,0
-2.2585545226974255,-0.10046161684942513,3.0384562942060453,-3.5936596130624516,1.517144162003675,-3.0362049448790716,3.866773838493943,-0.23510280439978026,0.08847948307098256,2.4183899332308028,1.9162573184018417,-2.4763686199631256,0
2.4431411710662,0.9328971532456979,1.9892884537121032,1.6244807490562534,-2.84480522901904,-2.2338388695390483,0.6169070588097461,1.002111912054572,-0.5257594798734414,-1.5506099091513506,2.252191473145241,3.161826622205488,0
0.28998021906610183,0.45191896101956447,-0.8941340998606389,4.641634932591212,1.0843543558446256,1.0526238352877237,-0.19968587256667925,3.781458584521854,1.111329577491018,-1.1342478688521058,1.5056060989708548,-1.1660937690600104,0
0.9818000894666186,-2.0269243457425414,0.12064924433695423,1.1743372835108354,-0.04024133305337463,-0.5404294581646152,3.7600600356428275,0.9032349572677998,1.6701160397715857,-1.1717975357093626,4.277800693207347,-0.27031251204203316,0
-1.6000572102844979,-0.28085729510071755,-3.0447697059362424,-4.415197997586453,-0.6007349683237495,1.9265693088306228,2.465512792721559,-1.7139870692875534,-1.167149006995301,-1.9321044603945547,-1.9514942159595001,-4.186750110377926,0
-4.297029258237874,-1.2056045575557068,0.9028403858425131,-3.139106775828364,3.9154776209167412,-2.52284783275723,0.7796074098316886,0.22315664020171178,1.869699746218315,1.5982776677491126,0.7789971831448024,-3.6920758105792837,0
-1.6096157168264869,-0.33413040953745105,-2.9944951225638112,-0.08994814719473582,0.9120765356164944,0.2511743397086774,0.24862063500367038,0.9331174499304113,2.1768869073565433,-0.186060898702018,1.7698317212907417,-1.8247938239069506,1
-0.7544019782050007,-1.3610733999761409,0.6141884584226514,2.368532611175031,1.864326182312781,0.7279656787452071,1.7205444804616463,2.3938180914983036,0.8145008496166094,-0.6468645237195753,2.1447458423419916,-1.4043714981601283,1
-3.3749787841279595,-0.26036922214389846,0.8902842552871351,-4.331339495230688,2.605632799978242,-3.175758332574296,0.8459428778261182,-1.5553337785538541,2.0648208716662246,-1.9841250753311428,1.4045606999312699,-1.680716163774692,0
-1.9689381452160966,0.7134481509147299,1.486080389406799,-2.66041681066278,-0.7487718521183512,0.7330149735671546,-1.2483173272453782,-1.8440362294311392,-2.1212169172788107,-1.8531126977871388,-0.9054570460328897,2.9882926826740484,1
-1.60081707239279,-0.6276671413290702,1.651469068159417,-3.4943671472402094,-4.163928460224493,4.2121504960640435,-1.4498494145413963,-3.0648406004389352,-6.140568929001896,-0.052034430625044946,-2.4312987961226664,6.441235716833331,1
-1.0222403341325814,1.0310585464098811,2.333051910701479,-0.7992863593848342,-0.24423238289928006,-1.1219912132727294,0.6702687499483405,0.7997023296985238,-1.452479472744204,-0.2531293702050176,0.14538848610370603,0.13402138861858076,0
-1.900873350591207,0.4246382881475392,-2.9584695859026526,1.5299037365674344,2.2063379020282685,-0.34277360292290693,-0.2276357227228123,1.6987866280879793,4.13949211627734,-0.210678189962959,3.9300220136826907,-0.9086394979223057,1
-1.3824937996740376,-0.06275479424859158,-2.3888686041269196,-1.4619303157630528,1.9798701921576658,-0.34604723812146165,1.017081885095667,-0.8852454713339839,2.9739616045425024,-0.1097718156231633,1.6958894086141025,-2.1602175467444913,1
-0.9680541832238861,-1.0305328652342882,-0.7617331136727394,-2.1584881072801205,0.8211280764133269,-0.5053298342690429,1.5103740164575266,-1.3839728414459609,1.3576467222691964,1.0368848772841355,1.3035881722584366,-0.9276271482981158,0
-1.0907142984193516,0.10176274791598686,0.14068812769665007,3.415164430014765,1.5503080919579995,0.9717056326643074,-0.6171529750018656,3.814166437474837,-0.13091206245708276,-0.27471354032255,0.08239757574783901,-1.8403219366578525,0
0.9185274565678514,0.1117237303229676,2.4281903226371075,-0.6915179096276506,-0.9080783381159618,-1.7734683059375522,3.934612043909814,0.20437222762784946,-0.3705833356338087,-0.16492357891425086,2.6507011709024333,-0.05120606087514129,0
-0.31530604978568955,-0.9217650938009309,2.1439055788052133,-1.74072446555929,-2.11671588196524,2.462687503121135,-2.8021573472464443,-3.7242997587792397,-3.0821400190648696,1.5386218740262032,-1.2641603607035066,7.52195104238416,1
-0.08921768130997432,0.5786163977379409,-2.112014305926264,-3.4356984516155906,-0.9137853033136503,-0.38737029440516935,2.3042549985925658,-2.6405331589135237,1.3235404340825705,0.07518957818078681,1.644996327299715,-0.43781172807819346,1
-1.8867720486842607,-0.5102196738717701,-4.714696114289394,-2.0828799245332044,3.7583392390274106,-2.344707062466345,1.307106674431275,1.250902084236215,4.100745007538836,-0.06026328058386053,-1.3717562028473298,-10.129570249401967,0
-3.1845757362316824,0.5040809929241935,0.36174950092903735,-0.7107639535949513,2.141153030130223,-2.556312984881054,-1.2971206898631282,1.1323246097849682,2.2608692915591724,1.1511528632679464,2.291286706072132,0.0007523563877879611,0
-1.122052483157323,-0.7998007574355133,-2.8925199421067065,-2.7118903676758555,1.1823826552657741,-0.7212243756795429,1.2873838771299848,-0.8774115736898405,1.8617142661428805,-0.4364885253145266,-0.4255455753127708,-4.378309714450411,0
-2.5635212664716893,1.1054356778925822,-5.794136348994308,-3.6284381629947693,2.4304533510663937,-3.031895045950004,0.8421271434230683,0.7887271722560885,4.146366747046142,0.96412603624642,-0.885092010985711,-9.373689852583013,0
-4.112755329744078,-0.7543169572520008,1.6692815506159282,-4.008192580870186,0.11938448875351293,3.1332032384543194,-0.7758333810939118,-2.33783173438306,-3.618158354837146,-0.03418978443054438,-1.7992196207259814,2.5598451254919596,1
-0.1934172896250539,-0.06544529962272418,1.7441397725298053,1.9399267248170597,0.6911664315834695,2.3091112708537738,2.8172094826411422,1.6002725680912953,-1.275483884373278,-0.2280720990581697,1.56937430102318,-0.1927571062156183,1
-3.1236362116623657,0.46412121362603326,-0.1820501275226616,-3.9211292412850955,1.592640129210256,-1.9068585111385787,1.3286194740896073,-1.3979734524172496,1.783002376135979,-0.5879632965708306,2.1079466048476045,-1.0484599770622318,0
-1.2650776649029087,0.1945404569267825,1.8121515476247,-1.6595632192785634,-0.30352830702553124,-2.018032860651407,-0.04643539458340151,0.5864004762616593,-1.2195243674909686,0.7771919121762184,-0.6672485631280813,-0.6113414620997862,1
-1.2201227985363556,-1.2742794650796134,-0.8290151455569199,-2.2124585022855703,1.9867775143947268,-3.149675681525533,-0.27112335247963504,-1.987018208547843,4.1419596191159,-1.6196232232674352,2.816751018850665,0.3537213172450739,0
-2.436221639195569,1.0592267092362606,-0.7071340225787253,-2.2961375737523406,0.16302403615547623,-1.0017443989723327,-0.16169944835377636,0.30311888692533606,0.029280834931588874,-1.4264000255665334,0.051987070294973625,-1.34847931863829,1
-5.277330161361787,1.7274728081395003,0.9199974749250326,-1.6718862180660152,4.80114046746515,-1.2625159188157373,-2.017899554443254,1.7188175643563888,0.6078773030918412,0.5860257867066712,-2.0758172434986486,-4.385386230000182,0
0.16368047842497235,1.389948294035706,-2.122069690811081,-1.4506021558911546,1.2805468722309932,-0.22515509482062268,2.3161215105804733,-0.4623071459404702,1.443379297214996,0.14968515987674602,-0.6498971699309337,-4.911898483900695,1
-1.0765161746059224,-0.560838737250439,0.7319915745482533,-1.4238648216713774,-0.8473480162364797,0.6869004558550182,-0.6913979856342329,-0.5192683714095625,-1.963876561212387,0.8977263118091192,-1.2971337433197343,1.00749804837106,1
0.2044042852064576,0.8795777972889077,0.5606811234260086,2.9771653368576,-0.24443087740487512,0.32098383066277814,-0.563404289507961,2.806981940694541,-0.5360903286125476,1.112561592597041,0.5685210769587121,0.2826668044435786,0
2.5396554070208843,0.7224580257342339,-2.8838236490916045,1.3358042075985892,-1.2982011733719097,-3.7164990940030753,-0.47327110067005007,0.5570762347493481,4.115634493485255,-1.427779292609576,2.903725681647435,-0.021732854384357878,0
-2.4244140930077114,0.05682236896371054,1.2329590785930995,-1.5260051615225332,0.6482205351218981,-0.22096044740726595,-1.6742074724887832,-0.9432332283715053,-0.2182996983406325,-0.28158180757693313,0.5722056251808043,2.6988571790539084,1
0.3174387716385725,0.43015380949531085,0.03569274005686163,0.8992905205636457,0.22203755273014314,-0.8579802298694768,1.4748315349325383,0.6462575048548468,1.5809384972119727,2.536158100872655,2.9377222713666606,0.3920049941579255,0
-1.5688456246716642,0.6167756798157589,-0.33346241344526684,1.508108447661634,2.2060178245079785,-0.5196537050893376,-0.6180609786940217,2.1288086493953036,1.5683742411716513,-1.083726850689251,0.9313591658469176,-1.7104749888971158,0
-3.087442488502347,-2.392412094452823,-0.3917094328168802,-6.170539327876623,0.43831766862161126,-0.05386788977955126,0.8970740484389299,-2.910695494815556,-1.3341482962360702,0.2511776923047638,-2.3205688284551504,-2.343181588830883,1
-2.3712083561603454,-0.04764843230309214,-3.237864348716583,0.5363033973988246,2.7017066532693637,0.1592679155850485,-0.8606409900470402,1.1556226767750113,3.4206838913977373,-1.2331813058243257,1.7043029866784045,-2.321048488221882,1
-1.8174297213629957,0.9926781897778979,-2.241115467960995,2.54953241898694,1.8697637774957636,1.6541512569853656,-0.34135876810680643,2.6236516448431724,1.856957027354606,0.4002606230830512,2.0314745741720626,-1.2865921120017036,1
-1.124043549335046,-0.19182166090808067,1.919241149100486,-0.6309317835621966,-1.3579209789212552,1.340829807191204,-1.789663399740109,-0.7452041125108615,-2.656520080752015,1.2603697010086659,-0.6948302664196293,4.1912682904640866,1
-2.8657587529379436,1.24385100961046,1.3258664797499515,-4.543285622798741,1.5297170412796564,1.9143317047315038,2.654924011731228,-3.0349511522643953,-1.4143966193916995,-0.07881491676989408,-0.2781051797195049,-0.5504574159917482,0
-1.567379726309523,-0.2597291173910833,1.8961653562480258,1.3304029242822784,2.4824541127629907,0.519341746552207,3.573429066498962,3.299927473454466,-0.6913107835519241,-0.9314352901101262,0.8080798918552877,-4.568752352306935,0
1.7711080318731873,-1.2447924453506718,1.9001419884888882,-0.47550984529930973,-3.01414207069286,1.3175742570999749,0.05737647008108282,-0.237520246134166,-4.751904422853459,-0.17000229155364274,-4.001494185300204,0.4603501241931613,1
-2.6364888245392075,-0.2387027265017893,-2.598613733975652,-3.211757576068614,1.3953910191650523,-2.744460328144263,1.382939892453752,0.3455878153202725,2.778262139878057,-0.45012320583675436,1.4753239969347414,-4.534796732601997,0
-1.0765706029635063,-0.4329736946789847,0.07443743467144426,-2.1931764448648616,2.020362752404733,1.7442216604073908,2.6079843957997646,-2.1243107075957544,0.23426248892215448,0.6928600560790303,0.04315035134501999,-1.7396831233316905,0
-0.92738707120266,-0.7303978264109515,0.8294596350271302,0.2621427257517856,-0.5140633194018828,0.07601812510515171,-1.1395620842930951,0.8874596339163083,-1.1658113184549084,-1.3602992465200239,-0.2762129649584164,1.186236557849712,1
-1.1295578864011668,-0.8566152273117552,0.6777363079365788,0.7331198748791504,1.0411521836433821,-1.4964846174640223,-0.39583198949917753,1.7400060344122688,0.7834650197695577,0.6059428711781424,0.949044385184031,-0.7418450785442627,0
-3.8436216740378155,-0.5039473612613552,-3.6980749895345033,-4.758419203464753,1.1492312409645593,0.14930262735333955,3.0907177532626244,0.07412917029346833,0.7979359876731221,0.07239206350463563,0.0053263028178407446,-6.64948335208374,0
1.5998123473142007,1.1287461559446743,2.8286759533631827,1.5080567965723255,-3.863158663240477,1.2902443800000756,-2.647329625339564,-0.39139940644314153,-3.854264383832385,-0.4382355480360761,-0.8070172553704316,7.164935027908304,1
-0.4805114023694903,1.7609117367026963,-2.1517371058189476,-3.5598243325052428,0.5053660305425177,-4.245740623066896,-2.5051226529315302,-4.03994937006244,4.9253126016091,-0.43989107334649724,2.3976498055743254,2.723017665979819,0
-0.532430027018564,-1.5611811785228946,0.41121356697245504,-2.0249347578966344,-1.597996480763206,-1.5716626960330782,1.0921404102735763,-1.1244186430044576,0.4615958238278203,-0.18949632540067818,2.961684710321638,2.6212163944686866,0
-4.233348560426369,-0.07802549927024048,-0.8526103069327777,5.086309271284218,3.117035335274023,3.3427617366891234,-1.8457939400484935,5.091937802752003,1.196612432579613,-0.4879511921418099,3.5075578012004014,0.9675632803836834,1
-1.6645017833924785,0.8491226024007282,2.332553527773504,0.11920608421218981,0.2887256975652669,-0.13338772514506725,-0.09906559369786394,2.0079921905028546,-2.3019276646271236,1.1367630879047297,-1.139079232953048,-0.8304800906035062,0
-2.6112197531052415,-0.4573247104776984,2.730367906892358,-1.9444591496177288,1.513047415708722,-2.117286857385513,0.8708669224003989,1.0888183947290528,-0.9375827560611468,0.3320796059592476,-0.3327085866918664,-2.126532688019416,0
-0.9344547673137722,0.874688174201017,-0.897079146538773,0.8411470383143475,-0.731057130196763,0.9069810582738316,1.4113656003080899,0.9236204837622419,0.9553044071648666,-1.0212033402327132,4.241442608799361,2.1654446446268456,1
0.8440283635733123,2.474173963303778,1.5379281759714818,0.6786942780549228,-0.6774260763367255,-2.4070051499937115,1.306224967756298,1.0095260303887506,0.6615742048646386,1.7888183070369208,2.4139065365419308,0.7432952276636609,0
-2.524773096140353,-0.022192027110248175,-1.9263545984505108,-7.375389581846882,-1.3121176538628971,0.6310490488487615,0.11942002416872866,-5.311755193123528,-0.8047883751548078,-0.9950770985988843,-1.2323369296947966,1.0803376265316462,0
-0.3860701482479455,0.01024377628753123,0.37114987642655217,-0.39912787387193743,-0.5239715124487401,-2.462651065743321,-0.0828662202140309,1.5913055793217914,-0.08677297506527598,-0.724163017926799,-0.15966749332043295,-1.642998241313814,1
-2.3598032837369316,1.1002858290825157,0.4166752345688043,0.882966214953496,2.4424006978495445,0.09700064433371858,-0.22398284271782898,2.330049984113672,0.2803171957131196,-0.2706370682635445,-0.10798932076403633,-2.540989660646278,0
-1.0751776676794143,0.062239554895462845,2.5676597713235543,-0.3572268905338121,2.428078633695019,-2.0010114378753263,1.523260115709637,-0.7378071788157796,2.3643547569922245,-0.302502388701238,3.872544673080422,1.6135578234910772,0
2.453048510566452,2.2573682549262273,1.8056191866509403,1.1934837549479467,-2.078767240727382,-2.3947684930479083,2.5052092727303723,0.6753357287170825,0.48996436359687867,-0.32113247498945086,3.5669067672546815,2.0421942901246077,0
-2.8329488993583487,0.3445910282805456,-3.49181210018204,-1.7158775943087414,1.1595915597288415,0.788445645308723,-0.648502734420525,-0.4552868018910201,2.1511094287185872,0.7569747466525414,1.3355568983583388,-0.9797535156376191,1
-2.14064176607281,-1.1655585314022792,-0.6435444553295891,4.054612501142912,1.618704450881435,3.7331711819977578,0.8686088834716541,3.914553581828292,-0.03958887306379751,0.6037048942754083,2.717872610568035,-0.23529438587939303,1
-2.181602742860089,1.1646032919630733,-0.14011130376730496,-3.365862282931327,-0.5214321449364019,-0.7769574590820069,2.222144209697115,-0.48676627789022187,-0.3635639773043691,0.11499089772450817,1.429811821481117,-1.018725474981376,0
-1.8035836635445937,0.7550975696465376,1.8629520682467025,-1.7118182326456863,-0.452215209551447,1.9607451687590247,-2.544312991083711,-2.7622016256072257,-1.9119697348437799,1.443666275634131,-0.4236219827203217,5.891277452857772,1
-5.642845930423197,-0.22439652039649896,-2.04217658565784,-2.045671780797595,3.2378263664363054,0.924487583913256,-0.6353869301191195,0.8909642269952763,1.6399696721819939,-0.2762868361054965,1.316917242503131,-2.2387437569435655,1
2.9728529668603683,-1.393011018683233,-3.2288105924100146,1.4463474610773652,0.6365007294437869,-5.06588562276403,-2.1239871761232774,-0.7591510370599293,6.566505517509552,2.460293517850871,2.630269419865404,-0.020845621650855135,0
1.170433102834093,1.2082571406720397,-2.4824487932055934,0.9946239543297306,2.2684940798290074,-3.690769797594861,-0.456157984228589,-0.4493845033460415,6.22825024432641,-1.1255196313167182,3.3730378694273364,-1.0954384362568184,0
-1.2277023315615974,-0.1277536964618098,-0.5135842949473445,0.5177456389018579,1.0610972674870958,1.4783130559085038,1.046996623063271,1.09546930392456,-0.03153333225210002,-2.347779707670473,0.5433241532929701,-1.488114152741336,1
-1.5785367603649183,1.5885284346967528,0.14890357128565745,-3.6352664665099486,1.7156417584460963,0.05447905197092795,3.6585708069258587,-1.344593498896258,-0.16564749424698116,-0.3285859078659594,-0.5879924379572419,-4.425148540158038,1
0.005115451016568295,0.2860311935678747,4.163204185596353,-0.7791061932287916,-1.655865450654018,1.0417372878020055,-1.2311311966539134,-1.021277941957957,-4.491147417016505,1.3451333818477498,-2.6358690640750444,3.7602469192154566,1
-0.8637092723759183,0.9623342608784314,0.9830606805203728,-0.6584432033391457,-1.4228375047769404,0.5498145824670793,-0.7341982317507054,0.3451270756056757,-2.3066450625454955,-0.6134886764681408,-0.9310645550971699,1.3955761546465832,1
0.021135905517750464,-0.13594426713049956,-3.031240389758108,-2.348198366110304,-2.483299352518123,1.3859556931522425,2.6771828740840564,0.044995055240836246,-1.5566736240753525,0.5730258857785876,-0.9889173953216972,-3.395929685977778,0
0.19704213912068202,1.4417483660873043,-2.9108062468120033,0.9944943736387228,-0.2870494590123531,1.595121716343974,1.7802032326189579,0.7232452802763438,1.4927690643695826,-0.15737964816707192,2.3698626993668217,-0.9612448071522519,1
-2.2353551217926126,-0.040465729926508445,-2.133452997542164,-4.357299633081827,1.973654972321581,-2.0793920189842585,-0.057047109684029484,-2.4519404768093125,2.74558518733867,-0.8376318418692847,-0.07991158416799937,-2.7044438143974547,0
-0.3846669513910287,-0.3963889788214923,-0.3828542682829137,0.618719968339902,2.9372467536534472,0.27762975857373584,2.244383098962685,1.2714806370580698,1.1202912536629581,-0.5248138590126628,-0.5732775497827285,-5.2992674886997495,1
-2.3260022695369997,-0.11441693972751703,-3.152501222615913,1.920463518208728,0.10986268449888992,1.7917403224436343,-1.943025819630307,2.37435643180425,1.252002228236226,0.48269121801463966,2.094882468229188,0.8827308606329662,1
-3.45515511702731,0.21704485078635502,0.6268462167931368,-6.2260860524206665,0.6691303659916816,0.771186076750483,1.234426387430683,-4.457485625866371,-0.6782735306330002,0.20771036273557567,0.3675511653347069,1.5424574143091505,0
-2.6682029790770656,-0.3189299729500246,1.00277732784048,0.4910508255823368,2.697302118915462,-0.6459249779400417,-0.586047047079622,2.394163062892077,0.13694555179347812,-0.5754968043154589,-0.6014020265212241,-2.836469199378187,0
-0.4303623088929067,0.13020588122500582,0.605180372681967,2.277323249777937,1.0495388769088962,0.5554859165338359,0.36070419730035064,2.3954726749689166,-0.09418662203904957,-0.2598355374912037,0.5271018154484862,-1.1290072596704341,0
-0.9458392517037649,-0.6075540707213277,0.06625975135163698,-3.086277022304116,1.345346015866614,0.44311340449884895,0.9702357681252844,-3.554944542407622,1.032559643913683,-1.499529405535055,0.5942145949250832,0.8536403685409829,0
0.31916799767667126,-1.4713185122935128,0.4867441468538545,-1.0156976828146675,2.162727155854557,-1.313329947703337,0.11884478875447835,-2.8684450195460913,3.030868864298149,-1.1224810167243289,1.8032487650076419,1.4567210627489948,0
-3.0464610187385945,1.001394242932492,-1.517440078396036,-0.9019653061387669,4.075427735502771,-0.4064439573099752,0.2825416125065532,0.8934441570492302,2.493601519159715,-2.081339715331661,0.0031097068335801392,-4.825805310415256,1
-2.1400460604495564,0.015996078777228556,-2.574004363957169,-0.9560225273305409,0.779089847632876,0.8741897273446256,0.39497034032493517,0.6759810894867602,0.9527060364724764,0.005608783455156331,0.6333113851419919,-2.2323372267507504,1
-1.8225266766032258,0.013530088415347263,-1.5421949060096092,-3.0887595915156,2.683253327953244,-2.1024959860738344,0.20591486449385166,-2.37365581074812,3.7835666429862607,0.32635495981497653,1.5530760827640844,-1.4977935417097898,0
0.8028276005261394,0.01269709617211363,-0.815188199942886,3.2593699390046735,-0.22571284421209903,2.7102375673547687,1.7196146300129613,2.377041541013236,-0.4831099173264571,0.9711490575666741,1.2484230225573194,-0.74501547282407,1
-0.6409413235599396,-0.467752243509841,0.3450043797141955,0.20783656156291813,-0.1000692918123689,1.2796943636140694,1.5265014513142108,0.632773839362661,-0.7749558647871473,-0.6339039467738709,1.032707133830554,0.006399987165063166,1
-1.2155988733820382,-0.22228244786105353,-2.2621597508752993,3.2347128002715113,3.5750448410388103,0.4886587332560044,-0.04761063003823396,2.676273618699166,3.7301642142035942,-1.0103245153785736,2.356228011303209,-2.8680413885042944,0
0.9003760978754907,-0.5689963998455404,-0.6750140250917969,0.2712751125426767,2.127270291243442,-3.931973863349552,-0.9331528302739398,-1.5318648944266966,5.494927322119386,0.10798934648344241,3.4739596072438497,1.2187733561224394,0
-0.2727253401361629,0.8759754966313197,0.05180865009803681,-1.3205708549297985,-0.10967991374277641,-1.9986077301302922,0.7142569970736283,0.989737970361318,-0.45807752790302264,-0.40707547337724637,-1.5105434470275165,-3.535416812852163,1
0.22848961730005013,-0.11759860887498813,-5.801550524666648,-3.245084926116647,-1.5015149883192491,-2.2712488099255763,-0.4523418567590034,-0.9170059694180512,2.4405530739489145,-0.5567626765788747,-1.2384778808329975,-4.453251866290415,0
0.38875302523566346,0.9676736557067567,-4.310577242872098,-0.4753369062531986,1.8666721719905939,-3.2816228193568335,-0.09469267975350104,0.28377863810237836,5.120852921996349,0.1282328417473309,0.8403041349929619,-5.04411183324424,0
-2.4193442374711234,-0.5641382173460927,0.9724816298350277,-1.849006639910446,-1.321914597908507,3.2223415152739596,-2.872884849677595,-2.7819923178992805,-2.4450556711302553,-1.122743423509406,-0.009604825462531386,7.0694343529695916,1
-1.1869548362556221,-0.3992558688416348,3.1878736467961586,-0.6187669893939485,0.8856687760708684,-1.5267124439138708,4.127156490744567,2.215388477223647,-1.2655672985575903,-0.593684755110353,1.3399719436469621,-3.1777464259803847,0
-1.1163056743727726,-0.6074707582017668,0.6449984674976063,-2.4558950271099187,-3.1844984076029013,3.2385769668675755,-1.1853617154239569,-2.055503233267511,-4.451570536967314,0.6635605960183351,-2.00967276424843,4.301729064072379,1
-0.7154364023182012,-0.06948812283640744,2.270475214083657,-2.654683865164459,-1.1243403302734616,1.2196855620557543,-0.2755328853255601,-1.876247484967681,-3.697177413804696,1.8227242437947506,-3.0311226502652198,1.3094010692639533,1
-2.119178225081129,-0.48838364245080107,0.3874454294055989,-3.324378839859787,1.376025639388548,-0.9506543617341079,0.6770214874148308,-0.7869633076938192,-0.5114731391397865,0.13710261711918878,-1.8680960966484306,-3.2220977256309213,1
-1.3485985168746744,-0.7198590091073341,-1.6422802858308991,-2.367118187635832,0.3110818288305479,-0.5492032017355293,0.48239387862752325,-0.1668287220058835,0.15433508693274256,-0.09356353831021388,-1.2347666487615154,-3.2632464673904753,1
-0.4794382716161698,-0.383456021821091,1.6918981264982123,-0.32063731977641097,2.722959751388169,-1.3307935697825855,1.4151547973750527,-1.1184852008546098,2.37357682201263,-0.5108253810263469,2.455697943301998,0.262062925507795,0
-2.0959597729026553,-0.4555085462390047,2.141071119883404,-2.3836585102891363,2.9027348102939046,-1.7383066992067275,0.8357560699296334,-2.48793023728565,2.422433334915513,0.3850243738457881,2.9833378735143907,1.8337683842137769,0
0.05780375618367528,-0.528018121555331,-0.8077931789586061,0.5508359523461648,1.9825081911233156,-0.7325997113813811,2.6385042005390944,0.25884342396409443,3.0487073714756434,0.2945729247317412,3.1938629429503234,-1.9021275544270546,1
-2.037936802634782,0.004293373154479013,-1.5247195539531209,-2.471008468029,2.358794185430207,-0.2660897288951586,2.402436847613724,-0.03603473177970562,1.231208116280688,1.9344526153712287,-0.3308654327696048,-5.450593439688293,0
-0.4760305434239269,-1.2376427792206675,-0.4846178905622387,-3.121236540923243,-3.003834934881856,3.588112166853209,-1.3775967305885635,-3.69118563311343,-3.532224978946237,0.6233069548254458,-2.2917869345369613,4.465426891316614,1
-1.2523251285270307,-0.052251463319285936,-2.441295448111192,-1.2169213479961911,0.804573858855375,0.3672443164283301,0.4930877958434241,-0.4451242841713692,1.6281773721052584,0.505915855914551,0.8624878715859192,-1.5961063336031125,1
-0.6320817021393921,0.9543813304181674,-0.4224167239706116,-3.0443226733245266,1.3502360016745927,-3.791679866648872,-1.9287322285135324,-4.236684295943446,4.685293432367499,0.21884269388573022,3.137872750819901,3.8503291903335093,0
0.18605236926542856,-1.6514358038114598,2.074556822417873,-0.23729538986491622,-0.34506675201948167,-1.7728686155821172,1.983941941985243,0.7217360940663392,-0.27853664179912146,-2.265615766346117,1.618373366432016,-0.05908046165317473,0
0.06131215004485524,-0.6114512672429789,-1.3141114773913105,-0.506015616446615,0.6413745832463746,1.552527982748814,3.0679802265090337,-0.31045884862690365,0.5164002210659275,-0.22517211311245536,0.9032993067200785,-2.4668193337177473,0
0.22507878472259746,-1.1921144457737456,2.3172070874053983,0.7002989671003755,-0.38753236621423115,-1.4368218266906176,1.4191292639634907,1.6048748068089231,-0.8442278055149989,0.6245363395707166,1.0309115050269997,-0.150392072456478,0
-0.6894571377900817,-1.5900894995097332,-0.2833115021228023,-2.781218423005525,1.271540352212906,0.018001516134635853,2.3699627455726704,-0.917421145693319,-0.5354167753954978,-1.8376393024309294,-2.1893105251976426,-4.811833541310415,1
-3.233312938791018,1.0265152839298433,-2.294112127830716,0.9538130034172815,2.761482593844965,0.682063927905192,-1.496933550950904,2.0194542924887102,2.245884958256727,-1.268129950678421,1.1744570694421372,-1.8674717035740838,1
0.7214848133775211,-0.4905468571142249,0.12607631898877103,0.036101740610291116,0.6987728014951436,1.6112296849981764,3.6864547044748557,0.06126594322309731,-0.5085215272312769,0.23462231184649093,0.11991799464992581,-2.8971600955127035,1
-1.1670924561196447,1.2842051857991674,-1.5487196901182119,0.6377493435470506,0.8184202144300932,2.3111427569950806,1.2542338135869633,0.6966938834887824,0.5003916565647344,0.86245075213773,1.4420453378866578,-0.8000088118504961,1
-1.7649597152617738,-0.08257737595348658,-1.6775531001359796,-3.0304225833711773,1.3626167621825813,-2.1631649003914033,0.9018791808073766,-0.7438383751418196,2.1795272827754344,0.6386715252601253,0.5655922369388393,-3.255938844968491,0
-1.2438411161741085,2.191366295811603,-1.9800900675488033,2.0142598003792975,2.636521378075323,-0.34443645985159077,-2.1736843014301153,1.2748335852467967,3.3222322580975967,-0.018679234320016662,1.3354341304581858,-0.6662732058970308,0
0.5699075412715375,0.7765994651560066,0.18397740412371366,-2.4866940890601796,-1.0708247577838763,0.5815341924905235,4.36700987314775,-1.7536342973369299,-0.6486540485190536,1.1709261981099153,1.4515893855757696,-0.8101556210858868,1
-1.476289202047413,-0.917540449736474,0.8757363708206536,-4.198666630201875,-1.994640750921794,2.7040655582641904,-0.3847549926437067,-3.1997298525284767,-4.1887551653074135,1.5652986335697416,-3.12057466915026,2.2628532661521943,1
0.5821861428069433,-1.014303509818502,-2.103432980368181,-1.9653643159429193,0.44998795751491505,0.09371867109672016,3.224048983398645,-1.6113629320231382,1.6777073325767577,0.2801592881091928,0.9865973883813337,-2.9610460661486626,1
-3.2449054687402006,-0.40677933761002455,0.806801476445077,-2.357984081625294,2.4255019018712374,0.7411647707105697,4.121617998349559,0.5106825122524863,-0.14165181492121168,-1.6915862561957624,1.5720212583428121,-3.7211446307434013,0
-2.2363736758927715,-0.4086624687425923,2.950900993609048,-1.956186580155098,-2.1947849795504517,3.0898871061965485,-3.3822567534908226,-3.2183935081778277,-3.844607295103624,0.6557986701630001,-0.13685774111937432,9.531629027717011,1
-1.1340368076502612,-0.9759787090555417,-1.7028576208215476,-2.5232859095555233,1.7982123102730565,-0.323547599904876,1.987272813215925,-1.0199131296282398,1.4786015402315906,1.275413769947404,-0.32079387713962415,-4.224161397774116,1
-1.0762472024624332,1.78317138421036,-0.5256313810508867,-2.8785471797110977,-1.6443931240059075,1.9349081221067899,3.167728918212994,-0.9040217627128382,-2.2014474628939533,-0.06940329429243773,0.2122683348144928,-0.8870794792501954,0
-1.841788790733844,0.9526078251048096,2.0552611510325294,0.7062235897267873,1.4493285647394116,-0.8380367853022714,-0.5755017516018648,2.506132853536723,-1.1251721781706063,0.5011591786083459,-1.0366860748286697,-1.8178815043680359,0
-0.8448248302422603,-0.38959984948178844,2.0449530921381593,-3.3647636720083103,-2.4619485720021412,5.52266463029049,-3.139054943116585,-6.269451516778411,-4.837009710057535,0.778678146210554,-2.820936223294359,9.430211271672457,1
0.01052482723906456,-0.6808432890249392,2.0514712670217863,0.15314667530527332,3.5138900903778074,1.62200162576704,4.907267971515757,0.7386681190037663,-0.8917994518562509,0.43082977051459587,-1.5031325387660581,-6.344617724220558,1
-4.068988359890086,0.3672969066154154,1.2278288384803049,-2.4919550820890204,0.37098156718273545,0.44385387110512875,-0.7006676859972787,0.27804979501353566,-1.8029663031386443,-0.4897551529484244,-0.016928580579382402,0.8825869759121884,1
-3.5307746902859867,-0.05608298642552775,-1.7045815955970702,-5.411086413094554,0.4445188806235081,1.1949904445706605,-0.19465926753600082,-3.186839687214738,-0.43858454309463857,0.6729952173994981,-1.0758635181762575,-0.3476985939060497,1
-1.3176482130797595,-0.5293581310277893,1.2048261547296004,-3.142811854991396,-3.4967583982890043,1.9555969852796546,-0.8620116212550852,-1.8490514426002933,-4.5080270256311605,1.733828962329417,-1.7215403297525285,4.040803201574328,1
-1.3256778367393105,-1.4191266227672055,-1.5330594587119926,-3.7741037617433513,-0.16984041613529666,-1.5574098202545112,0.2571860429273588,-2.306996846700316,1.451644359574838,0.1491623518582809,0.815773246491387,-0.18846878835566105,0
-2.506099669503114,-0.9885403706812108,-1.9374483078108486,5.75743870505197,0.9271720726278605,2.4232907215090593,-2.5431948750561366,5.27906900154012,1.4176065609679511,-1.2215195435696824,3.8523651492220186,2.154236984749173,1
-1.8178011896045467,1.4102658409682585,1.0163823498239009,-4.037440240246965,-1.851613833752205,2.1350728854490684,-0.4386180181921041,-2.679375784533584,-3.8731809328475326,0.5240573524461284,-2.5548883685838244,2.2306653593711854,1
-2.617139159053351,0.54799788193632,-1.8863347509782722,1.0698201545088453,1.0885831732635767,2.522036142816278,-0.5243295048480385,1.7860083408705212,0.2825007713701297,0.7976252851784691,1.088458431784629,-0.45363308237157257,1
-1.2332760411363397,0.5013765957371502,1.3338624774116214,-1.749312895507631,0.3845478077772315,-2.9291143064318472,-1.7052315727861485,-0.728364801438306,0.7361369669440805,-0.6418454810451774,0.2645538305927254,1.3246025106429062,0
0.4401274992490323,0.43540154148426075,4.4686162890186845,3.168227314619002,-1.0786792847808815,1.2136985237046256,3.5087648737732477,5.090652891334394,-5.036629735142724,-0.3277142647508787,-0.8808069002805519,-2.46977816720608,0
0.9354129779582656,0.1859967761256674,-0.10851572159235157,-0.39293403869060606,-1.7329090447550495,2.195840827777351,2.6687543795137936,-0.016550390688758743,-2.3729611441165694,-0.89396418540324,-0.698540475759929,-0.992591504362366,1
-0.6174417077621306,-0.6932242805771871,1.4213454520997533,-0.5482682961189498,1.0743643235055096,-2.602112281214607,1.8754596688170144,0.6902661412012789,1.4204841135024935,0.939279041483079,2.3686074474522316,-1.0847766808662418,0
-0.7988065421028118,1.275633317255964,0.9855276406436609,-3.92744414615103,-1.0325102339764116,1.9225080831210206,-0.7266218109726871,-3.9554809410915475,-2.832863326235054,-1.066231740202682,-2.926115020628873,2.350177037899943,1
1.2724360167048168,1.5542448464284544,-4.338077775566719,-1.5034134028669248,0.18929302954123917,-4.162228929888696,-1.9263497427847642,-1.9218709335511162,5.400213550545942,0.6038796562432549,1.1915888218296045,-1.1368138018375258,0
-2.4447304946236805,1.3820428599992367,-0.052455238604703025,1.4740091710953755,3.0493125483917805,1.0887742157851772,1.4539690839439758,1.9526456267932293,1.714471001273362,-0.775925321206923,2.8574993889288294,-1.4596459058980775,1
-0.1721117145807305,-0.5145077867533621,-3.891752296125829,-2.2865145077490534,0.36729180643477577,-2.111855059593662,-0.06999663360006636,-1.5816789672109144,3.728086337113179,-1.7547167800376948,1.2052739216274722,-2.015576330045831,0
-2.4897738888531764,1.1620296022269527,0.5086875249860662,-2.387484557646608,-0.2854465013936147,0.4232646707234696,-1.7415429284452575,-1.710432404590387,-0.6866415636971961,-1.119591001963398,0.4110699486796998,3.407855815028497,1
-1.666330096124827,-2.3355051966344944,3.202515062107989,-1.211002208936829,0.4313846735391472,-1.7173320300244241,1.944359491590387,1.5892083677721474,-1.7567270308982073,1.7514121982235304,0.17444083629451512,-1.6705740163606768,0
-0.278099581536154,-1.0476424861566311,-0.7108196469384314,-3.2610119311642207,-3.2534533081247172,3.0081213783346286,0.2945948624360415,-1.9647421222976866,-4.453576602984098,0.3777232299358921,-3.572613474617837,0.4935477570036583,1
-1.506316485237214,0.07803254056958944,-1.217641564909996,-1.504520314528215,0.296913827867718,0.854088658515662,2.0550563415218175,-0.37033417459531126,0.6315316680784265,1.4140927367391938,1.9326112508315525,-0.794086955251642,1
-2.285462280388675,-0.18483687778196703,-1.1839998429367475,3.0225956680395405,1.5251195180185277,1.668824422334123,-0.9806623807100256,3.104059071846553,1.1976709410747148,-0.37797649992114457,2.5214599775317277,0.4101372426653396,1
-2.1865920050909935,-1.0132193194428187,-2.0391379387893576,1.9963949489712534,1.0383594034584627,1.5581853605481324,-0.661504815932836,2.604608076611524,1.1315647896968193,-1.2462709927107227,1.9691146708198342,-0.4762648456551593,1
-2.3589814210084015,0.23961172464627162,-3.392154854007398,-4.713286036634852,2.22094791905732,-1.385102526848974,0.24282324487533347,-2.685504142397133,3.0494359045865007,-0.8513612733413006,-0.5010322219462595,-3.934150518542039,0
-2.419391892048255,0.15156647912169247,0.44347078249052607,-0.12768207685601773,2.6007412805670516,-0.44062310450562625,1.4911027728587185,1.715515931445215,0.9664696828368291,0.6596593570784706,1.2218488553768363,-3.0142970299562273,0
0.49258778283909455,-0.08781380865477309,-0.42304005585141813,0.293272016478819,0.4523436448882022,-2.5810342427910844,0.8173900163891512,-0.06053711051641164,3.168903476114104,-1.6025912980750852,3.6057401877883217,0.6930682296648437,0
0.36012902146942194,-0.3747861895595717,2.3197791502364726,0.5865681934587214,-0.6468321162718609,-0.7641020804913063,2.429506083362397,1.4565785410344094,-1.1817050336283481,0.10034759175135267,1.4242211708716872,-0.16932813777601488,0
0.6947128613646862,0.4987267762817868,0.026499933336096904,-1.839619794992062,-2.4005266776898084,0.5031402653361898,0.3518066359886467,-0.6205847787022291,-2.9233299578371743,1.6533115691389368,-2.893744684700607,-0.82748712516612,1
-1.6675226919993027,0.8911397258812286,1.8582891401911639,-2.3790444836760223,-1.5463706085077287,1.947235668730584,-1.3740371460731868,-1.9788093606609618,-3.4326715962002057,-0.9419009762199357,-1.5239365846025401,4.014301147475426,1
-1.1071978464778538,0.6231011908098384,2.7545977911864297,-1.387611501689467,-2.796952246064289,2.17644501444687,-2.8285625494458206,-2.417742846479595,-3.791212102682895,2.4586843743366122,-0.4041064117077062,8.223745262129965,1
-3.314155227354189,0.3325238229510019,-2.7213203283226055,-0.16032370273312072,-0.19227338929761761,1.1047153583866467,-2.4510761485702455,1.9478780455800138,-0.04503181399121809,1.7850158895499697,0.1031285202012382,-0.1933871475701149,1
0.13666637196001807,-0.19195646709334416,-2.0760105447319854,1.651249967594478,0.7921464232245103,0.9609080941168668,1.7982425572402092,1.6967360777427338,1.4909335998610946,1.1562210984910448,1.584504329985342,-2.6124347547065305,1
-1.3871366497130095,-0.6996978063148629,-2.238136833438571,-2.533031325858742,2.321485686678847,-3.586431092069124,-0.3406030465705101,-1.3228382167408699,4.5362316529071025,1.8970533432697996,1.6179322153153464,-2.444716315955528,0
-0.597885696586271,0.993738016281358,2.603132723459634,-0.2180659466752539,-1.380423579248947,2.0293791346394157,-1.6213427502611149,-0.7307806558909204,-3.6041315514370504,1.0742511095567344,-1.7196147468674243,3.9940121508615176,1
0.6691023094412563,-1.0528690158578045,-0.29418278533611886,1.4666108613333042,2.512398301100082,-0.19116889803876003,2.858216151288853,1.7148926453290796,1.4288421972209904,0.48469668357201656,0.05394673938722794,-5.353961821686402,0
-2.4478416273317922,1.277995672204597,-4.1288683429430195,-4.754771254686048,0.8257952012044807,-1.6993876087197788,0.8556678186256963,-1.0677621877606744,2.0483952927035576,0.5739728260635042,-0.8732812084116068,-5.56717463781328,0
-2.4847675203616113,-0.29821168601373477,-0.18879556629634942,-1.0472953634662967,2.6888080351272023,-1.3046016390787294,1.1837545036170984,0.5372922092501955,2.3133863921860724,0.4454699648427696,2.1946027573313125,-2.147090700709161,0
-2.832305544741884,-2.329944708128604,-3.5501095584916067,1.967687628007651,-0.5761520921168606,1.8713375668201881,-2.2683114755093836,3.2158562115701974,0.6946900114001529,-0.5526771850323967,2.0224255932833937,0.7982214148994116,1
-1.5290852025986053,0.07520223666007558,0.6660377705135997,0.8601450351715977,-0.8307637815263089,0.27690781007024245,-1.9589528495293502,1.2535475257539328,-0.8381638472201471,-1.132575383088997,1.0841985937050371,3.121444700844471,1
0.9324661048056868,-1.7829778577670508,2.2347354284699605,-1.1678109623001316,-3.533425307823774,1.619168660996379,-0.8549103000256029,-1.2492374280209795,-4.828446840232289,-0.34044177810914467,-2.882431560881883,3.4933549570617157,1
-2.847730709315267,0.4388290043065158,0.06569457477134999,-1.2394075147514798,3.3009992778630757,0.06147829264072735,4.084471692756883,1.5462964713890541,1.0850962970907514,-0.07986455474719384,1.6295119796101571,-5.52841579897821,0
-3.173634244169194,0.779155846741999,0.521498794363681,-2.615283779866712,0.8484390793571512,0.34627492398849735,-1.9356354391500317,-2.088771194688355,0.16688801443404216,0.6460499129015056,0.8420616216604115,3.3926473951204343,1
-3.215088185397949,0.2911844484716422,-1.6622409429805391,-5.281389432211952,3.057162450204827,-1.4795328775367618,0.2758881681583304,-3.428831480123952,2.8867405695982784,0.6131119522797052,0.13281943313452582,-2.446201040890063,0
-2.746464724134666,2.2003851619066626,1.7547267068714523,-0.5604686054272247,0.2087716520681242,0.9020805818881765,-1.5600757992614063,0.38994592425382946,-1.6945367551799588,0.42319750785850924,0.15429280071162643,2.6592302961312932,1
-0.4109617281843785,-0.17926253567047584,-0.09091930159342554,4.692288386213611,1.777745047235185,3.1001079973617656,1.0887687202207061,3.778297413248266,-0.08296630718802797,-0.031337289927140174,1.343038276149984,-1.4509764137825145,1
-1.6129228563714877,1.7210154744250474,2.5777759799792284,-0.05853767147585259,1.0485700471903467,-0.647578446175554,1.4745279441994121,2.151324309894092,-1.6263479110190733,-1.1139541720979422,-0.3405861604580218,-2.240349795601433,0
0.7918464770269871,-1.4985681304559393,3.452632024861553,-0.7757565771750154,-2.383663949070665,-1.6766778791778958,0.6223194619011759,0.10952497465201949,-2.7092339868189215,0.0653195493584684,-0.15683108460692075,2.2745524800114656,0
-2.359174680591021,0.20898925888738012,-3.620058003750702,0.9297437694015371,0.22466118139598568,0.39517564946587436,-2.3286097768019243,1.5194232444675992,2.47698417710098,1.865331375499063,2.594815785069953,1.0541430559708707,1
0.8510862612528276,0.9993554117922215,-2.481899667910798,-2.399920166410574,-1.3522509020196847,-0.9520240985469031,1.9331323319835916,-1.6388913796988376,1.3256921684547514,2.3348216913468476,0.9668339256475846,-1.399959103966317,1
-1.4014562112382205,-1.4137336472605744,-1.6792217815750587,-1.0055686979655805,1.3891881854732306,1.882588602038965,1.5514383076310838,0.15192235613219784,-0.05087474942275518,1.2428340025434943,-0.9044675702228575,-3.604507079666939,1
-2.398886117944529,1.4407145977727898,1.273366876137154,-0.28257610038686704,0.9924252502519331,0.9570747380544302,-1.2671733633750764,0.4210014267227251,-1.0997758746529918,0.7247879783265484,-0.315160549099343,1.1975619556393524,1
-1.403708554504477,0.2038307340527654,1.3719115676950482,-0.5371102546297198,1.6945991625073349,-0.5537113689424177,3.948837449736631,1.3833511649782395,0.3600235499312327,-1.14515780254648,2.233505955905727,-3.029621542453044,0
-0.38042925948389594,-0.01939991655939245,-1.3493358625245753,0.4183109653964638,2.2885874240153345,1.8276896854583633,3.1866408192651514,0.37440447976542734,1.3665194300129933,-0.0487686201955008,1.0713798946940452,-3.724012279770182,1
0.787857345731577,-0.05096895921805121,0.08431183520013175,1.5728330457075614,-2.0529323110667663,-0.012482707854272856,-0.3671395071330521,2.4338873784523525,-1.9370585134978298,1.2641712740926403,-1.021804585525453,-0.4908640100244539,1
1.7377651086522932,-0.05476669664888324,0.68827994489541,3.9058513202118768,-1.5730197177881922,0.5486880813463093,-0.30979477171899417,2.716513694473869,-0.8845784386238792,0.6578973936659169,1.036699065064074,1.6993299966815736,0
-2.2087248436557427,1.9471180163951747,-1.723278900244011,2.572980878993398,0.6051809077335563,2.290462433235507,-1.2743212131141421,2.7718509083824063,0.451684926894986,-1.0176673797632205,1.8850206866039552,0.7988456700008177,1
-1.6524468348008694,0.6707207093768993,-7.070682321182369,-4.474884032458108,0.6143527524065524,-2.5807261834438853,-0.10487775243864284,-1.0143871611621949,4.145595558141624,0.15004960588208605,-0.848022974988299,-6.9192547391486725,0
-1.011253702426332,-0.8840250981794189,1.2245926244306025,-1.045277413924546,1.1062418967925949,-1.7702818967638598,2.0712538129046183,0.2774901840454136,1.0112287357487197,0.6217581236782944,2.0901215585312576,-1.0837668190222423,0
0.8402325811399864,-0.03711133782162509,4.1067109959996015,-2.2935147078652425,-1.6739381901079466,-3.1301005061872575,3.5669060149804093,-0.7222006309078532,-1.470262286564879,-0.9919502801968249,1.845644227791533,0.9938311849739775,0
-1.4964192243438728,-0.30465870457762817,1.7955881759176215,-3.4655690162849937,0.8930359084015196,-3.2272014526184334,1.7640096330531971,-1.5623880939877826,1.2058364148664882,-1.291796224330867,1.9951353250119053,-0.16655393731137286,0
0.23446573346284416,-0.27024895699928286,-0.6879780650363165,-1.2523227518151914,1.6439643903915626,1.805851578066082,3.5051371701237164,-1.440040584318684,0.4135789635577459,-0.391956283311803,-0.19577521889349314,-3.3007123926461834,1
-1.842486100046317,-0.06619341247233783,-2.1971678812495656,2.202140529219611,0.534310126175718,1.0170811562958644,0.02683666686234565,3.165271240604546,1.3005476073575892,0.9616320919603781,2.653713679051728,-0.8579289249078264,1
-1.988057662329912,-0.23562238959253098,-1.0960043604153304,0.8105048298362206,2.5348883371259237,-0.376550449635206,-2.5343271087641828,0.9040985119498813,2.051156163421483,0.363945990536679,-0.007978060238797546,-0.7693353599363044,0
-2.905477019914711,0.6758079756761755,0.22821782427215098,-0.1295276840013795,2.0366825620810873,-0.6403237947435823,-1.0012955886338313,1.4124095524760631,0.8766905226244176,-0.13695961470635828,0.8013022088201491,-0.8049914083414288,1
-0.6458098754953442,-2.1182416877985517,-0.6476181331882397,-2.86119875349473,1.298995550995228,-1.2250927298133332,-0.06357666705746157,-3.5086199691844167,2.640695723025169,0.16758966376367962,1.4738829752747615,1.3387640791206021,0
-0.4584100811835522,-0.08721926273647981,-1.8859861613728834,2.4348517376581897,-1.9941541921102315,3.764626549272087,-1.41764725739405,2.7315655023001195,-2.810356954194411,-1.2472789300219596,-1.6573159576290484,0.158050735399413,1
0.6170767284537186,-1.106648517742882,-2.1455226723780325,-2.4204004630196705,-0.3989630865985605,-1.028971533030944,2.150811745673522,-1.2267305521374074,1.1228645484282433,-0.7536061432136096,-0.15895238788581634,-3.2588936423330948,1
-0.6019298810203941,-0.9208340310733539,-0.17909125080930188,-0.03573888716829336,-0.10904459355358154,-0.4362181189826224,-0.9435599489259825,0.4931919413479302,-0.01782009241625382,1.7165633271123484,-0.1735041879974133,0.13437874423733454,1
-1.797446524840149,-0.1555827872615169,-2.9668100495209186,-2.233520942836592,3.633548225977509,-2.341404743243113,0.8828147162623246,-0.390975991075585,4.274980159863457,0.618435506200062,0.34721196470651927,-5.98333007300456,0
-0.10234946910766607,0.6714427711028742,-1.0814115046313777,-1.2880428260461823,0.6813598472488329,-0.3221866677261698,1.8298023540578634,-0.5754813487424513,1.0369669042797085,0.20074770063243563,0.37322018996955353,-2.452531307929248,1
-0.03504576948220306,-0.1835479663548218,2.059711344803494,-1.6389065440450232,-1.3884308413744293,-0.7986010419228617,-0.836681710037686,-1.1038816536830256,-2.070512531593869,-0.3850598699820718,-1.3936518303830447,1.9866716240404538,1
0.5448849983732686,0.670160286172314,-2.6228846408380813,-0.03265455777646128,-0.11312084081680873,-2.042194237411691,1.1360176179173973,0.012061467156260663,3.684360157719675,0.00406712469379878,3.645627700259765,-0.5221204367044113,0
0.04380149338245176,0.8150159164873207,2.1456547309759704,-1.8327500976234983,-2.487837544651829,4.6330852815509616,-2.12238469727209,-3.9545251486649065,-5.019370880556613,0.34716303093212963,-3.278944567866769,6.537302952789545,1
-2.194269788232331,-0.28137065109332043,2.12764747209367,-3.7961202150742963,-2.5896854452696454,3.542166456790757,-0.2210620391574719,-2.080745024302873,-6.075137200575851,1.0287046557386972,-3.3818491567367426,2.840716781314834,1
-0.6696873563384647,0.2774966961794649,-1.9398709885597325,-0.9180210777267135,0.5243230803182679,0.2410790165904637,2.3277698318262967,0.5113624290228024,0.961839900942808,0.5553549280524989,0.8477433745000573,-3.3635679364420015,1
-0.6583512901827345,0.14028153294152532,0.4365585519723145,-3.5889148704387597,-2.0279285129408304,1.6450093360511802,1.1752679550055902,-1.1672906718625882,-4.402326122712617,1.0164799693863367,-4.183206578179874,-2.0156296605922046,1
-1.9717903823899732,-0.06585102715120039,1.9261128676403205,-4.511493347176845,-1.959413864889152,4.37147968096663,-2.1945022063714505,-5.610952545021797,-4.51517888736278,-0.12478184393718796,-2.521108590364499,7.335538429985485,1
-0.19875745332798966,-0.5987634486230868,0.46602313178383437,-2.8822299552558626,-0.9776538586020991,0.8400486649009307,1.042529701234676,-1.0613178290581646,-3.120283659509773,-0.29905240988111603,-3.8847062860197585,-2.6422469915171227,1
-1.641558554966729,0.9754923623803439,2.5954746411076437,-2.456791122807642,-2.022502447588716,2.818707060800693,-2.3996186228273744,-3.2538897933524433,-3.9513195878121823,0.9287014719329582,-1.2687489323606893,7.1600955776269295,1
-1.9267210283643128,0.1422304842068681,-0.7743887454191998,0.8029533221145099,3.4160512565553374,-0.23887108819039382,2.2698882983174107,1.7979933719720982,2.7880825436769876,-0.17894023174963422,2.7160404961793394,-3.6281259063319244,0
-1.5651745609925425,-0.8313117254656541,3.239579310010371,-0.11343805684565521,0.37857350751940455,-0.6557028020465939,0.4854290400116177,2.02551258399554,-2.5718785741787413,-1.1168201313303978,-1.10753787007992,-1.0522512846616128,0
-2.3428259679444885,-1.5630386140675137,0.9868062002667001,-4.876015200837341,0.07616452915568606,1.1772522123323919,0.7247327670932779,-2.471220576039005,-3.007953359101697,0.17562771268226632,-3.387391169625367,-1.48822670006299,1
1.006658562582756,1.0431983156291322,-0.8624967307982587,-0.8168577483178359,0.014295133879486555,1.0723988266337385,3.4959430976289534,-0.9200965719322196,0.282642776231658,-0.022358637006426183,0.7408306232997086,-2.14109610898608,1
-0.9367230971416465,1.1408145822131333,0.9116491009504568,-1.6510303787439828,-0.8358931798229606,0.2292861924718489,1.229238786837689,1.2719539153414015,-3.2657620909425416,-0.553440016800522,-3.0794189095372797,-3.512924724055173,1
-0.5888300353557343,-0.9808470466203956,1.1534008869875954,1.386771382555919,0.8624781419313547,-1.0028963293911313,1.8014479539097827,2.568421530463295,0.34700440652702746,-0.3765664856000874,1.8370079793318945,-1.7389758172045,0
0.47956817828440745,-2.2675089465970273,1.878749505680691,-0.18760645886107,-2.5698116304204217,2.612439803633951,-0.7442927107239372,-0.35555431840312923,-4.709289593324775,-0.8247784593688599,-3.019614468676637,2.4094933450330154,1
-2.615341091691154,0.012379668254104165,-2.9931182351699235,0.5568442252928001,4.675379550936566,-0.7043774881850715,-0.9635154185145984,0.44716233188202636,5.382709030926175,0.10795164816935787,2.562488691155876,-2.554108795140229,0
2.3792113467652793,1.2009775308456485,0.9518689540557328,2.0371732599823345,-1.2720910739936973,-1.4014808233307736,2.2350065116957047,1.015034266086587,0.9266569454110087,1.908134243682712,3.2187597551507086,1.2232176070951175,0
-0.36921739378514873,1.0536825557988214,-0.6078638771376025,0.7818816992276926,0.4921485535495782,2.2370601058582436,2.060599858897375,0.41766633451421886,0.07534416384170689,-0.8311387619302157,1.6169342872224548,-0.3609877669314259,0
-1.7311861920156275,-1.7132545216134494,4.135636907210198,-1.6666034256473192,0.17173620074800588,-1.0547889757452331,3.6107604266665145,1.7514346415090458,-3.0796217332866034,0.2629631636168223,-0.05269808040904178,-2.4318145354487224,0
-3.0765328661632045,-1.1936803259791082,0.34987995496834157,-2.8275695060206663,3.279864077477403,-3.384424462901354,1.0119019860177132,-0.1862949752056291,2.9460853231218675,1.0437035153137089,1.8341814253698239,-3.034828003952576,0
-2.1641095194403563,0.23100160837160613,0.9332184948145283,-3.852626979805814,0.5743222236912634,1.649648161174681,2.5772471268838695,-2.275518790215914,-1.6284032771721366,1.0212823933111863,-0.2709117225573461,-0.623382278872045,0
-1.154518861022387,-0.4580348903522705,0.17861789262095118,-3.0331021974803436,2.3332504758030526,-1.8970149381901578,-0.42094402512154994,-3.9849852925156117,3.445530618002923,0.05182836464556486,2.1620710157368244,2.108813500049583,0
-2.921930822680128,-0.20711661649751087,-1.1035549786859027,2.6734624454121865,3.105809506027393,1.8281057206036249,-1.0155008240620897,3.6898247662231745,0.6658109124660102,-0.5270840436613891,-0.058394376902540124,-3.1009709918778743,0
0.28357338790991804,1.172867320327157,-1.2588158436512162,-1.709566473287741,-0.08865301440609441,-2.3716100964585793,-0.2969703501627683,-2.2841576786486697,3.134611271162052,-0.47719875194096395,2.6294770561468077,1.8952111966138387,0
0.8744288277066066,-0.539867430292185,3.0267148070964476,-0.21183044374062693,-4.270403600088423,2.86965060304225,-1.7187332814836462,-1.148964613113816,-5.9008415756020325,-0.594756583728082,-2.545507683540138,6.2013858036699006,1
-3.0141672101297488,-1.247177960238712,0.47305588975751767,-0.4731026338052862,3.2144488890929734,0.3683017913631603,2.5385660171363535,1.7702984663722505,0.7008114778084555,-0.8610613357751137,1.2321506661136366,-4.0495553133329505,0
-0.5636288747895999,-1.583831826779838,0.7859208882372679,-1.4063560597850087,2.0284033467107117,0.5995148882039167,1.8664500714901746,-2.3656096022867135,1.365410245135415,0.900174746593495,1.6337999796913856,0.5121936888864271,0
-0.5153864155691062,0.46732540163437086,0.7094333254651661,1.5103475993449809,0.98379227203655,1.8589756349771134,2.025626150663602,1.5343966628605459,-0.6333181470383323,1.2228890691102936,0.9740415294633837,-1.098784351711157,1
-1.4429710108777762,-0.3975644529564495,0.0025912227060427284,5.027493690543156,2.0401801301428693,4.4560702539467245,1.537559320241724,4.276744859295117,-0.5238819646191305,-0.8247839900402458,2.1911483879961517,-0.904172075914629,1
-0.6683117117868975,1.5934567195599452,1.6976600378458355,0.07236084009274546,0.3664227000995822,-1.9221955226775937,2.247502678920893,0.8678396175451726,1.2371991871845884,-1.00357321532389,4.03174560150592,0.9303849531757027,0
-4.343303758701754,0.015479360574382242,1.1204757387658821,-3.2091203647886184,3.316424108951227,-2.792001427869396,-0.945295852123482,0.016122874485395622,1.326823800100706,0.040761161734919345,-0.1377223869190991,-2.3840377853549777,0
-0.5793544775346436,-1.3497762667606046,1.1742610220600287,-1.4680528983139909,-1.7430236818282734,0.8928752356280554,-0.9273916629025852,-0.8535374867997401,-2.7843719730248013,0.09663180116422272,-1.6550775113424154,2.0995389349559788,1
-0.2790291212486282,0.737957581171346,4.2984743726938115,1.0569798344701509,-2.320459218366687,1.6234552997901917,-4.0305840247209,-1.6003466846426795,-3.23879774988298,-0.326723381718589,0.5640675957337995,10.42310169855818,1
-1.2704547280889598,-0.46135198258649324,-1.9826428575202055,2.5960537777104533,2.1165093761594345,1.4686726400697931,-0.6823336715706514,2.0667685824094555,2.020102219484689,-1.238286934985373,1.4851063547460899,-1.1555179672401406,0
1.2153649173915417,0.4185108467888582,-3.2286060658250024,-0.803552226451391,-0.19433473127470613,-3.9732221587800165,-1.401374683384174,-1.8414808905632882,5.433672277780252,1.413448735616474,3.4079351165188045,1.417119501609207,0
0.20387006336850622,-2.225346676013106,-2.437553759828573,-1.6638650402967483,-0.020818111342038703,-2.4279870541930126,-0.28852276651386877,-2.049318318491457,3.871766319054686,0.3296128644439413,2.91240210241165,1.120519696856841,0
-0.7146524377314031,-1.2241348645053067,0.2762817370468291,-0.37218829353449767,2.834518876502639,-1.9451500848070702,1.4155168131206615,-0.30457137919406474,3.145848278413232,-1.062890206903062,2.357327893115566,-1.6539263088307818,0
-0.8918612385196484,0.7837775609418405,1.3709961485629718,-1.2343983648959878,1.998580592010669,-4.759962742644513,-0.8393439865250214,-1.7671442881014356,4.614153211313061,1.118678513194309,4.592275749500929,3.132433905117654,0
1.2739714470600803,0.21537280312324278,-0.3556216263755958,1.5559315653435355,1.0249182384042363,-1.1587400741714815,1.8615709720844253,0.8344218972717894,2.319306752780643,0.09933292186160406,2.229766324198332,-1.5183755104841834,0
-2.5540731430796564,1.1463936755391384,1.0576286390881835,-1.0604696106774614,1.432212521443713,-1.6307323972651762,-1.0309917968098816,1.0031935691221934,0.12462189461433078,1.9661042405839342,-0.15879261354984942,-0.9515055375302156,0
-1.2235728972906577,0.006502745109363251,-0.3926522095681674,-2.1698918826180646,1.408264251132288,-0.6511820935993212,1.4599759917715454,-1.6085538202439693,1.7587068859906536,0.8424600541142829,1.6914931730656604,-0.6095523482762926,0
-2.060621096702368,0.16912682308534108,-0.5999289911081629,0.15288568116888887,2.2491864047066894,-1.535133645870595,-3.390784819551895,0.4376867607130829,2.1334574147311423,-2.25471678523511,-0.1630924607843438,0.08061254365470222,0
-2.5292608325637214,-0.9264376722764501,-0.17264269518009656,-3.2968320350548814,2.9192994431175725,-0.22419887024355645,1.9742475740931518,-1.3809889176966041,1.0340466344881856,-1.7795431191746112,-0.2858112567986988,-3.714989727756222,0
-0.8272909694518258,-1.1584594930218473,-1.5572725549992972,-0.3018412475420252,-0.24018748549835855,1.2713105735304808,1.5526097819525346,0.6213359284027415,0.04794942953569071,2.1543057473763203,1.0579900920154275,-1.2527608672989987,0
0.12089547412396717,1.2677030807026375,1.3530170539687418,1.5241473402025947,0.3668183323280588,-1.0093595132228308,1.8835045270321173,2.133516109101771,0.27419845747062827,-0.18265114923544157,2.004735758171452,-0.9150223801407348,0
-0.6659289819681956,0.6584637180089148,1.5741494029319965,-2.2740149295399226,-3.5217895548038403,1.9170912643011184,-1.4837695709635428,-2.027393503251823,-4.198797155045215,0.5594834793029966,-1.3974408769809321,5.357578937699845,1
-2.0624691695385495,-0.12747873720364325,-0.4706345436695323,-3.6987305557731434,0.46914372752070466,0.2918577974500476,-1.1494855988499826,-3.126907243712437,0.1141521503320968,-0.9697246020084842,-0.6457196227010338,1.4850964922834091,1
-0.3589190495132355,-0.3994666894343247,2.19223814404456,-0.620020915066974,-2.3006886293989393,1.5823316577101034,-1.344282981594856,-0.6267278582576264,-3.7636237180505066,-0.6315820218576125,-1.5509379641221188,3.8947252348593775,1
-1.7769103564270023,-0.3923875799007401,-0.5741747702235622,0.6366721815881473,3.222727303024852,0.8839554275456458,1.1645173997534237,1.3787004905386633,1.2623976429388655,0.28754534190449726,0.18421615230254407,-3.7916174681733756,1
-3.0440824470905565,-0.1051754701019988,2.2232396263585987,-2.597358653138875,2.4337196903517544,-1.8166749324463765,2.514854290463844,0.6820410786731477,-0.04938516361015586,0.9253870073427786,0.6851427572583042,-3.372799940436602,0
-2.0062631004371334,-1.5607682266966907,-0.8169361619711679,-1.0341926276956506,2.314283753735774,-1.8260267597320627,0.3679542057725894,-0.07474291965037616,3.1619142044755915,-1.295055125405176,2.6437284431645507,-1.0473262867673505,0
0.6384421662018436,0.2401261237493465,1.3234040243037024,0.2950489037628944,-1.1630324720628706,0.06064013479369268,2.566994832272374,0.0728309675770531,-0.32674537778218266,-1.6140386799310917,2.958398001962996,1.9021152547969173,0
-2.6258836458723787,0.6215747591417121,0.5076038334840463,4.348385008745631,3.512172550322666,2.638498015115357,1.0072504440341625,4.634902298185418,0.5221213317203611,2.468590329113054,2.2171906660696377,-2.1653365310292543,1
-0.5296346873886646,-0.1902444933983697,-3.32082738943817,-1.5296210857476935,2.9854877859522357,-3.106133217293636,-0.40720129940005245,-1.2783225936541418,5.484209057374866,-0.777219077067954,1.257293160782099,-3.5371647566732145,0
-1.6306732910357338,-1.1981573048555356,1.5373910467836043,-0.6583998837759905,1.4966478463691306,-1.047599304374989,1.551194542906805,1.1829503699900124,-0.07479262119347367,0.39706902651827386,0.6285139428343404,-2.116310977231473,1
1.366279438774198,1.4701652515498818,-3.6230950857393838,0.6979197554418609,-1.0809540405058253,-4.257419286133908,-0.17523655173218922,1.0571927071565714,4.829129462029743,0.06623628294362444,3.983663388300444,-0.655437319363722,0
-3.873632628417514,0.8645852439183085,0.10147843581432703,-0.3119782932914752,3.603051988530444,0.032672212831611036,-1.8179788248953488,1.5294039496228622,0.6725214977222064,-0.009700237065345476,-1.0942525038194304,-2.60543576988213,0
-2.256903473325723,1.305941399875711,-0.02274343780072341,-1.5886967740453222,1.467859463371474,-0.6092645927596134,0.7041230570864099,0.349575146473464,0.48752634125201,0.012676006600809189,0.3867326568349264,-1.9924979024080216,1
1.601314995084542,0.6015823356207777,-0.5244526575787675,2.601422193172479,0.28096337142063943,0.8913137835519032,3.278457386473023,2.170209019137178,0.5407000851889807,-0.1519674940396013,1.5802259854040617,-2.7692380515689763,1
0.5177420972217848,0.004391097403525749,1.501203930198443,0.38610671975632727,-0.8601102665334868,-1.1419857318493087,1.8302876289556615,0.8832273897274028,-0.28144000173704425,0.14540151456856792,1.969582164304415,0.5943301734340375,0
0.9890979628621792,0.7767952818326094,-3.8957670478283806,0.6716203207183801,1.799762060358768,-4.869253245489617,-0.5264430678700855,1.1993220979717056,6.070545359146455,1.4265041423420595,1.9044001285653858,-4.562308712310337,0
1.1363389924633907,0.1412630812854796,1.369479085682538,0.2085477236790564,-1.6875192105589043,1.225285383483308,-0.9785335584756727,-0.5319529430076326,-2.8105934264188126,0.8210601356392846,-2.4524740797580726,1.7287951647784643,1
-0.2623256915668717,-0.04723755339053974,-2.360261752676009,-0.7754356482836902,1.464061031287967,0.2549660899884705,2.78819638463266,1.3526757398388944,0.528328452090586,0.3410292096299007,-1.7261192906277418,-7.393935091264138,0
0.26557073731604386,0.8668527291319673,0.7364157434059757,0.3508273076937754,-0.3429309894204542,-1.378014762035381,-0.24283266540063075,1.3370981956014043,-0.6530969922714795,-0.11020375041304147,-1.0026598675594787,-1.3431546557206488,1
-1.563350569908886,1.1487314149837038,0.6074398185388676,0.7101677513112397,4.2728088458290765,-4.540130683709748,1.4421406008009894,2.2466592520771584,4.750819559820913,0.8077357725400267,3.481683240890942,-4.083380997347007,0
1.7776468191810613,0.11050039274655195,0.8931580273755886,2.348313346187181,-0.8630694830598353,-1.1914497010112575,1.8281554006907976,1.6706824746813687,0.7947032167406932,1.2899972370292863,2.9198755012434674,0.741522077547633,0
-2.9441702284906164,0.24319024267749126,-1.7897650421260884,-4.075922115651264,1.3761000326854802,1.750520511585021,3.433180513694537,-0.5247157313605323,-0.985415863798559,0.14329830627949172,-1.5278848092371977,-5.938187727412006,1
-1.0684800611495098,0.4846031286352233,-4.335125748881498,-2.0951125020369648,1.611918078894424,-3.437753961312299,0.22241788907212945,-0.019969289432426596,4.792050660462224,0.009012362087999605,1.408626048510198,-4.787389719484207,0
-0.5634351589214885,0.3660595924704091,-0.45532287438253394,0.5823136837233007,0.9604462023821787,-1.6050684293151667,-1.2934147059384833,0.3447697350863176,2.2227941356028316,-1.755258799663963,1.6655799311286246,0.7907091216828398,0
-2.7635089080622315,1.0311580339858017,-3.0088443553157407,-4.538268218064817,1.3840095276885285,-1.945359477821919,0.6203119124222961,-1.8380320095749696,2.884730694690135,0.3199236000022836,1.0225279741571351,-2.9309145789230318,0
-2.741282925076682,-0.141472466070568,-1.449115905807931,-4.928804716223226,0.9596146061736114,-0.22380394695110184,1.3878420113675485,-2.1966730708192785,0.34272879170511544,0.8136214210830589,-0.6272746527876467,-2.754937077741833,0
1.7279060678078733,-0.1870577926427789,-0.6425450058622142,-1.2850287632338608,-2.5346738156653803,1.378951207594514,4.132761011906019,-0.6687651665798737,-1.7818170214573978,-0.6877714592414236,0.2937081586348276,-1.362420637774365,1
-2.1027174802896718,-0.10033760378416791,1.2919485220077296,-4.704131744523862,-1.8245476303127246,3.1732619780384472,-2.0277043476063117,-5.237549081058908,-3.4299873057519124,1.012472341477222,-1.7329129288360527,6.542441154026304,1
-1.6398541706867136,1.05584291055012,-0.6173927697617181,2.2636178748193485,0.24999040293501207,2.7165536914097754,0.8659834142649016,3.036157349962597,-1.0083690113056034,0.6168604350800884,1.271730714188184,-0.690895043105179,1
-2.3116992225343123,0.18585497169929524,2.444664504463076,-0.595155433552045,-0.6060367899428704,0.5701624105313702,-2.7598821731698084,-0.8687125729483106,-1.4740770646422292,-0.38419896560740485,1.1617994414758075,6.252708796864682,1
-2.612957216268779,0.25418052417827547,1.1055270309502478,-2.6845760467195334,3.0486996485672133,-0.8291290451869204,1.9434963164247037,-1.3107108291546303,1.476430112286753,-0.3429550459248723,1.4587466894834917,-1.6490061321834273,0
-4.440433311220228,0.6992018335488425,2.275416229061741,-4.216051234516066,4.984841071079731,-2.3635590481598423,1.3211367494119697,-1.7966635334234793,2.219222312745658,-0.4721804560838629,1.2660830371670713,-2.319202008897472,0
-2.055799546298486,-1.5655360971473844,-2.2421273400247093,-4.465513024293133,-0.2832815955979484,2.3000535601841445,2.9713778259267523,-1.6897702440115256,-1.542775555412909,0.8800209978253696,-1.5466179204528057,-3.8166879778502407,0
1.2225761751528028,-0.5099742045747915,-3.356001388010883,-1.643050589835005,-3.6146297287642115,1.3631777819941433,2.3348377628868238,0.04562009372787745,-1.6977391852230144,0.6686910614492145,-0.9968405499891035,-2.4866648304308163,0
1.0199499348141148,-0.3243571825970377,2.2764089908542653,-0.4347791179010694,-0.8054889494025679,-1.9354898963518905,4.2711257608674345,0.4165172745452005,0.048746782400618124,-0.9071906237979962,3.223057659722415,-0.2069050270957046,0
-1.0711612294038078,-1.45358632327023,1.8949892933101538,0.3833347718266251,0.270003307493505,-0.41600552709728456,0.9344146732738374,1.8156844650333277,-1.22189503435281,-1.2138441941725382,0.3951701443671958,-0.6964702952082096,0
-1.3712372221075464,-0.20666557619269588,3.4082847597328474,-0.9504778969279254,-0.8667632214419145,-2.6974756328778797,-1.2434461751490173,1.3989276222960285,-2.229478294483835,2.0646746505847577,-0.9034334702022624,0.980960533232707,0
-1.013014732341684,1.1494065494864605,-5.297986217541481,-2.3374651108589877,-0.8278030241654906,-1.2100227757574238,2.159649072647036,2.0788333027637567,1.0381854950136171,-1.1882618174867996,-1.1053108202253463,-8.108723199155023,0
-0.7899082089715126,0.43800722503564915,-1.122639784697112,2.950626188337251,2.2045229038206005,1.2993988022727987,1.6380057570166358,2.7989499974099603,1.8135910650145355,-0.5732671148361506,2.4507477801887676,-2.3880639058358315,0
-3.6470994521882565,-0.6840835621600668,3.856462933188306,-0.9576343691283682,1.7994803173448337,-0.7997672209966695,-0.37215927321173625,2.943812460953681,-3.4492957483813753,1.2622413570734066,-3.025300849696711,-3.206210523554978,0
-1.2824677754434057,-1.204848845404696,-3.4184636898348986,-3.949766077933743,0.7472560153973131,-3.839591198744026,-1.3277615076860487,-2.082156977787688,3.8846679001170465,0.5112977383293272,0.3694922293515549,-2.2092520014107615,0
0.23195713036480003,-0.6629480894477539,-0.6930927059270345,1.7052027011054343,4.791934445473141,-5.3573078793407065,-0.38502070379300135,0.6483556248198974,7.414634126834272,-1.5614131712965469,3.958513292577802,-2.4587179513789548,0
-0.8152174725908963,-0.7157224136465345,-4.323455994254322,-3.201757879091916,-1.137924832972517,1.6942353740475256,2.6217852560216253,-0.8074503028585678,-0.19960295530294617,-0.20691001324914007,-0.898419468851426,-4.455679944744471,0
-2.6220672365785904,0.4751989427654956,0.1381009088235723,5.412395183710514,3.282734840198051,3.900027061287328,0.18972746927324446,6.770925208076429,-1.8374064144441147,-1.3446085530734686,-1.5551976043800473,-5.416936038766566,0
-1.7789193458324708,0.053375731026057895,0.4288919644995831,-3.2608657788710156,0.029922316570520247,1.2177796309292688,-1.172997490123218,-3.039064975067545,-1.2247607745676892,2.080518674379725,-1.3679507915112825,2.2008133599525967,1
-0.7406046947850424,-1.5789654194552853,1.849272734274947,1.2998727882805545,-1.0566958976134624,0.15957148422889755,-1.909464541960784,1.2293457438040918,-1.5920583114951985,0.09088794685339545,0.455468356552686,3.5081570332687795,1
-0.9675075930197063,0.19002879407706721,0.6282963209780519,1.1950999693678122,0.8771033134171622,-1.61331807892093,-2.168817407200796,0.8911666005844954,1.569705921832959,1.0840642470071082,1.6941962070115417,2.11758679036889,1
0.901152303853592,-0.786844396877179,3.9104121531171145,-4.014180484941866,-2.5000410014695404,-3.7783427336186355,3.5133422640625467,-2.4632105965568485,-1.1582002245403598,1.2262915708485744,2.401120286592378,2.517881347645386,0
-1.9558414474861627,-0.41305152826001057,-2.870270206397315,-1.1867184624578178,-0.23621584122035943,0.9710369656922715,0.4383143353084561,0.7246287105305796,0.4131292955339334,-0.6972819291566486,0.6019851938389186,-1.8509231611813757,1
-1.42273804383591,-0.35710960019450894,-2.0668532800222197,-1.8807822390317006,1.4069760940674028,1.7214437454392681,3.60712423976791,0.10021879773566611,0.19602389986647872,1.1328067835867974,-0.19936977536183176,-5.279560346649368,0
-2.2143086040289375,-1.3174608941870047,3.54875945495795,-3.011452048575788,-2.3708111809030363,3.1712784069989075,-0.9759910511911049,-1.9713004171432296,-6.107509149966749,0.14608325911594836,-2.738344055247683,4.755867057267201,1
-0.32700995416388334,-0.4858382353014301,-0.6317937810586077,-1.9245261240800906,1.4218641148907765,-0.5639690173820545,0.6605527973622628,-2.535844131768389,2.176540336402685,-0.9309744354432911,1.1642305811146239,0.15326921503353144,0
-0.3175942682506889,2.0215436446951274,-2.651635740120974,-4.442272782755457,-0.3231124186896235,0.16483679965640574,2.5262545941863976,-1.9041825775135324,-0.5259068636063593,-0.48828434301036844,-2.827333863112834,-5.578315058768505,1
-3.704963918676329,0.9830788108132006,-3.0640002285850336,0.4890967021946421,1.6338886648623732,0.3822487450224573,-1.9210305028983024,2.1615465787581236,2.2914371421169406,0.33832921018178347,2.05428718801907,-0.8010406558807016,1
-1.8343578112439987,-0.09248574691428474,-1.2606081689488853,0.13591585963654992,0.21979933438588806,1.0599175751386885,0.5156018083026291,1.1663534030044256,0.4037597405612911,-0.18602302241650254,1.8079079963061273,-0.16456443981545557,1
-3.335969220810691,-0.02521009044844645,-0.058277234259298094,0.9807465303663732,3.6088554668307573,0.11739789557025437,-1.5041659584978924,2.5955967907428192,0.8479559376193616,0.17569649962574238,-0.7765129126026697,-3.1962017623501833,0
-3.554342982828943,-0.8735375495838171,2.6354208493282036,-4.0720270389943956,-1.961559961133426,3.747818571600477,-3.08443355637205,-4.609422212541415,-4.155880846790086,-0.8935614851462581,-0.3693333928662538,9.596708669281142,1
-0.5260341410230251,1.0488799065863754,-1.1024793623886333,0.05804169179755001,1.6302824750987934,-2.8332235011771143,-0.7651400909011514,-0.2467896055412515,4.129927867629868,0.11308601900224505,3.111397723844398,0.4351846494135776,0
0.7101250556602952,-0.6299536416939636,0.32967590974007377,0.1308317720492845,-1.43146775906587,-1.2141021331771749,0.3221260626717277,1.693891306880148,-1.507703130254549,0.7499728466704664,-1.5645638903116972,-2.0770043046741367,1
-1.8442640549190763,0.5863810773065281,-2.926646306099359,-4.176611607134033,0.4209660811320336,-0.7487772347339899,0.9539033553173795,-1.82393640609044,1.4105471309723554,2.891895234054207,-0.2502121454705599,-3.05718280555995,0
-3.400952454505954,-1.4770594622329507,0.21952949789133336,-3.576624846815251,2.232710328951625,1.0103721031841693,3.6587758029368063,-0.08693991920620947,-0.9496913180473727,-0.3109723860216242,-0.5369470478686527,-5.042636887559739,0
-0.4245801609206217,-0.41080406901754574,2.1579844512423385,-2.3885957959480435,-0.8371871372167041,0.40663082825748,1.3621279430504856,-3.297169880746787,-0.43375866484001324,0.5244524760013798,2.7032216909755276,5.06375827460841,0
-1.7134371727824877,-0.9225926312594952,-1.1102148024826761,0.046104286924132966,0.4132397135685727,2.5484310463534565,2.2260083732155165,0.7550561821149893,-0.08573017536142614,1.0560570233848476,2.1863388553069494,-0.48598839772907315,1
-2.854765816699313,-1.0323462638713632,0.782557406661383,-1.7479636929548454,4.181516873887619,-1.3906607747993445,2.461503011250559,-0.30238162778668554,2.872143382815139,-0.8303828826688431,2.686307008830713,-2.794685525896473,0
0.03056586293014707,0.8061549044008288,-5.463204622915148,-4.5786449002488645,-4.349460095187181,0.12796599580411328,0.6710315611179012,-1.7155096691756055,-0.7096913828151279,0.12230112443449542,-1.355019292574595,-2.0616696917399318,0
-2.278548737811316,-1.2968759076482088,0.06890922629524576,-3.772880438401049,0.1258425561998222,0.8215985142120419,2.62421995432456,-1.3788602817702218,-1.1433109217340853,-1.1750685512379626,0.21724729623262462,-1.4704657169672166,0
-0.6764141053338485,-0.19375217934860675,0.1880056218980397,0.11152346648037605,1.2474219119979415,-0.7305915138637458,2.623957879960863,0.829604371510145,1.5889477612142338,-1.0644434809104506,2.91224223354468,-1.3999572202429122,0
2.56946274496792,0.24219849632113014,-0.601569557954967,-1.1259077398385628,-2.463504783044507,1.2385244244139775,3.9905912374068313,-1.2618771716874575,-1.5044022075511867,-0.38115771821700856,-0.10398912707229413,-1.255666425398274,1
-2.0486998439249318,0.40681743538130377,0.6519988184785881,0.59299859702425,2.1602039517109675,0.4775993970686918,3.2399247514802676,2.6303314974487124,0.20354785290853414,-0.2008543335271712,1.8075799037483486,-3.7316948291297005,0
2.0263628683238206,-1.1387272000017743,0.8801731306271521,1.0818589661037077,-0.1420779868492823,-3.6486149426174777,-0.9654711370330114,-2.10979329622068,4.526261579658287,-0.03874451291670498,5.592494397543891,6.206691349088859,0
3.9935460893899597,0.2039424908709143,-1.5995678059794174,-1.5017315036726975,-2.088316454792384,1.1779632575581762,5.03662276533127,-2.663163542573904,-0.2470770257462553,2.0784560699280106,-0.1431545155161318,-2.329983936990046,1
-0.5941058016013078,-1.9189262690928512,-3.2452524630473842,-2.317605830719441,1.721184970944766,-1.6827035482935804,0.5162401297833069,-1.0212849902650274,3.031565662701331,-0.046962147105835156,-0.5166266943669278,-4.639458009138251,0
-0.5985516337285915,0.45300324345293574,-1.8454474949563076,2.5285067756311563,1.7103624066192893,2.385864231419236,1.5625484638123188,2.503997652602409,0.8365635694121254,0.5903786158932541,0.8750606405672496,-3.2147769326205005,1
0.04934440284316999,-0.056676778757789974,-2.521132816480132,-1.1296031137419165,0.7350349672271694,-2.4744962288144516,0.3692483450420979,-0.5123042218108819,3.4493722950602552,-0.7838748212635207,1.6217782082520367,-2.0600357843759802,0
-0.5766440642610758,-2.2437317598993043,0.7658814798919278,0.7181105779376945,0.6987199386944957,-0.6202102291951602,1.3360018443457777,1.3592820837452808,0.5446567323975297,-0.7877851466913498,1.8151308430820783,-0.6388850906732286,0
-0.7688981241021184,-0.983199976901041,2.6229234334636446,0.14166481440105314,-1.7917130259219316,1.8547528047566078,-3.476850017754482,-1.9494687286121053,-2.3512937894357675,-1.6700176138861327,0.49217578712926335,8.589027405600808,1
-1.521231609545841,0.5304415216447463,0.3414504802067766,0.06882038109906234,1.3211724242960905,-0.2256620946188277,0.45916673488252435,0.9878313372600867,0.5496158802547716,-0.985888121216666,1.0008588981816036,-0.9164998197167389,0
-0.37706937433334464,0.1950423346790934,-3.3310066874207696,-2.4814800642965684,1.0044669935953578,-0.4863441737670421,0.9340266273576381,-1.1928978993013286,1.8403374718941823,1.1398445179043026,-1.258208255431972,-4.614263224434287,0
-4.257829892347699,0.9158257655296167,-2.875543696465815,0.44357715602808057,6.589418948998609,-0.6114810154830429,-1.4260112975965178,1.3639918568277882,5.465016677710449,1.835573972382828,1.447231731709072,-4.830479381222175,0
-0.1526809053007434,0.44420134018342905,0.3409617853029534,1.7196819638317211,0.09754465896875208,2.7424088509332907,1.4882049094157979,1.619668711871108,-1.6958056863011783,1.3330597828806212,-0.1624696232116305,-0.8865314449116481,1
-1.1597767302021382,-1.7725731706323025,1.732103442036284,0.06242895302267467,-0.1705368297980654,0.061466957932078126,-2.8730053231529236,-1.1332347551308806,-0.23608098284566628,0.5275585305468535,1.0815601165349384,5.550062283726604,1
-2.5226181423104013,1.710498376534256,-0.3024414895576262,-0.02850467456749755,2.1285323235176277,0.5307832404684155,1.4730693163662711,1.4991129018645915,0.929440280138297,0.9201012138461444,1.7482708064000692,-2.1542016644694146,1
-4.476171346120542,-1.3930381971631551,-2.583290517145071,3.2118178522706904,3.7156499374398404,1.0301005515348944,-2.2916227224717485,3.9075145573992023,3.6321826828037507,1.1623762178037411,3.852745974644841,-0.4282259454588302,1
1.0980729900865935,1.9582808531983582,-0.4456860368290384,-1.4095289674563305,-0.6590895661656613,-2.33771586777876,-0.9517733507210042,-3.2718332069852005,3.025738910237102,0.8946269484219438,3.0103597158534043,4.420951761765403,0
-2.0013506070798908,-0.44956212908706356,3.515597232933005,-4.48277866069809,0.5520922064449363,-2.898884950095735,3.04445012214529,-1.2827163165129705,-1.0223435215781949,-0.5989383049973993,0.7655022534411511,-1.1557502855467803,0
-2.2045859771786898,0.18214634253166573,0.5275292614057991,-2.0843732667522783,2.4177833484726863,-0.13981775218297732,2.6519661270318835,-0.4259934360544997,0.8589679826088218,0.4788392180081896,1.192011899602196,-2.6664744881324944,0
-0.2513973019901289,1.6557935127544314,-2.770968422553553,6.590245072252053,-0.5077873083702704,3.6903569728324443,-0.2782401033632713,5.1777169727603285,0.9181022876246165,-1.3342480450832859,4.121213315191053,1.4729615239926785,1
-0.9919809602210499,1.1112240144011083,-2.8343104238599386,-4.176744680290892,-0.3762710838371677,-1.1122898915432666,-0.2673393638042689,-3.4275952132602336,2.1780418545366715,-0.2519796678643627,0.8184210789638517,0.40451354917053656,0
-2.0028378438971672,0.5345836288987383,1.2082335972850136,-1.5367961674045845,1.3032115974562377,-2.2572472728034514,-0.7420748135066579,0.0772236662527257,0.7176559640052744,-0.5158848977360987,0.41137711171237423,-0.28910270541385247,0
-2.629117319490809,-0.993467618551829,-1.7980481008769802,-0.39445558306213796,-0.1654311270520057,2.456362902103222,0.36233078264128127,1.1799493765219649,-0.7290186796797247,0.42780290811063804,0.935663341571177,-0.3390873496073814,1
-4.1111531622940936,0.3723251660929074,-0.32318169596277624,-1.3559898725819644,5.346784527132702,-2.367585335579504,0.8387126597417898,1.5161352775519732,3.5031797559284104,1.4774446835408042,1.2681514622779404,-5.609127867969149,1
-2.3078234566447375,0.7004293207406664,-0.9980230386460407,-4.10818384957845,0.3192555834333064,2.3305441240565017,0.002103976098960514,-2.7338782036482803,-1.7335979622352382,0.8524244007896937,-2.6731472213292418,-0.9376876184719583,1
-2.05646848474399,0.06264240320574302,2.5240500023264776,-1.9251452201435808,1.468878121417813,1.5631072630935587,3.6825959941324866,-0.648901963758923,-1.5160057587464668,-0.16653716513787817,1.155799485666253,-0.7273796947456848,0
-1.6532868523964568,0.07887695526087223,-0.38344546733391494,0.6467162415008775,0.7143358895107297,-0.8865039254919178,0.5007539818944426,3.3562716096826737,-0.25963981770244726,-0.14078508435118417,-0.29349800924054015,-3.886328991613706,1
0.14709406291305127,-0.17937767213077158,-2.0804658491804915,0.48326291600343924,2.6840444768844094,-4.4800283999488295,-0.1954036392816787,0.4329349256133701,6.021770984790088,-0.4416552446040044,3.25854030644249,-2.4167300443918807,0
-0.08425121748263353,1.3966433875591446,-0.6032779733848043,-0.6969151559492786,0.026937104791467936,-0.1145340385055511,2.1309777596239936,-0.39893010473769175,1.0452792831771898,0.2435408252130967,2.1535627271871953,-0.38699381805538835,0
-3.696494164247275,0.8719529769393867,-1.542627146505506,-5.853999544934688,2.6759180885521827,-1.5557189030910774,0.3243441256127233,-3.6182410905358626,2.6873448338607986,-1.762510532290005,0.6263438533039275,-1.7270036669071975,0
-1.6945071927669988,-1.2580036163998234,2.2493033314836914,-2.3047229112997645,-2.3743550250246823,3.0002702977926115,-2.549892401133593,-3.136272271114434,-3.909116672212626,-0.430812740548882,-0.8921454645370539,7.641419641926354,1
-4.276506448551302,-0.07258211716608223,2.8252192333112216,-3.384370297778381,2.2871915364097237,-1.9895172206664995,-1.2247765164752227,0.33003767615737944,-1.523123885541802,0.6206546115873934,-2.3142897395175615,-2.0358993241945824,0
-1.1261271547373481,-2.2308453713639027,0.9778063097230235,-0.37761706090028974,1.455165101920439,-1.758562039574541,1.8848708010067243,0.9793715146277915,1.2958467111748608,0.07199755569012628,2.1621520801395557,-1.6035172673366376,0
-2.0652632183725466,0.7869164049375198,1.2698482551833385,-1.551618685518882,-1.106432349846057,0.623261707962213,-0.9111509766024861,0.014337086301840607,-2.4170507965794608,0.5809702410805176,-0.5782207607387946,1.9659022939101702,1
-2.7911596732124067,-0.3075237864222139,-3.2099642190819972,-3.517373414745344,0.7169118257596391,2.257256654660484,4.506327286207928,0.9814120216500795,-1.2598288915537288,-1.6070574861417042,-1.57115682220083,-8.127063507315793,0
-0.05126881565601438,0.5344766180898674,-2.7412997097928553,-1.6235005944804803,2.472383661733721,-3.802299267314436,-1.2596632578228866,-2.3316816685464277,5.981045679017621,0.540999415491878,2.1826440150666433,-0.9011430983296168,0
-1.8955858087995987,0.11923582157661862,0.39221242683087354,-2.6911436110674365,2.8540037776527423,-3.322317385155001,-0.06961460946391873,-2.0243355784717307,3.6615895754638537,0.2292201216252284,2.2746168540638303,-0.15480578211206383,0
-1.6547363034538853,2.726079175015424,4.259785107667109,-0.08390437350845625,-0.39021695915532206,1.709323815706203,-2.795525214407572,-1.3285872093884148,-3.106650344610185,1.2642014235915917,-0.4092589791907183,6.896779796701729,1
-1.5498614792757115,0.33105619308420947,-0.5744633945358432,3.171367864768832,2.0170847038476643,2.724042411058934,0.564897505606948,3.0220286843296007,0.24153274444128583,-1.08567673060064,1.259937180752125,-1.425309200631421,1
-0.86747754018873,-0.060217185886228125,3.1358256953717047,-0.5135373648481906,1.560680304943263,-2.4126735098237946,1.2728306299744563,-0.7943344114414889,1.799616293223321,0.1886938882108883,3.9695403615827844,2.7049500455810165,0
0.36166601865643155,0.09536153889937966,1.2863425252762044,3.4559969951327245,0.16580543470422837,1.4665334254945306,2.0539925217336115,3.7202297191786124,-1.4893166666054332,-0.4946204922297327,0.7223391253565636,-1.7244690464897985,0
-3.407102648370401,-0.3659383305482671,0.6178201311473588,-4.814549652519508,-1.0182200829771073,3.3245071415793364,-3.0772158489786126,-5.700953391464231,-2.0116375488186904,-0.4368470438569179,-0.10441414583078701,8.245030034288765,1
-1.6745417216862268,0.15359299051132466,3.1168589466379437,-0.733398296394066,1.2194436121546448,2.7813287357473673,5.069361492954945,0.30613191757519664,-2.400756275834654,-0.4470299283059119,1.721789169448746,-0.8298925079870679,0
-2.4518705739418802,0.20872230751046214,0.34656634373404405,-0.5046632810203555,3.921127536796008,-1.7549112702262475,3.2685260311059583,2.1880254785091635,2.255479899339895,-0.16547595378243868,1.7783166957662853,-6.009079500984565,0
-1.9055312541472413,-0.6694098162854341,-1.3727866732545666,-0.4788383773284506,2.950203470011363,-1.3499535838744037,-0.3896899464844361,-0.14857818456922423,3.6096757272592996,-0.9499427307098869,2.0705255277118084,-1.313692750022643,0
-2.548518731083322,-2.111989259852429,2.2113278000225005,-1.536262309018838,-2.408960355373498,2.6745074732379175,-2.92832661670042,-1.8468086177204324,-3.5728230041968327,-1.5382560591008947,0.43891250905515755,8.251057976810499,1
-0.9369345358360143,-0.6764178649685998,-1.1057719973584295,-0.01808250494969719,1.3264966526227258,-2.5626448630289342,2.0432588709451545,1.347673727321774,3.4154946568465365,1.5017634540109466,4.027631297074592,-2.0173931748634746,0
-1.2929215518168244,-1.61542308289911,2.0058395050569255,-0.2849968508634147,0.6177655025709498,-1.8103171107855043,-0.1304693153682861,1.404279876501709,-0.5843668173545714,1.3346737841356766,-0.03951777652693922,-0.7163030310818589,0
-2.0440187203813833,-1.2039403472411556,-2.7885213574794974,-1.387102792937047,3.3935019639830104,-2.7671430724957786,1.7183098531334187,1.4312054172583049,4.054454200845577,-1.0951749181354586,1.1282481434942617,-7.029963406667503,0
-0.07571260901092991,1.0272334399200034,3.3214688620564035,-2.5408877945562343,-3.7657969843775625,4.1224768120471085,-2.2432138279759934,-4.170572041024459,-6.196426829710491,-0.7807358928627497,-3.082392940963821,8.25978864580869,0
-0.90851810317831,-0.20224371708301225,-0.9898337245044888,-2.721295365738516,-1.0317859654487116,-0.5593307936241073,1.4167018379890999,-0.9623578996496032,-0.03868536332916443,0.37152096534979345,0.7692967301615596,-0.6093630913461342,0
-0.49321830355884266,0.06338290888401146,-1.9834673078463196,-2.1045476626110884,0.5201409765859519,1.032799423260398,2.2144864452041237,-0.5486075840389828,-0.22371517432058602,0.19502800169874807,-1.6000572444388201,-4.511958609102298,1
-0.2196731504804127,-0.12548726023739562,2.473434732725127,0.4286091236958959,-0.13783214013770273,-0.6425466270942504,2.3171794094985945,1.7775858203197323,-1.4670944404523905,0.487805435792468,0.8084381216357428,-0.998350760513441,0
0.3085812134347088,0.678463799665691,1.677914743694289,2.61116501810491,2.446733420456515,0.28477163375692216,4.217634744942957,2.7335810721829032,0.7408472909721996,-1.2901495826282274,2.2319121519298775,-3.6212576698664454,0
-0.3991028228331678,-1.091935460568134,-0.43297734282549294,-1.5769417683977656,1.1965147042666473,1.0916165705223397,3.7766761365309964,-0.5788073723936686,0.043108584062328405,-0.556106760777003,0.20373504289530442,-3.6521682750787416,1
0.0719209583158733,-0.6929017956153875,1.6673238016849758,-1.3043256029686727,-0.4712577461417129,-1.4495182806081643,2.628941412628147,-0.4540410903724166,0.013164936393767056,-1.1438331387789198,2.1784318315119213,0.401193566927307,0
1.9872634424744413,0.786831080301045,0.4567287691571422,3.1994967323337966,-1.1278280883438987,0.17118307283137923,1.7217005476223244,2.0127358198078165,0.2595450177540062,-0.43300348083545387,2.6390455617195787,0.9824758757552973,0
-0.7792566537979789,0.3760310617001973,-0.33530090498990095,2.506901004858886,1.9149532918155434,-0.41116186210212013,-0.140333630009019,2.6681727429002615,1.6550134817640718,-0.32338732704310474,1.3977170792118263,-1.7119850687890175,0
